sample_id	label_zone	created_at	sample_duration	sample_interval	node1_t0	node1_t1	node1_t2	node1_t3	node1_t4	node1_t5	node1_t6	node1_t7	node1_t8	node1_t9	node1_t10	node1_t11	node1_t12	node1_t13	node1_t14	node1_t15	node1_t16	node1_t17	node1_t18	node1_t19	node1_t20	node1_t21	node1_t22	node1_t23	node1_t24	node1_t25	node1_t26	node1_t27	node1_t28	node1_t29	node1_t30	node1_t31	node1_t32	node1_t33	node1_t34	node1_t35	node1_t36	node1_t37	node1_t38	node1_t39	node1_t40	node1_t41	node1_t42	node1_t43	node1_t44	node1_t45	node1_t46	node1_t47	node1_t48	node1_t49	node2_t0	node2_t1	node2_t2	node2_t3	node2_t4	node2_t5	node2_t6	node2_t7	node2_t8	node2_t9	node2_t10	node2_t11	node2_t12	node2_t13	node2_t14	node2_t15	node2_t16	node2_t17	node2_t18	node2_t19	node2_t20	node2_t21	node2_t22	node2_t23	node2_t24	node2_t25	node2_t26	node2_t27	node2_t28	node2_t29	node2_t30	node2_t31	node2_t32	node2_t33	node2_t34	node2_t35	node2_t36	node2_t37	node2_t38	node2_t39	node2_t40	node2_t41	node2_t42	node2_t43	node2_t44	node2_t45	node2_t46	node2_t47	node2_t48	node2_t49	node3_t0	node3_t1	node3_t2	node3_t3	node3_t4	node3_t5	node3_t6	node3_t7	node3_t8	node3_t9	node3_t10	node3_t11	node3_t12	node3_t13	node3_t14	node3_t15	node3_t16	node3_t17	node3_t18	node3_t19	node3_t20	node3_t21	node3_t22	node3_t23	node3_t24	node3_t25	node3_t26	node3_t27	node3_t28	node3_t29	node3_t30	node3_t31	node3_t32	node3_t33	node3_t34	node3_t35	node3_t36	node3_t37	node3_t38	node3_t39	node3_t40	node3_t41	node3_t42	node3_t43	node3_t44	node3_t45	node3_t46	node3_t47	node3_t48	node3_t49	node4_t0	node4_t1	node4_t2	node4_t3	node4_t4	node4_t5	node4_t6	node4_t7	node4_t8	node4_t9	node4_t10	node4_t11	node4_t12	node4_t13	node4_t14	node4_t15	node4_t16	node4_t17	node4_t18	node4_t19	node4_t20	node4_t21	node4_t22	node4_t23	node4_t24	node4_t25	node4_t26	node4_t27	node4_t28	node4_t29	node4_t30	node4_t31	node4_t32	node4_t33	node4_t34	node4_t35	node4_t36	node4_t37	node4_t38	node4_t39	node4_t40	node4_t41	node4_t42	node4_t43	node4_t44	node4_t45	node4_t46	node4_t47	node4_t48	node4_t49
zone1_00001	1	2026/04/28 18:43	5	0.1	64.03	64.8	63.12	64.64	64.07	64.07	56.59	60.1	55.94	53.9	56.79	63.91	65.87	64.47	64.35	62.74	65.68	62.23	62.9	61.36	62.61	62.61	54.75	62.5	58.44	64.55	61.42	61.66	57.01	56.79	56.79	56.79	58.74	58.74	62.61	63.83	63.83	52.93	53.74	52.59	52.59	50.61	50.61	51.94	51.94	60.16	64	63.53	64.51	53.87	49.22	56.84	55.82	52.74	53.81	50.93	54.57	46.79	51.81	48.1	58.85	56.3	58.36	55.39	56.45	53.43	53.97	48.23	53.4	51.1	50.34	46.99	43.6	47.28	54.4	53.88	55.57	44.28	53.45	57.11	57.11	57.11	49.03	49.39	54.08	53.02	50.74	61.2	59.61	59.61	59.61	59.61	59.61	59.61	55.6	55.6	55.6	55.6	55.6	55.6	51.91	52.09	47.16	45.85	48.14	48.4	53.28	53.97	53.97	53.97	56.42	55	54.83	50.51	50.11	47.29	55.55	54.92	52.21	53.53	51.58	52.56	52.2	49.62	50.97	49.51	49.24	48.24	47.88	56.37	57.2	57.2	57.2	57.2	57.2	57.2	57.2	46.27	46.1	47.47	45.72	48.36	48.36	57.54	57.54	54.44	51.33	54.49	54.02	46.85	47.6	51.98	52.95	52.95	54.41	48.38	49.97	43.66	50.84	47.69	50.41	53.42	51.43	52.07	51.79	45.54	49.09	45.85	49.01	48.38	48.94	43.16	41.26	49.5	50.52	54.2	44.43	43.21	49.07	52.57	53.48	53.48	43.73	50.55	52.35	51.56	45.45	53.83	50.88	52.87	42.61	42.31	42.31	53.36	51.03	46.44	48.42	52.42	46.4	50.85
zone1_00002	1	2026/04/28 18:43	5	0.1	64.07	56.59	60.1	55.94	53.9	56.79	63.91	65.87	64.47	64.35	62.74	65.68	62.23	62.9	61.36	62.61	62.61	54.75	62.5	58.44	64.55	61.42	61.66	57.01	56.79	56.79	56.79	58.74	58.74	62.61	63.83	63.83	52.93	53.74	52.59	52.59	50.61	50.61	51.94	51.94	60.16	64	63.53	64.51	53.87	63.94	62.39	62.93	62.71	62.67	50.93	54.57	46.79	51.81	48.1	58.85	56.3	58.36	55.39	56.45	53.43	53.97	48.23	53.4	51.1	50.34	46.99	43.6	47.28	54.4	53.88	55.57	44.28	53.45	57.11	57.11	57.11	49.03	49.39	54.08	53.02	50.74	61.2	59.61	59.61	59.61	59.61	59.61	59.61	55.6	55.6	55.6	55.6	55.6	55.6	55.6	53.59	53.59	53.59	51.07	48.4	53.28	53.97	53.97	53.97	56.42	55	54.83	50.51	50.11	47.29	55.55	54.92	52.21	53.53	51.58	52.56	52.2	49.62	50.97	49.51	49.24	48.24	47.88	56.37	57.2	57.2	57.2	57.2	57.2	57.2	57.2	46.27	46.1	47.47	45.72	48.36	48.36	57.54	57.54	54.44	51.33	54.49	54.02	46.85	46.93	48.79	55.04	54.53	47.2	48.38	49.97	43.66	50.84	47.69	50.41	53.42	51.43	52.07	51.79	45.54	49.09	45.85	49.01	48.38	48.94	43.16	41.26	49.5	50.52	54.2	44.43	43.21	49.07	52.57	53.48	53.48	43.73	50.55	52.35	51.56	45.45	53.83	50.88	52.87	42.61	42.31	42.31	53.36	51.03	46.44	48.42	52.42	46.4	50.85	47.06	43.86	52.11	50.9	49.42
zone1_00003	1	2026/04/28 18:43	5	0.1	56.79	63.91	65.87	64.47	64.35	62.74	65.68	62.23	62.9	61.36	62.61	62.61	54.75	62.5	58.44	64.55	61.42	61.66	57.01	56.79	56.79	56.79	58.74	58.74	62.61	63.83	63.83	52.93	53.74	52.59	52.59	50.61	50.61	51.94	51.94	60.16	64	63.53	64.51	53.87	63.94	62.39	62.93	62.71	62.67	58.13	61.72	56.53	60.71	59.58	58.85	56.3	58.36	55.39	56.45	53.43	53.97	48.23	53.4	51.1	50.34	46.99	43.6	47.28	54.4	53.88	55.57	44.28	53.45	57.11	57.11	57.11	49.03	49.39	54.08	53.02	50.74	61.2	59.61	59.61	59.61	59.61	59.61	59.61	55.6	55.6	55.6	55.6	55.6	55.6	55.6	53.59	53.59	53.59	51.07	51.07	51.07	51.07	51.07	51.07	56.42	55	54.83	50.51	50.11	47.29	55.55	54.92	52.21	53.53	51.58	52.56	52.2	49.62	50.97	49.51	49.24	48.24	47.88	56.37	57.2	57.2	57.2	57.2	57.2	57.2	57.2	46.27	46.1	47.47	45.72	48.36	48.36	57.54	57.54	54.44	51.33	54.49	54.02	46.85	46.93	48.79	55.04	54.53	47.2	53.47	51.31	51.81	57.29	54.79	50.41	53.42	51.43	52.07	51.79	45.54	49.09	45.85	49.01	48.38	48.94	43.16	41.26	49.5	50.52	54.2	44.43	43.21	49.07	52.57	53.48	53.48	43.73	50.55	52.35	51.56	45.45	53.83	50.88	52.87	42.61	42.31	42.31	53.36	51.03	46.44	48.42	52.42	46.4	50.85	47.06	43.86	52.11	50.9	49.42	46.61	43.25	48.88	50.37	51.54
zone1_00004	1	2026/04/28 18:43	5	0.1	62.74	65.68	62.23	62.9	61.36	62.61	62.61	54.75	62.5	58.44	64.55	61.42	61.66	57.01	56.79	56.79	56.79	58.74	58.74	62.61	63.83	63.83	52.93	53.74	52.59	52.59	50.61	50.61	51.94	51.94	60.16	64	63.53	64.51	53.87	63.94	62.39	62.93	62.71	62.67	58.13	61.72	56.53	60.71	59.58	57.58	64.83	64.83	64.83	58.83	53.43	53.97	48.23	53.4	51.1	50.34	46.99	43.6	47.28	54.4	53.88	55.57	44.28	53.45	57.11	57.11	57.11	49.03	49.39	54.08	53.02	50.74	61.2	59.61	59.61	59.61	59.61	59.61	59.61	55.6	55.6	55.6	55.6	55.6	55.6	55.6	53.59	53.59	53.59	51.07	51.07	51.07	51.07	51.07	51.07	51.07	47.15	47.15	47.15	47.15	47.29	55.55	54.92	52.21	53.53	51.58	52.56	52.2	49.62	50.97	49.51	49.24	48.24	47.88	56.37	57.2	57.2	57.2	57.2	57.2	57.2	57.2	46.27	46.1	47.47	45.72	48.36	48.36	57.54	57.54	54.44	51.33	54.49	54.02	46.85	46.93	48.79	55.04	54.53	47.2	53.47	51.31	51.81	57.29	54.79	53.34	57.74	54.27	47.3	55.8	45.54	49.09	45.85	49.01	48.38	48.94	43.16	41.26	49.5	50.52	54.2	44.43	43.21	49.07	52.57	53.48	53.48	43.73	50.55	52.35	51.56	45.45	53.83	50.88	52.87	42.61	42.31	42.31	53.36	51.03	46.44	48.42	52.42	46.4	50.85	47.06	43.86	52.11	50.9	49.42	46.61	43.25	48.88	50.37	51.54	48.03	48.39	45.07	46.19	49.49
zone1_00005	1	2026/04/28 18:43	5	0.1	62.61	62.61	54.75	62.5	58.44	64.55	61.42	61.66	57.01	56.79	56.79	56.79	58.74	58.74	62.61	63.83	63.83	52.93	53.74	52.59	52.59	50.61	50.61	51.94	51.94	60.16	64	63.53	64.51	53.87	63.94	62.39	62.93	62.71	62.67	58.13	61.72	56.53	60.71	59.58	57.58	64.83	64.83	64.83	58.83	58.83	62.36	64.05	64.05	64.05	50.34	46.99	43.6	47.28	54.4	53.88	55.57	44.28	53.45	57.11	57.11	57.11	49.03	49.39	54.08	53.02	50.74	61.2	59.61	59.61	59.61	59.61	59.61	59.61	55.6	55.6	55.6	55.6	55.6	55.6	55.6	53.59	53.59	53.59	51.07	51.07	51.07	51.07	51.07	51.07	51.07	47.15	47.15	47.15	47.15	45.21	45.21	48.14	52.61	52.61	51.58	52.56	52.2	49.62	50.97	49.51	49.24	48.24	47.88	56.37	57.2	57.2	57.2	57.2	57.2	57.2	57.2	46.27	46.1	47.47	45.72	48.36	48.36	57.54	57.54	54.44	51.33	54.49	54.02	46.85	46.93	48.79	55.04	54.53	47.2	53.47	51.31	51.81	57.29	54.79	53.34	57.74	54.27	47.3	55.8	48.99	49.76	49.71	49.32	52.89	48.94	43.16	41.26	49.5	50.52	54.2	44.43	43.21	49.07	52.57	53.48	53.48	43.73	50.55	52.35	51.56	45.45	53.83	50.88	52.87	42.61	42.31	42.31	53.36	51.03	46.44	48.42	52.42	46.4	50.85	47.06	43.86	52.11	50.9	49.42	46.61	43.25	48.88	50.37	51.54	48.03	48.39	45.07	46.19	49.49	49.29	50.21	50.35	48.7	43.46
zone1_00006	1	2026/04/28 18:43	5	0.1	64.55	61.42	61.66	57.01	56.79	56.79	56.79	58.74	58.74	62.61	63.83	63.83	52.93	53.74	52.59	52.59	50.61	50.61	51.94	51.94	60.16	64	63.53	64.51	53.87	63.94	62.39	62.93	62.71	62.67	58.13	61.72	56.53	60.71	59.58	57.58	64.83	64.83	64.83	58.83	58.83	62.36	64.05	64.05	64.05	64.31	65.43	65.43	65.43	65.43	53.88	55.57	44.28	53.45	57.11	57.11	57.11	49.03	49.39	54.08	53.02	50.74	61.2	59.61	59.61	59.61	59.61	59.61	59.61	55.6	55.6	55.6	55.6	55.6	55.6	55.6	53.59	53.59	53.59	51.07	51.07	51.07	51.07	51.07	51.07	51.07	47.15	47.15	47.15	47.15	45.21	45.21	48.14	52.61	52.61	52.61	57.43	57.43	57.43	57.43	49.51	49.24	48.24	47.88	56.37	57.2	57.2	57.2	57.2	57.2	57.2	57.2	46.27	46.1	47.47	45.72	48.36	48.36	57.54	57.54	54.44	51.33	54.49	54.02	46.85	46.93	48.79	55.04	54.53	47.2	53.47	51.31	51.81	57.29	54.79	53.34	57.74	54.27	47.3	55.8	48.99	49.76	49.71	49.32	52.89	54.16	56.01	54.87	54.87	49.7	54.2	44.43	43.21	49.07	52.57	53.48	53.48	43.73	50.55	52.35	51.56	45.45	53.83	50.88	52.87	42.61	42.31	42.31	53.36	51.03	46.44	48.42	52.42	46.4	50.85	47.06	43.86	52.11	50.9	49.42	46.61	43.25	48.88	50.37	51.54	48.03	48.39	45.07	46.19	49.49	49.29	50.21	50.35	48.7	43.46	53.51	51.57	50.2	50.2	49.36
zone1_00007	1	2026/04/28 18:43	5	0.1	56.79	56.79	58.74	58.74	62.61	63.83	63.83	52.93	53.74	52.59	52.59	50.61	50.61	51.94	51.94	60.16	64	63.53	64.51	53.87	63.94	62.39	62.93	62.71	62.67	58.13	61.72	56.53	60.71	59.58	57.58	64.83	64.83	64.83	58.83	58.83	62.36	64.05	64.05	64.05	64.31	65.43	65.43	65.43	65.43	57.29	59.51	58.76	58.76	58.99	57.11	57.11	49.03	49.39	54.08	53.02	50.74	61.2	59.61	59.61	59.61	59.61	59.61	59.61	55.6	55.6	55.6	55.6	55.6	55.6	55.6	53.59	53.59	53.59	51.07	51.07	51.07	51.07	51.07	51.07	51.07	47.15	47.15	47.15	47.15	45.21	45.21	48.14	52.61	52.61	52.61	57.43	57.43	57.43	57.43	60.87	59.35	59.35	56.32	56.32	57.2	57.2	57.2	57.2	57.2	57.2	57.2	46.27	46.1	47.47	45.72	48.36	48.36	57.54	57.54	54.44	51.33	54.49	54.02	46.85	46.93	48.79	55.04	54.53	47.2	53.47	51.31	51.81	57.29	54.79	53.34	57.74	54.27	47.3	55.8	48.99	49.76	49.71	49.32	52.89	54.16	56.01	54.87	54.87	49.7	45.48	53.77	52.24	50.57	53.72	53.48	53.48	43.73	50.55	52.35	51.56	45.45	53.83	50.88	52.87	42.61	42.31	42.31	53.36	51.03	46.44	48.42	52.42	46.4	50.85	47.06	43.86	52.11	50.9	49.42	46.61	43.25	48.88	50.37	51.54	48.03	48.39	45.07	46.19	49.49	49.29	50.21	50.35	48.7	43.46	53.51	51.57	50.2	50.2	49.36	50.72	51.65	54.53	54.53	52.17
zone1_00008	1	2026/04/28 18:43	5	0.1	63.83	63.83	52.93	53.74	52.59	52.59	50.61	50.61	51.94	51.94	60.16	64	63.53	64.51	53.87	63.94	62.39	62.93	62.71	62.67	58.13	61.72	56.53	60.71	59.58	57.58	64.83	64.83	64.83	58.83	58.83	62.36	64.05	64.05	64.05	64.31	65.43	65.43	65.43	65.43	57.29	59.51	58.76	58.76	58.99	58.99	58.99	58.99	58.99	57.72	53.02	50.74	61.2	59.61	59.61	59.61	59.61	59.61	59.61	55.6	55.6	55.6	55.6	55.6	55.6	55.6	53.59	53.59	53.59	51.07	51.07	51.07	51.07	51.07	51.07	51.07	47.15	47.15	47.15	47.15	45.21	45.21	48.14	52.61	52.61	52.61	57.43	57.43	57.43	57.43	60.87	59.35	59.35	56.32	56.32	57.47	56.82	56.82	56.82	56.82	57.2	57.2	46.27	46.1	47.47	45.72	48.36	48.36	57.54	57.54	54.44	51.33	54.49	54.02	46.85	46.93	48.79	55.04	54.53	47.2	53.47	51.31	51.81	57.29	54.79	53.34	57.74	54.27	47.3	55.8	48.99	49.76	49.71	49.32	52.89	54.16	56.01	54.87	54.87	49.7	45.48	53.77	52.24	50.57	53.72	53.72	53.72	50.29	51.33	51.33	51.56	45.45	53.83	50.88	52.87	42.61	42.31	42.31	53.36	51.03	46.44	48.42	52.42	46.4	50.85	47.06	43.86	52.11	50.9	49.42	46.61	43.25	48.88	50.37	51.54	48.03	48.39	45.07	46.19	49.49	49.29	50.21	50.35	48.7	43.46	53.51	51.57	50.2	50.2	49.36	50.72	51.65	54.53	54.53	52.17	53.38	52.59	52.37	48.64	47.33
zone1_00009	1	2026/04/28 18:43	5	0.1	52.59	50.61	50.61	51.94	51.94	60.16	64	63.53	64.51	53.87	63.94	62.39	62.93	62.71	62.67	58.13	61.72	56.53	60.71	59.58	57.58	64.83	64.83	64.83	58.83	58.83	62.36	64.05	64.05	64.05	64.31	65.43	65.43	65.43	65.43	57.29	59.51	58.76	58.76	58.99	58.99	58.99	58.99	58.99	57.72	57.72	58.22	62.73	62.73	62.73	59.61	59.61	59.61	59.61	55.6	55.6	55.6	55.6	55.6	55.6	55.6	53.59	53.59	53.59	51.07	51.07	51.07	51.07	51.07	51.07	51.07	47.15	47.15	47.15	47.15	45.21	45.21	48.14	52.61	52.61	52.61	57.43	57.43	57.43	57.43	60.87	59.35	59.35	56.32	56.32	57.47	56.82	56.82	56.82	56.82	56.82	56.82	56.82	56.82	56.82	45.72	48.36	48.36	57.54	57.54	54.44	51.33	54.49	54.02	46.85	46.93	48.79	55.04	54.53	47.2	53.47	51.31	51.81	57.29	54.79	53.34	57.74	54.27	47.3	55.8	48.99	49.76	49.71	49.32	52.89	54.16	56.01	54.87	54.87	49.7	45.48	53.77	52.24	50.57	53.72	53.72	53.72	50.29	51.33	51.33	52.25	53.69	53.35	51.59	51.75	42.61	42.31	42.31	53.36	51.03	46.44	48.42	52.42	46.4	50.85	47.06	43.86	52.11	50.9	49.42	46.61	43.25	48.88	50.37	51.54	48.03	48.39	45.07	46.19	49.49	49.29	50.21	50.35	48.7	43.46	53.51	51.57	50.2	50.2	49.36	50.72	51.65	54.53	54.53	52.17	53.38	52.59	52.37	48.64	47.33	50.57	48.5	46.5	48.67	51.08
zone1_00010	1	2026/04/28 18:43	5	0.1	60.16	64	63.53	64.51	53.87	63.94	62.39	62.93	62.71	62.67	58.13	61.72	56.53	60.71	59.58	57.58	64.83	64.83	64.83	58.83	58.83	62.36	64.05	64.05	64.05	64.31	65.43	65.43	65.43	65.43	57.29	59.51	58.76	58.76	58.99	58.99	58.99	58.99	58.99	57.72	57.72	58.22	62.73	62.73	62.73	62.73	62.99	62.78	63.41	63.63	55.6	55.6	55.6	55.6	55.6	55.6	53.59	53.59	53.59	51.07	51.07	51.07	51.07	51.07	51.07	51.07	47.15	47.15	47.15	47.15	45.21	45.21	48.14	52.61	52.61	52.61	57.43	57.43	57.43	57.43	60.87	59.35	59.35	56.32	56.32	57.47	56.82	56.82	56.82	56.82	56.82	56.82	56.82	56.82	56.82	56.82	54.11	57.27	54.01	52.14	54.44	51.33	54.49	54.02	46.85	46.93	48.79	55.04	54.53	47.2	53.47	51.31	51.81	57.29	54.79	53.34	57.74	54.27	47.3	55.8	48.99	49.76	49.71	49.32	52.89	54.16	56.01	54.87	54.87	49.7	45.48	53.77	52.24	50.57	53.72	53.72	53.72	50.29	51.33	51.33	52.25	53.69	53.35	51.59	51.75	53.88	54.16	52.76	49.63	48.09	46.44	48.42	52.42	46.4	50.85	47.06	43.86	52.11	50.9	49.42	46.61	43.25	48.88	50.37	51.54	48.03	48.39	45.07	46.19	49.49	49.29	50.21	50.35	48.7	43.46	53.51	51.57	50.2	50.2	49.36	50.72	51.65	54.53	54.53	52.17	53.38	52.59	52.37	48.64	47.33	50.57	48.5	46.5	48.67	51.08	52.9	48.34	44.77	47.8	47.25
zone1_00011	1	2026/04/28 18:43	5	0.1	63.94	62.39	62.93	62.71	62.67	58.13	61.72	56.53	60.71	59.58	57.58	64.83	64.83	64.83	58.83	58.83	62.36	64.05	64.05	64.05	64.31	65.43	65.43	65.43	65.43	57.29	59.51	58.76	58.76	58.99	58.99	58.99	58.99	58.99	57.72	57.72	58.22	62.73	62.73	62.73	62.73	62.99	62.78	63.41	63.63	65.32	63.99	63.99	63.99	64.36	55.6	53.59	53.59	53.59	51.07	51.07	51.07	51.07	51.07	51.07	51.07	47.15	47.15	47.15	47.15	45.21	45.21	48.14	52.61	52.61	52.61	57.43	57.43	57.43	57.43	60.87	59.35	59.35	56.32	56.32	57.47	56.82	56.82	56.82	56.82	56.82	56.82	56.82	56.82	56.82	56.82	54.11	57.27	54.01	52.14	54.21	51.39	54.19	51.92	57.38	46.93	48.79	55.04	54.53	47.2	53.47	51.31	51.81	57.29	54.79	53.34	57.74	54.27	47.3	55.8	48.99	49.76	49.71	49.32	52.89	54.16	56.01	54.87	54.87	49.7	45.48	53.77	52.24	50.57	53.72	53.72	53.72	50.29	51.33	51.33	52.25	53.69	53.35	51.59	51.75	53.88	54.16	52.76	49.63	48.09	48.84	48.71	48.71	49.15	53.07	47.06	43.86	52.11	50.9	49.42	46.61	43.25	48.88	50.37	51.54	48.03	48.39	45.07	46.19	49.49	49.29	50.21	50.35	48.7	43.46	53.51	51.57	50.2	50.2	49.36	50.72	51.65	54.53	54.53	52.17	53.38	52.59	52.37	48.64	47.33	50.57	48.5	46.5	48.67	51.08	52.9	48.34	44.77	47.8	47.25	48.31	49.3	49.3	49.3	49.3
zone1_00012	1	2026/04/28 18:43	5	0.1	58.13	61.72	56.53	60.71	59.58	57.58	64.83	64.83	64.83	58.83	58.83	62.36	64.05	64.05	64.05	64.31	65.43	65.43	65.43	65.43	57.29	59.51	58.76	58.76	58.99	58.99	58.99	58.99	58.99	57.72	57.72	58.22	62.73	62.73	62.73	62.73	62.99	62.78	63.41	63.63	65.32	63.99	63.99	63.99	64.36	64.36	63.57	63.57	63.57	60.05	51.07	51.07	51.07	51.07	51.07	51.07	47.15	47.15	47.15	47.15	45.21	45.21	48.14	52.61	52.61	52.61	57.43	57.43	57.43	57.43	60.87	59.35	59.35	56.32	56.32	57.47	56.82	56.82	56.82	56.82	56.82	56.82	56.82	56.82	56.82	56.82	54.11	57.27	54.01	52.14	54.21	51.39	54.19	51.92	57.38	59.65	55.79	55.41	55.41	52.73	53.47	51.31	51.81	57.29	54.79	53.34	57.74	54.27	47.3	55.8	48.99	49.76	49.71	49.32	52.89	54.16	56.01	54.87	54.87	49.7	45.48	53.77	52.24	50.57	53.72	53.72	53.72	50.29	51.33	51.33	52.25	53.69	53.35	51.59	51.75	53.88	54.16	52.76	49.63	48.09	48.84	48.71	48.71	49.15	53.07	51.82	50.96	48.56	53.67	48.5	46.61	43.25	48.88	50.37	51.54	48.03	48.39	45.07	46.19	49.49	49.29	50.21	50.35	48.7	43.46	53.51	51.57	50.2	50.2	49.36	50.72	51.65	54.53	54.53	52.17	53.38	52.59	52.37	48.64	47.33	50.57	48.5	46.5	48.67	51.08	52.9	48.34	44.77	47.8	47.25	48.31	49.3	49.3	49.3	49.3	49.3	49.3	49.3	49.3	48.87
zone1_00013	1	2026/04/28 18:43	5	0.1	57.58	64.83	64.83	64.83	58.83	58.83	62.36	64.05	64.05	64.05	64.31	65.43	65.43	65.43	65.43	57.29	59.51	58.76	58.76	58.99	58.99	58.99	58.99	58.99	57.72	57.72	58.22	62.73	62.73	62.73	62.73	62.99	62.78	63.41	63.63	65.32	63.99	63.99	63.99	64.36	64.36	63.57	63.57	63.57	60.05	60.05	58.76	56.82	59.55	59.32	51.07	47.15	47.15	47.15	47.15	45.21	45.21	48.14	52.61	52.61	52.61	57.43	57.43	57.43	57.43	60.87	59.35	59.35	56.32	56.32	57.47	56.82	56.82	56.82	56.82	56.82	56.82	56.82	56.82	56.82	56.82	54.11	57.27	54.01	52.14	54.21	51.39	54.19	51.92	57.38	59.65	55.79	55.41	55.41	52.73	51.09	56.56	46.95	53.38	54.23	53.34	57.74	54.27	47.3	55.8	48.99	49.76	49.71	49.32	52.89	54.16	56.01	54.87	54.87	49.7	45.48	53.77	52.24	50.57	53.72	53.72	53.72	50.29	51.33	51.33	52.25	53.69	53.35	51.59	51.75	53.88	54.16	52.76	49.63	48.09	48.84	48.71	48.71	49.15	53.07	51.82	50.96	48.56	53.67	48.5	53.03	51.71	48.79	54.39	52.82	48.03	48.39	45.07	46.19	49.49	49.29	50.21	50.35	48.7	43.46	53.51	51.57	50.2	50.2	49.36	50.72	51.65	54.53	54.53	52.17	53.38	52.59	52.37	48.64	47.33	50.57	48.5	46.5	48.67	51.08	52.9	48.34	44.77	47.8	47.25	48.31	49.3	49.3	49.3	49.3	49.3	49.3	49.3	49.3	48.87	48.03	50.69	45.92	49.5	48.88
zone1_00014	1	2026/04/28 18:43	5	0.1	58.83	62.36	64.05	64.05	64.05	64.31	65.43	65.43	65.43	65.43	57.29	59.51	58.76	58.76	58.99	58.99	58.99	58.99	58.99	57.72	57.72	58.22	62.73	62.73	62.73	62.73	62.99	62.78	63.41	63.63	65.32	63.99	63.99	63.99	64.36	64.36	63.57	63.57	63.57	60.05	60.05	58.76	56.82	59.55	59.32	56.22	60.54	64.86	66.5	67.04	45.21	45.21	48.14	52.61	52.61	52.61	57.43	57.43	57.43	57.43	60.87	59.35	59.35	56.32	56.32	57.47	56.82	56.82	56.82	56.82	56.82	56.82	56.82	56.82	56.82	56.82	54.11	57.27	54.01	52.14	54.21	51.39	54.19	51.92	57.38	59.65	55.79	55.41	55.41	52.73	51.09	56.56	46.95	53.38	54.23	52.95	59.05	59.56	55.75	57.92	48.99	49.76	49.71	49.32	52.89	54.16	56.01	54.87	54.87	49.7	45.48	53.77	52.24	50.57	53.72	53.72	53.72	50.29	51.33	51.33	52.25	53.69	53.35	51.59	51.75	53.88	54.16	52.76	49.63	48.09	48.84	48.71	48.71	49.15	53.07	51.82	50.96	48.56	53.67	48.5	53.03	51.71	48.79	54.39	52.82	56.46	56.53	57.21	55.97	55.35	49.29	50.21	50.35	48.7	43.46	53.51	51.57	50.2	50.2	49.36	50.72	51.65	54.53	54.53	52.17	53.38	52.59	52.37	48.64	47.33	50.57	48.5	46.5	48.67	51.08	52.9	48.34	44.77	47.8	47.25	48.31	49.3	49.3	49.3	49.3	49.3	49.3	49.3	49.3	48.87	48.03	50.69	45.92	49.5	48.88	49.94	50.85	55.23	52	50.42
zone1_00015	1	2026/04/28 18:43	5	0.1	64.31	65.43	65.43	65.43	65.43	57.29	59.51	58.76	58.76	58.99	58.99	58.99	58.99	58.99	57.72	57.72	58.22	62.73	62.73	62.73	62.73	62.99	62.78	63.41	63.63	65.32	63.99	63.99	63.99	64.36	64.36	63.57	63.57	63.57	60.05	60.05	58.76	56.82	59.55	59.32	56.22	60.54	64.86	66.5	67.04	63.95	64.88	65.8	64.13	64.72	52.61	57.43	57.43	57.43	57.43	60.87	59.35	59.35	56.32	56.32	57.47	56.82	56.82	56.82	56.82	56.82	56.82	56.82	56.82	56.82	56.82	54.11	57.27	54.01	52.14	54.21	51.39	54.19	51.92	57.38	59.65	55.79	55.41	55.41	52.73	51.09	56.56	46.95	53.38	54.23	52.95	59.05	59.56	55.75	57.92	57.55	59.18	59.18	48.23	57.73	54.16	56.01	54.87	54.87	49.7	45.48	53.77	52.24	50.57	53.72	53.72	53.72	50.29	51.33	51.33	52.25	53.69	53.35	51.59	51.75	53.88	54.16	52.76	49.63	48.09	48.84	48.71	48.71	49.15	53.07	51.82	50.96	48.56	53.67	48.5	53.03	51.71	48.79	54.39	52.82	56.46	56.53	57.21	55.97	55.35	57.91	54.65	53.37	54.8	55.67	53.51	51.57	50.2	50.2	49.36	50.72	51.65	54.53	54.53	52.17	53.38	52.59	52.37	48.64	47.33	50.57	48.5	46.5	48.67	51.08	52.9	48.34	44.77	47.8	47.25	48.31	49.3	49.3	49.3	49.3	49.3	49.3	49.3	49.3	48.87	48.03	50.69	45.92	49.5	48.88	49.94	50.85	55.23	52	50.42	49.53	50.49	48.43	46.58	52.03
zone1_00016	1	2026/04/28 18:43	5	0.1	57.29	59.51	58.76	58.76	58.99	58.99	58.99	58.99	58.99	57.72	57.72	58.22	62.73	62.73	62.73	62.73	62.99	62.78	63.41	63.63	65.32	63.99	63.99	63.99	64.36	64.36	63.57	63.57	63.57	60.05	60.05	58.76	56.82	59.55	59.32	56.22	60.54	64.86	66.5	67.04	63.95	64.88	65.8	64.13	64.72	62.24	61.96	61.67	61.26	59.49	60.87	59.35	59.35	56.32	56.32	57.47	56.82	56.82	56.82	56.82	56.82	56.82	56.82	56.82	56.82	56.82	54.11	57.27	54.01	52.14	54.21	51.39	54.19	51.92	57.38	59.65	55.79	55.41	55.41	52.73	51.09	56.56	46.95	53.38	54.23	52.95	59.05	59.56	55.75	57.92	57.55	59.18	59.18	48.23	57.73	56.38	58.18	58.06	58.3	54.1	45.48	53.77	52.24	50.57	53.72	53.72	53.72	50.29	51.33	51.33	52.25	53.69	53.35	51.59	51.75	53.88	54.16	52.76	49.63	48.09	48.84	48.71	48.71	49.15	53.07	51.82	50.96	48.56	53.67	48.5	53.03	51.71	48.79	54.39	52.82	56.46	56.53	57.21	55.97	55.35	57.91	54.65	53.37	54.8	55.67	57.98	58.91	58.01	57.92	49.08	50.72	51.65	54.53	54.53	52.17	53.38	52.59	52.37	48.64	47.33	50.57	48.5	46.5	48.67	51.08	52.9	48.34	44.77	47.8	47.25	48.31	49.3	49.3	49.3	49.3	49.3	49.3	49.3	49.3	48.87	48.03	50.69	45.92	49.5	48.88	49.94	50.85	55.23	52	50.42	49.53	50.49	48.43	46.58	52.03	52.44	54.23	53.25	53.01	49.4
zone1_00017	1	2026/04/28 18:43	5	0.1	58.99	58.99	58.99	58.99	57.72	57.72	58.22	62.73	62.73	62.73	62.73	62.99	62.78	63.41	63.63	65.32	63.99	63.99	63.99	64.36	64.36	63.57	63.57	63.57	60.05	60.05	58.76	56.82	59.55	59.32	56.22	60.54	64.86	66.5	67.04	63.95	64.88	65.8	64.13	64.72	62.24	61.96	61.67	61.26	59.49	57.97	57.74	54.98	56.96	59.4	57.47	56.82	56.82	56.82	56.82	56.82	56.82	56.82	56.82	56.82	56.82	54.11	57.27	54.01	52.14	54.21	51.39	54.19	51.92	57.38	59.65	55.79	55.41	55.41	52.73	51.09	56.56	46.95	53.38	54.23	52.95	59.05	59.56	55.75	57.92	57.55	59.18	59.18	48.23	57.73	56.38	58.18	58.06	58.3	54.1	50.61	49.51	49.3	49.18	53.55	53.72	53.72	50.29	51.33	51.33	52.25	53.69	53.35	51.59	51.75	53.88	54.16	52.76	49.63	48.09	48.84	48.71	48.71	49.15	53.07	51.82	50.96	48.56	53.67	48.5	53.03	51.71	48.79	54.39	52.82	56.46	56.53	57.21	55.97	55.35	57.91	54.65	53.37	54.8	55.67	57.98	58.91	58.01	57.92	49.08	51.17	49.41	49.16	48.86	53.81	53.38	52.59	52.37	48.64	47.33	50.57	48.5	46.5	48.67	51.08	52.9	48.34	44.77	47.8	47.25	48.31	49.3	49.3	49.3	49.3	49.3	49.3	49.3	49.3	48.87	48.03	50.69	45.92	49.5	48.88	49.94	50.85	55.23	52	50.42	49.53	50.49	48.43	46.58	52.03	52.44	54.23	53.25	53.01	49.4	48.59	46.29	46.58	46.79	51.31
zone1_00018	1	2026/04/28 18:43	5	0.1	57.72	58.22	62.73	62.73	62.73	62.73	62.99	62.78	63.41	63.63	65.32	63.99	63.99	63.99	64.36	64.36	63.57	63.57	63.57	60.05	60.05	58.76	56.82	59.55	59.32	56.22	60.54	64.86	66.5	67.04	63.95	64.88	65.8	64.13	64.72	62.24	61.96	61.67	61.26	59.49	57.97	57.74	54.98	56.96	59.4	54.63	61.98	63.11	62.6	60.74	56.82	56.82	56.82	56.82	56.82	56.82	54.11	57.27	54.01	52.14	54.21	51.39	54.19	51.92	57.38	59.65	55.79	55.41	55.41	52.73	51.09	56.56	46.95	53.38	54.23	52.95	59.05	59.56	55.75	57.92	57.55	59.18	59.18	48.23	57.73	56.38	58.18	58.06	58.3	54.1	50.61	49.51	49.3	49.18	53.55	51.06	53.08	57.94	54.6	52.87	52.25	53.69	53.35	51.59	51.75	53.88	54.16	52.76	49.63	48.09	48.84	48.71	48.71	49.15	53.07	51.82	50.96	48.56	53.67	48.5	53.03	51.71	48.79	54.39	52.82	56.46	56.53	57.21	55.97	55.35	57.91	54.65	53.37	54.8	55.67	57.98	58.91	58.01	57.92	49.08	51.17	49.41	49.16	48.86	53.81	50.18	55.07	56.75	54.51	53.27	50.57	48.5	46.5	48.67	51.08	52.9	48.34	44.77	47.8	47.25	48.31	49.3	49.3	49.3	49.3	49.3	49.3	49.3	49.3	48.87	48.03	50.69	45.92	49.5	48.88	49.94	50.85	55.23	52	50.42	49.53	50.49	48.43	46.58	52.03	52.44	54.23	53.25	53.01	49.4	48.59	46.29	46.58	46.79	51.31	47.48	52.24	54.43	52.67	50.85
zone1_00019	1	2026/04/28 18:43	5	0.1	62.73	62.99	62.78	63.41	63.63	65.32	63.99	63.99	63.99	64.36	64.36	63.57	63.57	63.57	60.05	60.05	58.76	56.82	59.55	59.32	56.22	60.54	64.86	66.5	67.04	63.95	64.88	65.8	64.13	64.72	62.24	61.96	61.67	61.26	59.49	57.97	57.74	54.98	56.96	59.4	54.63	61.98	63.11	62.6	60.74	58.69	58.69	58.69	61.72	60.37	56.82	54.11	57.27	54.01	52.14	54.21	51.39	54.19	51.92	57.38	59.65	55.79	55.41	55.41	52.73	51.09	56.56	46.95	53.38	54.23	52.95	59.05	59.56	55.75	57.92	57.55	59.18	59.18	48.23	57.73	56.38	58.18	58.06	58.3	54.1	50.61	49.51	49.3	49.18	53.55	51.06	53.08	57.94	54.6	52.87	48.8	47.69	54.71	55.09	56.94	53.88	54.16	52.76	49.63	48.09	48.84	48.71	48.71	49.15	53.07	51.82	50.96	48.56	53.67	48.5	53.03	51.71	48.79	54.39	52.82	56.46	56.53	57.21	55.97	55.35	57.91	54.65	53.37	54.8	55.67	57.98	58.91	58.01	57.92	49.08	51.17	49.41	49.16	48.86	53.81	50.18	55.07	56.75	54.51	53.27	47.46	55.39	54.54	53.64	54.2	52.9	48.34	44.77	47.8	47.25	48.31	49.3	49.3	49.3	49.3	49.3	49.3	49.3	49.3	48.87	48.03	50.69	45.92	49.5	48.88	49.94	50.85	55.23	52	50.42	49.53	50.49	48.43	46.58	52.03	52.44	54.23	53.25	53.01	49.4	48.59	46.29	46.58	46.79	51.31	47.48	52.24	54.43	52.67	50.85	47.52	47.8	52.97	51.29	51.5
zone1_00020	1	2026/04/28 18:43	5	0.1	65.32	63.99	63.99	63.99	64.36	64.36	63.57	63.57	63.57	60.05	60.05	58.76	56.82	59.55	59.32	56.22	60.54	64.86	66.5	67.04	63.95	64.88	65.8	64.13	64.72	62.24	61.96	61.67	61.26	59.49	57.97	57.74	54.98	56.96	59.4	54.63	61.98	63.11	62.6	60.74	58.69	58.69	58.69	61.72	60.37	57.15	66.09	65.3	65.19	64.61	54.21	51.39	54.19	51.92	57.38	59.65	55.79	55.41	55.41	52.73	51.09	56.56	46.95	53.38	54.23	52.95	59.05	59.56	55.75	57.92	57.55	59.18	59.18	48.23	57.73	56.38	58.18	58.06	58.3	54.1	50.61	49.51	49.3	49.18	53.55	51.06	53.08	57.94	54.6	52.87	48.8	47.69	54.71	55.09	56.94	53.25	57.4	58.65	58.92	57.92	48.84	48.71	48.71	49.15	53.07	51.82	50.96	48.56	53.67	48.5	53.03	51.71	48.79	54.39	52.82	56.46	56.53	57.21	55.97	55.35	57.91	54.65	53.37	54.8	55.67	57.98	58.91	58.01	57.92	49.08	51.17	49.41	49.16	48.86	53.81	50.18	55.07	56.75	54.51	53.27	47.46	55.39	54.54	53.64	54.2	49.95	50.49	57.16	58.07	56.28	48.31	49.3	49.3	49.3	49.3	49.3	49.3	49.3	49.3	48.87	48.03	50.69	45.92	49.5	48.88	49.94	50.85	55.23	52	50.42	49.53	50.49	48.43	46.58	52.03	52.44	54.23	53.25	53.01	49.4	48.59	46.29	46.58	46.79	51.31	47.48	52.24	54.43	52.67	50.85	47.52	47.8	52.97	51.29	51.5	50.7	57.06	56.84	56.32	55.42
zone1_00021	1	2026/04/28 18:43	5	0.1	64.36	63.57	63.57	63.57	60.05	60.05	58.76	56.82	59.55	59.32	56.22	60.54	64.86	66.5	67.04	63.95	64.88	65.8	64.13	64.72	62.24	61.96	61.67	61.26	59.49	57.97	57.74	54.98	56.96	59.4	54.63	61.98	63.11	62.6	60.74	58.69	58.69	58.69	61.72	60.37	57.15	66.09	65.3	65.19	64.61	60.74	59.07	63.84	61.67	60.99	59.65	55.79	55.41	55.41	52.73	51.09	56.56	46.95	53.38	54.23	52.95	59.05	59.56	55.75	57.92	57.55	59.18	59.18	48.23	57.73	56.38	58.18	58.06	58.3	54.1	50.61	49.51	49.3	49.18	53.55	51.06	53.08	57.94	54.6	52.87	48.8	47.69	54.71	55.09	56.94	53.25	57.4	58.65	58.92	57.92	56.11	52.65	58.38	58.03	57.53	51.82	50.96	48.56	53.67	48.5	53.03	51.71	48.79	54.39	52.82	56.46	56.53	57.21	55.97	55.35	57.91	54.65	53.37	54.8	55.67	57.98	58.91	58.01	57.92	49.08	51.17	49.41	49.16	48.86	53.81	50.18	55.07	56.75	54.51	53.27	47.46	55.39	54.54	53.64	54.2	49.95	50.49	57.16	58.07	56.28	52.6	54.33	56.71	54.69	51.9	49.3	49.3	49.3	49.3	48.87	48.03	50.69	45.92	49.5	48.88	49.94	50.85	55.23	52	50.42	49.53	50.49	48.43	46.58	52.03	52.44	54.23	53.25	53.01	49.4	48.59	46.29	46.58	46.79	51.31	47.48	52.24	54.43	52.67	50.85	47.52	47.8	52.97	51.29	51.5	50.7	57.06	56.84	56.32	55.42	51.07	50.38	55.1	53.7	49.67
zone1_00022	1	2026/04/28 18:43	5	0.1	60.05	58.76	56.82	59.55	59.32	56.22	60.54	64.86	66.5	67.04	63.95	64.88	65.8	64.13	64.72	62.24	61.96	61.67	61.26	59.49	57.97	57.74	54.98	56.96	59.4	54.63	61.98	63.11	62.6	60.74	58.69	58.69	58.69	61.72	60.37	57.15	66.09	65.3	65.19	64.61	60.74	59.07	63.84	61.67	60.99	58.28	56.39	52.92	64.1	61	51.09	56.56	46.95	53.38	54.23	52.95	59.05	59.56	55.75	57.92	57.55	59.18	59.18	48.23	57.73	56.38	58.18	58.06	58.3	54.1	50.61	49.51	49.3	49.18	53.55	51.06	53.08	57.94	54.6	52.87	48.8	47.69	54.71	55.09	56.94	53.25	57.4	58.65	58.92	57.92	56.11	52.65	58.38	58.03	57.53	53.7	53.7	44.3	56.28	55.39	53.03	51.71	48.79	54.39	52.82	56.46	56.53	57.21	55.97	55.35	57.91	54.65	53.37	54.8	55.67	57.98	58.91	58.01	57.92	49.08	51.17	49.41	49.16	48.86	53.81	50.18	55.07	56.75	54.51	53.27	47.46	55.39	54.54	53.64	54.2	49.95	50.49	57.16	58.07	56.28	52.6	54.33	56.71	54.69	51.9	50.5	49.82	56.44	57.48	54.27	48.03	50.69	45.92	49.5	48.88	49.94	50.85	55.23	52	50.42	49.53	50.49	48.43	46.58	52.03	52.44	54.23	53.25	53.01	49.4	48.59	46.29	46.58	46.79	51.31	47.48	52.24	54.43	52.67	50.85	47.52	47.8	52.97	51.29	51.5	50.7	57.06	56.84	56.32	55.42	51.07	50.38	55.1	53.7	49.67	47.64	42.79	55.66	55.71	53.44
zone1_00023	1	2026/04/28 18:43	5	0.1	56.22	60.54	64.86	66.5	67.04	63.95	64.88	65.8	64.13	64.72	62.24	61.96	61.67	61.26	59.49	57.97	57.74	54.98	56.96	59.4	54.63	61.98	63.11	62.6	60.74	58.69	58.69	58.69	61.72	60.37	57.15	66.09	65.3	65.19	64.61	60.74	59.07	63.84	61.67	60.99	58.28	56.39	52.92	64.1	61	63.04	61.58	60.9	60.9	60.9	52.95	59.05	59.56	55.75	57.92	57.55	59.18	59.18	48.23	57.73	56.38	58.18	58.06	58.3	54.1	50.61	49.51	49.3	49.18	53.55	51.06	53.08	57.94	54.6	52.87	48.8	47.69	54.71	55.09	56.94	53.25	57.4	58.65	58.92	57.92	56.11	52.65	58.38	58.03	57.53	53.7	53.7	44.3	56.28	55.39	56.03	55.31	54.24	53.57	53.67	56.46	56.53	57.21	55.97	55.35	57.91	54.65	53.37	54.8	55.67	57.98	58.91	58.01	57.92	49.08	51.17	49.41	49.16	48.86	53.81	50.18	55.07	56.75	54.51	53.27	47.46	55.39	54.54	53.64	54.2	49.95	50.49	57.16	58.07	56.28	52.6	54.33	56.71	54.69	51.9	50.5	49.82	56.44	57.48	54.27	54.89	53.84	56.4	54.42	56.43	49.94	50.85	55.23	52	50.42	49.53	50.49	48.43	46.58	52.03	52.44	54.23	53.25	53.01	49.4	48.59	46.29	46.58	46.79	51.31	47.48	52.24	54.43	52.67	50.85	47.52	47.8	52.97	51.29	51.5	50.7	57.06	56.84	56.32	55.42	51.07	50.38	55.1	53.7	49.67	47.64	42.79	55.66	55.71	53.44	54.37	53.67	54.35	53.64	55.59
zone1_00024	1	2026/04/28 18:43	5	0.1	63.95	64.88	65.8	64.13	64.72	62.24	61.96	61.67	61.26	59.49	57.97	57.74	54.98	56.96	59.4	54.63	61.98	63.11	62.6	60.74	58.69	58.69	58.69	61.72	60.37	57.15	66.09	65.3	65.19	64.61	60.74	59.07	63.84	61.67	60.99	58.28	56.39	52.92	64.1	61	63.04	61.58	60.9	60.9	60.9	60.9	60.9	60.63	57.43	56.35	57.55	59.18	59.18	48.23	57.73	56.38	58.18	58.06	58.3	54.1	50.61	49.51	49.3	49.18	53.55	51.06	53.08	57.94	54.6	52.87	48.8	47.69	54.71	55.09	56.94	53.25	57.4	58.65	58.92	57.92	56.11	52.65	58.38	58.03	57.53	53.7	53.7	44.3	56.28	55.39	56.03	55.31	54.24	53.57	53.67	52.23	56.7	52.54	50.61	49.43	57.91	54.65	53.37	54.8	55.67	57.98	58.91	58.01	57.92	49.08	51.17	49.41	49.16	48.86	53.81	50.18	55.07	56.75	54.51	53.27	47.46	55.39	54.54	53.64	54.2	49.95	50.49	57.16	58.07	56.28	52.6	54.33	56.71	54.69	51.9	50.5	49.82	56.44	57.48	54.27	54.89	53.84	56.4	54.42	56.43	59.53	59.55	52	51.42	51.04	49.53	50.49	48.43	46.58	52.03	52.44	54.23	53.25	53.01	49.4	48.59	46.29	46.58	46.79	51.31	47.48	52.24	54.43	52.67	50.85	47.52	47.8	52.97	51.29	51.5	50.7	57.06	56.84	56.32	55.42	51.07	50.38	55.1	53.7	49.67	47.64	42.79	55.66	55.71	53.44	54.37	53.67	54.35	53.64	55.59	55.51	55.57	53.63	49	48.29
zone1_00025	1	2026/04/28 18:43	5	0.1	62.24	61.96	61.67	61.26	59.49	57.97	57.74	54.98	56.96	59.4	54.63	61.98	63.11	62.6	60.74	58.69	58.69	58.69	61.72	60.37	57.15	66.09	65.3	65.19	64.61	60.74	59.07	63.84	61.67	60.99	58.28	56.39	52.92	64.1	61	63.04	61.58	60.9	60.9	60.9	60.9	60.9	60.63	57.43	56.35	62.77	61.35	60.07	62.44	56.52	56.38	58.18	58.06	58.3	54.1	50.61	49.51	49.3	49.18	53.55	51.06	53.08	57.94	54.6	52.87	48.8	47.69	54.71	55.09	56.94	53.25	57.4	58.65	58.92	57.92	56.11	52.65	58.38	58.03	57.53	53.7	53.7	44.3	56.28	55.39	56.03	55.31	54.24	53.57	53.67	52.23	56.7	52.54	50.61	49.43	55.98	52.14	51.69	55.37	50.33	57.98	58.91	58.01	57.92	49.08	51.17	49.41	49.16	48.86	53.81	50.18	55.07	56.75	54.51	53.27	47.46	55.39	54.54	53.64	54.2	49.95	50.49	57.16	58.07	56.28	52.6	54.33	56.71	54.69	51.9	50.5	49.82	56.44	57.48	54.27	54.89	53.84	56.4	54.42	56.43	59.53	59.55	52	51.42	51.04	58.99	58.3	58.35	56.74	50.38	52.44	54.23	53.25	53.01	49.4	48.59	46.29	46.58	46.79	51.31	47.48	52.24	54.43	52.67	50.85	47.52	47.8	52.97	51.29	51.5	50.7	57.06	56.84	56.32	55.42	51.07	50.38	55.1	53.7	49.67	47.64	42.79	55.66	55.71	53.44	54.37	53.67	54.35	53.64	55.59	55.51	55.57	53.63	49	48.29	53.75	53.93	54.6	54.64	49.15
zone1_00026	1	2026/04/28 18:43	5	0.1	57.97	57.74	54.98	56.96	59.4	54.63	61.98	63.11	62.6	60.74	58.69	58.69	58.69	61.72	60.37	57.15	66.09	65.3	65.19	64.61	60.74	59.07	63.84	61.67	60.99	58.28	56.39	52.92	64.1	61	63.04	61.58	60.9	60.9	60.9	60.9	60.9	60.63	57.43	56.35	62.77	61.35	60.07	62.44	56.52	55.66	58.01	58.68	59.07	58.65	50.61	49.51	49.3	49.18	53.55	51.06	53.08	57.94	54.6	52.87	48.8	47.69	54.71	55.09	56.94	53.25	57.4	58.65	58.92	57.92	56.11	52.65	58.38	58.03	57.53	53.7	53.7	44.3	56.28	55.39	56.03	55.31	54.24	53.57	53.67	52.23	56.7	52.54	50.61	49.43	55.98	52.14	51.69	55.37	50.33	50.68	52.63	52.35	52.83	50.62	51.17	49.41	49.16	48.86	53.81	50.18	55.07	56.75	54.51	53.27	47.46	55.39	54.54	53.64	54.2	49.95	50.49	57.16	58.07	56.28	52.6	54.33	56.71	54.69	51.9	50.5	49.82	56.44	57.48	54.27	54.89	53.84	56.4	54.42	56.43	59.53	59.55	52	51.42	51.04	58.99	58.3	58.35	56.74	50.38	47.84	51.93	52.22	53.61	51.24	48.59	46.29	46.58	46.79	51.31	47.48	52.24	54.43	52.67	50.85	47.52	47.8	52.97	51.29	51.5	50.7	57.06	56.84	56.32	55.42	51.07	50.38	55.1	53.7	49.67	47.64	42.79	55.66	55.71	53.44	54.37	53.67	54.35	53.64	55.59	55.51	55.57	53.63	49	48.29	53.75	53.93	54.6	54.64	49.15	47.18	49.86	49.29	50.69	48.78
zone1_00027	1	2026/04/28 18:43	5	0.1	54.63	61.98	63.11	62.6	60.74	58.69	58.69	58.69	61.72	60.37	57.15	66.09	65.3	65.19	64.61	60.74	59.07	63.84	61.67	60.99	58.28	56.39	52.92	64.1	61	63.04	61.58	60.9	60.9	60.9	60.9	60.9	60.63	57.43	56.35	62.77	61.35	60.07	62.44	56.52	55.66	58.01	58.68	59.07	58.65	59.98	59.83	62.75	61.7	60.25	51.06	53.08	57.94	54.6	52.87	48.8	47.69	54.71	55.09	56.94	53.25	57.4	58.65	58.92	57.92	56.11	52.65	58.38	58.03	57.53	53.7	53.7	44.3	56.28	55.39	56.03	55.31	54.24	53.57	53.67	52.23	56.7	52.54	50.61	49.43	55.98	52.14	51.69	55.37	50.33	50.68	52.63	52.35	52.83	50.62	50.22	56.18	58.44	54.38	51.62	50.18	55.07	56.75	54.51	53.27	47.46	55.39	54.54	53.64	54.2	49.95	50.49	57.16	58.07	56.28	52.6	54.33	56.71	54.69	51.9	50.5	49.82	56.44	57.48	54.27	54.89	53.84	56.4	54.42	56.43	59.53	59.55	52	51.42	51.04	58.99	58.3	58.35	56.74	50.38	47.84	51.93	52.22	53.61	51.24	54.56	56.9	55.65	54.19	52.65	47.48	52.24	54.43	52.67	50.85	47.52	47.8	52.97	51.29	51.5	50.7	57.06	56.84	56.32	55.42	51.07	50.38	55.1	53.7	49.67	47.64	42.79	55.66	55.71	53.44	54.37	53.67	54.35	53.64	55.59	55.51	55.57	53.63	49	48.29	53.75	53.93	54.6	54.64	49.15	47.18	49.86	49.29	50.69	48.78	47.26	51.85	52.51	52.56	53.11
zone1_00028	1	2026/04/28 18:43	5	0.1	58.69	58.69	58.69	61.72	60.37	57.15	66.09	65.3	65.19	64.61	60.74	59.07	63.84	61.67	60.99	58.28	56.39	52.92	64.1	61	63.04	61.58	60.9	60.9	60.9	60.9	60.9	60.63	57.43	56.35	62.77	61.35	60.07	62.44	56.52	55.66	58.01	58.68	59.07	58.65	59.98	59.83	62.75	61.7	60.25	57.97	58.99	58.4	58.4	58.4	48.8	47.69	54.71	55.09	56.94	53.25	57.4	58.65	58.92	57.92	56.11	52.65	58.38	58.03	57.53	53.7	53.7	44.3	56.28	55.39	56.03	55.31	54.24	53.57	53.67	52.23	56.7	52.54	50.61	49.43	55.98	52.14	51.69	55.37	50.33	50.68	52.63	52.35	52.83	50.62	50.22	56.18	58.44	54.38	51.62	49.35	51.06	49.24	48.59	46.82	47.46	55.39	54.54	53.64	54.2	49.95	50.49	57.16	58.07	56.28	52.6	54.33	56.71	54.69	51.9	50.5	49.82	56.44	57.48	54.27	54.89	53.84	56.4	54.42	56.43	59.53	59.55	52	51.42	51.04	58.99	58.3	58.35	56.74	50.38	47.84	51.93	52.22	53.61	51.24	54.56	56.9	55.65	54.19	52.65	48.36	55.84	53.48	51.89	50.65	47.52	47.8	52.97	51.29	51.5	50.7	57.06	56.84	56.32	55.42	51.07	50.38	55.1	53.7	49.67	47.64	42.79	55.66	55.71	53.44	54.37	53.67	54.35	53.64	55.59	55.51	55.57	53.63	49	48.29	53.75	53.93	54.6	54.64	49.15	47.18	49.86	49.29	50.69	48.78	47.26	51.85	52.51	52.56	53.11	47.83	53.05	51.51	48.7	50.13
zone1_00029	1	2026/04/28 18:43	5	0.1	57.15	66.09	65.3	65.19	64.61	60.74	59.07	63.84	61.67	60.99	58.28	56.39	52.92	64.1	61	63.04	61.58	60.9	60.9	60.9	60.9	60.9	60.63	57.43	56.35	62.77	61.35	60.07	62.44	56.52	55.66	58.01	58.68	59.07	58.65	59.98	59.83	62.75	61.7	60.25	57.97	58.99	58.4	58.4	58.4	58.4	58.4	57.3	59.98	60.12	53.25	57.4	58.65	58.92	57.92	56.11	52.65	58.38	58.03	57.53	53.7	53.7	44.3	56.28	55.39	56.03	55.31	54.24	53.57	53.67	52.23	56.7	52.54	50.61	49.43	55.98	52.14	51.69	55.37	50.33	50.68	52.63	52.35	52.83	50.62	50.22	56.18	58.44	54.38	51.62	49.35	51.06	49.24	48.59	46.82	49.88	50.48	49.38	50.57	56.37	49.95	50.49	57.16	58.07	56.28	52.6	54.33	56.71	54.69	51.9	50.5	49.82	56.44	57.48	54.27	54.89	53.84	56.4	54.42	56.43	59.53	59.55	52	51.42	51.04	58.99	58.3	58.35	56.74	50.38	47.84	51.93	52.22	53.61	51.24	54.56	56.9	55.65	54.19	52.65	48.36	55.84	53.48	51.89	50.65	50.69	51.5	51.22	54.65	55.92	50.7	57.06	56.84	56.32	55.42	51.07	50.38	55.1	53.7	49.67	47.64	42.79	55.66	55.71	53.44	54.37	53.67	54.35	53.64	55.59	55.51	55.57	53.63	49	48.29	53.75	53.93	54.6	54.64	49.15	47.18	49.86	49.29	50.69	48.78	47.26	51.85	52.51	52.56	53.11	47.83	53.05	51.51	48.7	50.13	49.09	47.9	48.81	51.31	52.56
zone1_00030	1	2026/04/28 18:43	5	0.1	60.74	59.07	63.84	61.67	60.99	58.28	56.39	52.92	64.1	61	63.04	61.58	60.9	60.9	60.9	60.9	60.9	60.63	57.43	56.35	62.77	61.35	60.07	62.44	56.52	55.66	58.01	58.68	59.07	58.65	59.98	59.83	62.75	61.7	60.25	57.97	58.99	58.4	58.4	58.4	58.4	58.4	57.3	59.98	60.12	59.25	60.65	62.05	62.08	63	56.11	52.65	58.38	58.03	57.53	53.7	53.7	44.3	56.28	55.39	56.03	55.31	54.24	53.57	53.67	52.23	56.7	52.54	50.61	49.43	55.98	52.14	51.69	55.37	50.33	50.68	52.63	52.35	52.83	50.62	50.22	56.18	58.44	54.38	51.62	49.35	51.06	49.24	48.59	46.82	49.88	50.48	49.38	50.57	56.37	54.59	53.82	55.85	52.64	56.35	52.6	54.33	56.71	54.69	51.9	50.5	49.82	56.44	57.48	54.27	54.89	53.84	56.4	54.42	56.43	59.53	59.55	52	51.42	51.04	58.99	58.3	58.35	56.74	50.38	47.84	51.93	52.22	53.61	51.24	54.56	56.9	55.65	54.19	52.65	48.36	55.84	53.48	51.89	50.65	50.69	51.5	51.22	54.65	55.92	51.18	52.16	57.39	56.6	56.31	51.07	50.38	55.1	53.7	49.67	47.64	42.79	55.66	55.71	53.44	54.37	53.67	54.35	53.64	55.59	55.51	55.57	53.63	49	48.29	53.75	53.93	54.6	54.64	49.15	47.18	49.86	49.29	50.69	48.78	47.26	51.85	52.51	52.56	53.11	47.83	53.05	51.51	48.7	50.13	49.09	47.9	48.81	51.31	52.56	50.15	49.75	53.08	53.5	55.04
zone1_00031	1	2026/04/28 18:43	5	0.1	58.28	56.39	52.92	64.1	61	63.04	61.58	60.9	60.9	60.9	60.9	60.9	60.63	57.43	56.35	62.77	61.35	60.07	62.44	56.52	55.66	58.01	58.68	59.07	58.65	59.98	59.83	62.75	61.7	60.25	57.97	58.99	58.4	58.4	58.4	58.4	58.4	57.3	59.98	60.12	59.25	60.65	62.05	62.08	63	63.43	63.43	63.43	63.43	63.43	53.7	53.7	44.3	56.28	55.39	56.03	55.31	54.24	53.57	53.67	52.23	56.7	52.54	50.61	49.43	55.98	52.14	51.69	55.37	50.33	50.68	52.63	52.35	52.83	50.62	50.22	56.18	58.44	54.38	51.62	49.35	51.06	49.24	48.59	46.82	49.88	50.48	49.38	50.57	56.37	54.59	53.82	55.85	52.64	56.35	56.56	58.68	61.04	60.9	60.9	50.5	49.82	56.44	57.48	54.27	54.89	53.84	56.4	54.42	56.43	59.53	59.55	52	51.42	51.04	58.99	58.3	58.35	56.74	50.38	47.84	51.93	52.22	53.61	51.24	54.56	56.9	55.65	54.19	52.65	48.36	55.84	53.48	51.89	50.65	50.69	51.5	51.22	54.65	55.92	51.18	52.16	57.39	56.6	56.31	55.22	54.98	53.87	54.66	54.66	47.64	42.79	55.66	55.71	53.44	54.37	53.67	54.35	53.64	55.59	55.51	55.57	53.63	49	48.29	53.75	53.93	54.6	54.64	49.15	47.18	49.86	49.29	50.69	48.78	47.26	51.85	52.51	52.56	53.11	47.83	53.05	51.51	48.7	50.13	49.09	47.9	48.81	51.31	52.56	50.15	49.75	53.08	53.5	55.04	53.5	51.82	52.01	48.25	55.03
zone1_00032	1	2026/04/28 18:43	5	0.1	63.04	61.58	60.9	60.9	60.9	60.9	60.9	60.63	57.43	56.35	62.77	61.35	60.07	62.44	56.52	55.66	58.01	58.68	59.07	58.65	59.98	59.83	62.75	61.7	60.25	57.97	58.99	58.4	58.4	58.4	58.4	58.4	57.3	59.98	60.12	59.25	60.65	62.05	62.08	63	63.43	63.43	63.43	63.43	63.43	63.43	66.09	66.17	63.89	63.89	56.03	55.31	54.24	53.57	53.67	52.23	56.7	52.54	50.61	49.43	55.98	52.14	51.69	55.37	50.33	50.68	52.63	52.35	52.83	50.62	50.22	56.18	58.44	54.38	51.62	49.35	51.06	49.24	48.59	46.82	49.88	50.48	49.38	50.57	56.37	54.59	53.82	55.85	52.64	56.35	56.56	58.68	61.04	60.9	60.9	60.9	56.31	53.61	59.43	60.96	54.89	53.84	56.4	54.42	56.43	59.53	59.55	52	51.42	51.04	58.99	58.3	58.35	56.74	50.38	47.84	51.93	52.22	53.61	51.24	54.56	56.9	55.65	54.19	52.65	48.36	55.84	53.48	51.89	50.65	50.69	51.5	51.22	54.65	55.92	51.18	52.16	57.39	56.6	56.31	55.22	54.98	53.87	54.66	54.66	53.43	55.94	58.49	57.46	58.35	54.37	53.67	54.35	53.64	55.59	55.51	55.57	53.63	49	48.29	53.75	53.93	54.6	54.64	49.15	47.18	49.86	49.29	50.69	48.78	47.26	51.85	52.51	52.56	53.11	47.83	53.05	51.51	48.7	50.13	49.09	47.9	48.81	51.31	52.56	50.15	49.75	53.08	53.5	55.04	53.5	51.82	52.01	48.25	55.03	55.36	54.68	54.2	53.62	55.32
zone1_00033	1	2026/04/28 18:43	5	0.1	60.9	60.9	60.63	57.43	56.35	62.77	61.35	60.07	62.44	56.52	55.66	58.01	58.68	59.07	58.65	59.98	59.83	62.75	61.7	60.25	57.97	58.99	58.4	58.4	58.4	58.4	58.4	57.3	59.98	60.12	59.25	60.65	62.05	62.08	63	63.43	63.43	63.43	63.43	63.43	63.43	66.09	66.17	63.89	63.89	63.81	63.81	62.6	59.74	59.74	52.23	56.7	52.54	50.61	49.43	55.98	52.14	51.69	55.37	50.33	50.68	52.63	52.35	52.83	50.62	50.22	56.18	58.44	54.38	51.62	49.35	51.06	49.24	48.59	46.82	49.88	50.48	49.38	50.57	56.37	54.59	53.82	55.85	52.64	56.35	56.56	58.68	61.04	60.9	60.9	60.9	56.31	53.61	59.43	60.96	60.25	59.88	58.71	57.86	57.86	59.53	59.55	52	51.42	51.04	58.99	58.3	58.35	56.74	50.38	47.84	51.93	52.22	53.61	51.24	54.56	56.9	55.65	54.19	52.65	48.36	55.84	53.48	51.89	50.65	50.69	51.5	51.22	54.65	55.92	51.18	52.16	57.39	56.6	56.31	55.22	54.98	53.87	54.66	54.66	53.43	55.94	58.49	57.46	58.35	53.21	51.7	51.65	53.34	49.4	55.51	55.57	53.63	49	48.29	53.75	53.93	54.6	54.64	49.15	47.18	49.86	49.29	50.69	48.78	47.26	51.85	52.51	52.56	53.11	47.83	53.05	51.51	48.7	50.13	49.09	47.9	48.81	51.31	52.56	50.15	49.75	53.08	53.5	55.04	53.5	51.82	52.01	48.25	55.03	55.36	54.68	54.2	53.62	55.32	50.47	48.85	48.24	48.24	47.97
zone1_00034	1	2026/04/28 18:43	5	0.1	62.77	61.35	60.07	62.44	56.52	55.66	58.01	58.68	59.07	58.65	59.98	59.83	62.75	61.7	60.25	57.97	58.99	58.4	58.4	58.4	58.4	58.4	57.3	59.98	60.12	59.25	60.65	62.05	62.08	63	63.43	63.43	63.43	63.43	63.43	63.43	66.09	66.17	63.89	63.89	63.81	63.81	62.6	59.74	59.74	58.49	57.26	59.38	56.93	62.7	55.98	52.14	51.69	55.37	50.33	50.68	52.63	52.35	52.83	50.62	50.22	56.18	58.44	54.38	51.62	49.35	51.06	49.24	48.59	46.82	49.88	50.48	49.38	50.57	56.37	54.59	53.82	55.85	52.64	56.35	56.56	58.68	61.04	60.9	60.9	60.9	56.31	53.61	59.43	60.96	60.25	59.88	58.71	57.86	57.86	57.86	56.25	55.28	55.11	51.44	58.99	58.3	58.35	56.74	50.38	47.84	51.93	52.22	53.61	51.24	54.56	56.9	55.65	54.19	52.65	48.36	55.84	53.48	51.89	50.65	50.69	51.5	51.22	54.65	55.92	51.18	52.16	57.39	56.6	56.31	55.22	54.98	53.87	54.66	54.66	53.43	55.94	58.49	57.46	58.35	53.21	51.7	51.65	53.34	49.4	49.4	54.75	52.36	57.17	56.73	53.75	53.93	54.6	54.64	49.15	47.18	49.86	49.29	50.69	48.78	47.26	51.85	52.51	52.56	53.11	47.83	53.05	51.51	48.7	50.13	49.09	47.9	48.81	51.31	52.56	50.15	49.75	53.08	53.5	55.04	53.5	51.82	52.01	48.25	55.03	55.36	54.68	54.2	53.62	55.32	50.47	48.85	48.24	48.24	47.97	49.29	49.1	56.07	55.28	51.27
zone1_00035	1	2026/04/28 18:43	5	0.1	55.66	58.01	58.68	59.07	58.65	59.98	59.83	62.75	61.7	60.25	57.97	58.99	58.4	58.4	58.4	58.4	58.4	57.3	59.98	60.12	59.25	60.65	62.05	62.08	63	63.43	63.43	63.43	63.43	63.43	63.43	66.09	66.17	63.89	63.89	63.81	63.81	62.6	59.74	59.74	58.49	57.26	59.38	56.93	62.7	60.06	57.2	63.55	62.63	61.41	50.68	52.63	52.35	52.83	50.62	50.22	56.18	58.44	54.38	51.62	49.35	51.06	49.24	48.59	46.82	49.88	50.48	49.38	50.57	56.37	54.59	53.82	55.85	52.64	56.35	56.56	58.68	61.04	60.9	60.9	60.9	56.31	53.61	59.43	60.96	60.25	59.88	58.71	57.86	57.86	57.86	56.25	55.28	55.11	51.44	52.45	52.45	51.84	51.84	51.84	47.84	51.93	52.22	53.61	51.24	54.56	56.9	55.65	54.19	52.65	48.36	55.84	53.48	51.89	50.65	50.69	51.5	51.22	54.65	55.92	51.18	52.16	57.39	56.6	56.31	55.22	54.98	53.87	54.66	54.66	53.43	55.94	58.49	57.46	58.35	53.21	51.7	51.65	53.34	49.4	49.4	54.75	52.36	57.17	56.73	54.03	53.05	53.6	54.1	55.89	47.18	49.86	49.29	50.69	48.78	47.26	51.85	52.51	52.56	53.11	47.83	53.05	51.51	48.7	50.13	49.09	47.9	48.81	51.31	52.56	50.15	49.75	53.08	53.5	55.04	53.5	51.82	52.01	48.25	55.03	55.36	54.68	54.2	53.62	55.32	50.47	48.85	48.24	48.24	47.97	49.29	49.1	56.07	55.28	51.27	50.8	51.85	52.86	53.31	48.66
zone1_00036	1	2026/04/28 18:43	5	0.1	59.98	59.83	62.75	61.7	60.25	57.97	58.99	58.4	58.4	58.4	58.4	58.4	57.3	59.98	60.12	59.25	60.65	62.05	62.08	63	63.43	63.43	63.43	63.43	63.43	63.43	66.09	66.17	63.89	63.89	63.81	63.81	62.6	59.74	59.74	58.49	57.26	59.38	56.93	62.7	60.06	57.2	63.55	62.63	61.41	60.5	60.93	63.24	68.08	65.09	50.22	56.18	58.44	54.38	51.62	49.35	51.06	49.24	48.59	46.82	49.88	50.48	49.38	50.57	56.37	54.59	53.82	55.85	52.64	56.35	56.56	58.68	61.04	60.9	60.9	60.9	56.31	53.61	59.43	60.96	60.25	59.88	58.71	57.86	57.86	57.86	56.25	55.28	55.11	51.44	52.45	52.45	51.84	51.84	51.84	52.8	51.52	51.97	53.51	53.41	54.56	56.9	55.65	54.19	52.65	48.36	55.84	53.48	51.89	50.65	50.69	51.5	51.22	54.65	55.92	51.18	52.16	57.39	56.6	56.31	55.22	54.98	53.87	54.66	54.66	53.43	55.94	58.49	57.46	58.35	53.21	51.7	51.65	53.34	49.4	49.4	54.75	52.36	57.17	56.73	54.03	53.05	53.6	54.1	55.89	52.18	57.11	57.86	59.49	58.86	47.26	51.85	52.51	52.56	53.11	47.83	53.05	51.51	48.7	50.13	49.09	47.9	48.81	51.31	52.56	50.15	49.75	53.08	53.5	55.04	53.5	51.82	52.01	48.25	55.03	55.36	54.68	54.2	53.62	55.32	50.47	48.85	48.24	48.24	47.97	49.29	49.1	56.07	55.28	51.27	50.8	51.85	52.86	53.31	48.66	56.2	56.04	57.01	57.49	54.61
zone1_00037	1	2026/04/28 18:43	5	0.1	57.97	58.99	58.4	58.4	58.4	58.4	58.4	57.3	59.98	60.12	59.25	60.65	62.05	62.08	63	63.43	63.43	63.43	63.43	63.43	63.43	66.09	66.17	63.89	63.89	63.81	63.81	62.6	59.74	59.74	58.49	57.26	59.38	56.93	62.7	60.06	57.2	63.55	62.63	61.41	60.5	60.93	63.24	68.08	65.09	63.82	62.81	60.23	60.65	61.87	49.35	51.06	49.24	48.59	46.82	49.88	50.48	49.38	50.57	56.37	54.59	53.82	55.85	52.64	56.35	56.56	58.68	61.04	60.9	60.9	60.9	56.31	53.61	59.43	60.96	60.25	59.88	58.71	57.86	57.86	57.86	56.25	55.28	55.11	51.44	52.45	52.45	51.84	51.84	51.84	52.8	51.52	51.97	53.51	53.41	53.82	56.55	54.98	51.96	53.1	48.36	55.84	53.48	51.89	50.65	50.69	51.5	51.22	54.65	55.92	51.18	52.16	57.39	56.6	56.31	55.22	54.98	53.87	54.66	54.66	53.43	55.94	58.49	57.46	58.35	53.21	51.7	51.65	53.34	49.4	49.4	54.75	52.36	57.17	56.73	54.03	53.05	53.6	54.1	55.89	52.18	57.11	57.86	59.49	58.86	56.01	54.5	51.45	51.98	51.33	47.83	53.05	51.51	48.7	50.13	49.09	47.9	48.81	51.31	52.56	50.15	49.75	53.08	53.5	55.04	53.5	51.82	52.01	48.25	55.03	55.36	54.68	54.2	53.62	55.32	50.47	48.85	48.24	48.24	47.97	49.29	49.1	56.07	55.28	51.27	50.8	51.85	52.86	53.31	48.66	56.2	56.04	57.01	57.49	54.61	53.11	52.42	48.7	48.68	48.16
zone1_00038	1	2026/04/28 18:43	5	0.1	58.4	58.4	57.3	59.98	60.12	59.25	60.65	62.05	62.08	63	63.43	63.43	63.43	63.43	63.43	63.43	66.09	66.17	63.89	63.89	63.81	63.81	62.6	59.74	59.74	58.49	57.26	59.38	56.93	62.7	60.06	57.2	63.55	62.63	61.41	60.5	60.93	63.24	68.08	65.09	63.82	62.81	60.23	60.65	61.87	64.9	60.91	58.76	58.41	56.61	49.88	50.48	49.38	50.57	56.37	54.59	53.82	55.85	52.64	56.35	56.56	58.68	61.04	60.9	60.9	60.9	56.31	53.61	59.43	60.96	60.25	59.88	58.71	57.86	57.86	57.86	56.25	55.28	55.11	51.44	52.45	52.45	51.84	51.84	51.84	52.8	51.52	51.97	53.51	53.41	53.82	56.55	54.98	51.96	53.1	56.37	55.53	51.21	50.38	49.92	50.69	51.5	51.22	54.65	55.92	51.18	52.16	57.39	56.6	56.31	55.22	54.98	53.87	54.66	54.66	53.43	55.94	58.49	57.46	58.35	53.21	51.7	51.65	53.34	49.4	49.4	54.75	52.36	57.17	56.73	54.03	53.05	53.6	54.1	55.89	52.18	57.11	57.86	59.49	58.86	56.01	54.5	51.45	51.98	51.33	59.24	55.4	53.61	51.4	47.18	49.09	47.9	48.81	51.31	52.56	50.15	49.75	53.08	53.5	55.04	53.5	51.82	52.01	48.25	55.03	55.36	54.68	54.2	53.62	55.32	50.47	48.85	48.24	48.24	47.97	49.29	49.1	56.07	55.28	51.27	50.8	51.85	52.86	53.31	48.66	56.2	56.04	57.01	57.49	54.61	53.11	52.42	48.7	48.68	48.16	54.88	52.57	47.97	49.68	48.43
zone1_00039	1	2026/04/28 18:43	5	0.1	59.25	60.65	62.05	62.08	63	63.43	63.43	63.43	63.43	63.43	63.43	66.09	66.17	63.89	63.89	63.81	63.81	62.6	59.74	59.74	58.49	57.26	59.38	56.93	62.7	60.06	57.2	63.55	62.63	61.41	60.5	60.93	63.24	68.08	65.09	63.82	62.81	60.23	60.65	61.87	64.9	60.91	58.76	58.41	56.61	63.88	63.37	59.84	62.46	62.88	54.59	53.82	55.85	52.64	56.35	56.56	58.68	61.04	60.9	60.9	60.9	56.31	53.61	59.43	60.96	60.25	59.88	58.71	57.86	57.86	57.86	56.25	55.28	55.11	51.44	52.45	52.45	51.84	51.84	51.84	52.8	51.52	51.97	53.51	53.41	53.82	56.55	54.98	51.96	53.1	56.37	55.53	51.21	50.38	49.92	55.29	56.68	54.32	54.32	54.32	51.18	52.16	57.39	56.6	56.31	55.22	54.98	53.87	54.66	54.66	53.43	55.94	58.49	57.46	58.35	53.21	51.7	51.65	53.34	49.4	49.4	54.75	52.36	57.17	56.73	54.03	53.05	53.6	54.1	55.89	52.18	57.11	57.86	59.49	58.86	56.01	54.5	51.45	51.98	51.33	59.24	55.4	53.61	51.4	47.18	56.57	56.8	52.65	54.78	53.11	50.15	49.75	53.08	53.5	55.04	53.5	51.82	52.01	48.25	55.03	55.36	54.68	54.2	53.62	55.32	50.47	48.85	48.24	48.24	47.97	49.29	49.1	56.07	55.28	51.27	50.8	51.85	52.86	53.31	48.66	56.2	56.04	57.01	57.49	54.61	53.11	52.42	48.7	48.68	48.16	54.88	52.57	47.97	49.68	48.43	52.97	53.23	48.95	50.97	52.68
zone1_00040	1	2026/04/28 18:43	5	0.1	63.43	63.43	63.43	63.43	63.43	63.43	66.09	66.17	63.89	63.89	63.81	63.81	62.6	59.74	59.74	58.49	57.26	59.38	56.93	62.7	60.06	57.2	63.55	62.63	61.41	60.5	60.93	63.24	68.08	65.09	63.82	62.81	60.23	60.65	61.87	64.9	60.91	58.76	58.41	56.61	63.88	63.37	59.84	62.46	62.88	62.96	62.27	60.37	62.38	60.09	56.56	58.68	61.04	60.9	60.9	60.9	56.31	53.61	59.43	60.96	60.25	59.88	58.71	57.86	57.86	57.86	56.25	55.28	55.11	51.44	52.45	52.45	51.84	51.84	51.84	52.8	51.52	51.97	53.51	53.41	53.82	56.55	54.98	51.96	53.1	56.37	55.53	51.21	50.38	49.92	55.29	56.68	54.32	54.32	54.32	54.32	54.64	54.93	51.39	52.35	55.22	54.98	53.87	54.66	54.66	53.43	55.94	58.49	57.46	58.35	53.21	51.7	51.65	53.34	49.4	49.4	54.75	52.36	57.17	56.73	54.03	53.05	53.6	54.1	55.89	52.18	57.11	57.86	59.49	58.86	56.01	54.5	51.45	51.98	51.33	59.24	55.4	53.61	51.4	47.18	56.57	56.8	52.65	54.78	53.11	54.79	57.05	55.34	53.75	54	53.5	51.82	52.01	48.25	55.03	55.36	54.68	54.2	53.62	55.32	50.47	48.85	48.24	48.24	47.97	49.29	49.1	56.07	55.28	51.27	50.8	51.85	52.86	53.31	48.66	56.2	56.04	57.01	57.49	54.61	53.11	52.42	48.7	48.68	48.16	54.88	52.57	47.97	49.68	48.43	52.97	53.23	48.95	50.97	52.68	51.64	54.15	51.98	53.96	53.64
zone1_00041	1	2026/04/28 18:43	5	0.1	63.43	66.09	66.17	63.89	63.89	63.81	63.81	62.6	59.74	59.74	58.49	57.26	59.38	56.93	62.7	60.06	57.2	63.55	62.63	61.41	60.5	60.93	63.24	68.08	65.09	63.82	62.81	60.23	60.65	61.87	64.9	60.91	58.76	58.41	56.61	63.88	63.37	59.84	62.46	62.88	62.96	62.27	60.37	62.38	60.09	60.09	60.09	60.09	60.09	60.09	60.9	56.31	53.61	59.43	60.96	60.25	59.88	58.71	57.86	57.86	57.86	56.25	55.28	55.11	51.44	52.45	52.45	51.84	51.84	51.84	52.8	51.52	51.97	53.51	53.41	53.82	56.55	54.98	51.96	53.1	56.37	55.53	51.21	50.38	49.92	55.29	56.68	54.32	54.32	54.32	54.32	54.64	54.93	51.39	52.35	55.01	51.11	47.95	52.71	57.63	53.43	55.94	58.49	57.46	58.35	53.21	51.7	51.65	53.34	49.4	49.4	54.75	52.36	57.17	56.73	54.03	53.05	53.6	54.1	55.89	52.18	57.11	57.86	59.49	58.86	56.01	54.5	51.45	51.98	51.33	59.24	55.4	53.61	51.4	47.18	56.57	56.8	52.65	54.78	53.11	54.79	57.05	55.34	53.75	54	50.9	52.47	47.71	56.37	56.97	55.36	54.68	54.2	53.62	55.32	50.47	48.85	48.24	48.24	47.97	49.29	49.1	56.07	55.28	51.27	50.8	51.85	52.86	53.31	48.66	56.2	56.04	57.01	57.49	54.61	53.11	52.42	48.7	48.68	48.16	54.88	52.57	47.97	49.68	48.43	52.97	53.23	48.95	50.97	52.68	51.64	54.15	51.98	53.96	53.64	48.59	50.61	46.76	53.66	54.29
zone1_00042	1	2026/04/28 18:43	5	0.1	63.81	63.81	62.6	59.74	59.74	58.49	57.26	59.38	56.93	62.7	60.06	57.2	63.55	62.63	61.41	60.5	60.93	63.24	68.08	65.09	63.82	62.81	60.23	60.65	61.87	64.9	60.91	58.76	58.41	56.61	63.88	63.37	59.84	62.46	62.88	62.96	62.27	60.37	62.38	60.09	60.09	60.09	60.09	60.09	60.09	60.09	60.09	60.09	59.5	60.77	60.25	59.88	58.71	57.86	57.86	57.86	56.25	55.28	55.11	51.44	52.45	52.45	51.84	51.84	51.84	52.8	51.52	51.97	53.51	53.41	53.82	56.55	54.98	51.96	53.1	56.37	55.53	51.21	50.38	49.92	55.29	56.68	54.32	54.32	54.32	54.32	54.64	54.93	51.39	52.35	55.01	51.11	47.95	52.71	57.63	55.79	55.79	54.29	50.84	54.37	53.21	51.7	51.65	53.34	49.4	49.4	54.75	52.36	57.17	56.73	54.03	53.05	53.6	54.1	55.89	52.18	57.11	57.86	59.49	58.86	56.01	54.5	51.45	51.98	51.33	59.24	55.4	53.61	51.4	47.18	56.57	56.8	52.65	54.78	53.11	54.79	57.05	55.34	53.75	54	50.9	52.47	47.71	56.37	56.97	51.84	54.05	48.96	55.38	55.08	50.47	48.85	48.24	48.24	47.97	49.29	49.1	56.07	55.28	51.27	50.8	51.85	52.86	53.31	48.66	56.2	56.04	57.01	57.49	54.61	53.11	52.42	48.7	48.68	48.16	54.88	52.57	47.97	49.68	48.43	52.97	53.23	48.95	50.97	52.68	51.64	54.15	51.98	53.96	53.64	48.59	50.61	46.76	53.66	54.29	49.92	52.91	48.78	51.06	52.85
zone1_00043	1	2026/04/28 18:43	5	0.1	58.49	57.26	59.38	56.93	62.7	60.06	57.2	63.55	62.63	61.41	60.5	60.93	63.24	68.08	65.09	63.82	62.81	60.23	60.65	61.87	64.9	60.91	58.76	58.41	56.61	63.88	63.37	59.84	62.46	62.88	62.96	62.27	60.37	62.38	60.09	60.09	60.09	60.09	60.09	60.09	60.09	60.09	60.09	59.5	60.77	62.26	63.13	58.26	60.56	63.65	57.86	56.25	55.28	55.11	51.44	52.45	52.45	51.84	51.84	51.84	52.8	51.52	51.97	53.51	53.41	53.82	56.55	54.98	51.96	53.1	56.37	55.53	51.21	50.38	49.92	55.29	56.68	54.32	54.32	54.32	54.32	54.64	54.93	51.39	52.35	55.01	51.11	47.95	52.71	57.63	55.79	55.79	54.29	50.84	54.37	53.79	55.34	52.38	51.3	60.01	49.4	54.75	52.36	57.17	56.73	54.03	53.05	53.6	54.1	55.89	52.18	57.11	57.86	59.49	58.86	56.01	54.5	51.45	51.98	51.33	59.24	55.4	53.61	51.4	47.18	56.57	56.8	52.65	54.78	53.11	54.79	57.05	55.34	53.75	54	50.9	52.47	47.71	56.37	56.97	51.84	54.05	48.96	55.38	55.08	54.61	57	50.7	52.02	55.02	49.29	49.1	56.07	55.28	51.27	50.8	51.85	52.86	53.31	48.66	56.2	56.04	57.01	57.49	54.61	53.11	52.42	48.7	48.68	48.16	54.88	52.57	47.97	49.68	48.43	52.97	53.23	48.95	50.97	52.68	51.64	54.15	51.98	53.96	53.64	48.59	50.61	46.76	53.66	54.29	49.92	52.91	48.78	51.06	52.85	52.29	52.64	49.4	48.86	53.66
zone1_00044	1	2026/04/28 18:43	5	0.1	60.06	57.2	63.55	62.63	61.41	60.5	60.93	63.24	68.08	65.09	63.82	62.81	60.23	60.65	61.87	64.9	60.91	58.76	58.41	56.61	63.88	63.37	59.84	62.46	62.88	62.96	62.27	60.37	62.38	60.09	60.09	60.09	60.09	60.09	60.09	60.09	60.09	60.09	59.5	60.77	62.26	63.13	58.26	60.56	63.65	61.99	64.62	63.63	62.62	63	52.45	52.45	51.84	51.84	51.84	52.8	51.52	51.97	53.51	53.41	53.82	56.55	54.98	51.96	53.1	56.37	55.53	51.21	50.38	49.92	55.29	56.68	54.32	54.32	54.32	54.32	54.64	54.93	51.39	52.35	55.01	51.11	47.95	52.71	57.63	55.79	55.79	54.29	50.84	54.37	53.79	55.34	52.38	51.3	60.01	55.85	59.57	59.91	54.53	56.72	54.03	53.05	53.6	54.1	55.89	52.18	57.11	57.86	59.49	58.86	56.01	54.5	51.45	51.98	51.33	59.24	55.4	53.61	51.4	47.18	56.57	56.8	52.65	54.78	53.11	54.79	57.05	55.34	53.75	54	50.9	52.47	47.71	56.37	56.97	51.84	54.05	48.96	55.38	55.08	54.61	57	50.7	52.02	55.02	57.35	58.81	57.19	53.26	56.25	50.8	51.85	52.86	53.31	48.66	56.2	56.04	57.01	57.49	54.61	53.11	52.42	48.7	48.68	48.16	54.88	52.57	47.97	49.68	48.43	52.97	53.23	48.95	50.97	52.68	51.64	54.15	51.98	53.96	53.64	48.59	50.61	46.76	53.66	54.29	49.92	52.91	48.78	51.06	52.85	52.29	52.64	49.4	48.86	53.66	51.45	54.84	53.72	51.5	51.71
zone1_00045	1	2026/04/28 18:43	5	0.1	60.5	60.93	63.24	68.08	65.09	63.82	62.81	60.23	60.65	61.87	64.9	60.91	58.76	58.41	56.61	63.88	63.37	59.84	62.46	62.88	62.96	62.27	60.37	62.38	60.09	60.09	60.09	60.09	60.09	60.09	60.09	60.09	60.09	59.5	60.77	62.26	63.13	58.26	60.56	63.65	61.99	64.62	63.63	62.62	63	61.47	58.52	56.72	56.69	56.9	52.8	51.52	51.97	53.51	53.41	53.82	56.55	54.98	51.96	53.1	56.37	55.53	51.21	50.38	49.92	55.29	56.68	54.32	54.32	54.32	54.32	54.64	54.93	51.39	52.35	55.01	51.11	47.95	52.71	57.63	55.79	55.79	54.29	50.84	54.37	53.79	55.34	52.38	51.3	60.01	55.85	59.57	59.91	54.53	56.72	56.97	56.97	48.78	48.76	50.87	52.18	57.11	57.86	59.49	58.86	56.01	54.5	51.45	51.98	51.33	59.24	55.4	53.61	51.4	47.18	56.57	56.8	52.65	54.78	53.11	54.79	57.05	55.34	53.75	54	50.9	52.47	47.71	56.37	56.97	51.84	54.05	48.96	55.38	55.08	54.61	57	50.7	52.02	55.02	57.35	58.81	57.19	53.26	56.25	54.07	50.34	51.47	53.28	56.27	56.2	56.04	57.01	57.49	54.61	53.11	52.42	48.7	48.68	48.16	54.88	52.57	47.97	49.68	48.43	52.97	53.23	48.95	50.97	52.68	51.64	54.15	51.98	53.96	53.64	48.59	50.61	46.76	53.66	54.29	49.92	52.91	48.78	51.06	52.85	52.29	52.64	49.4	48.86	53.66	51.45	54.84	53.72	51.5	51.71	51.71	46.93	46.16	45.51	46.41
zone1_00046	1	2026/04/28 18:43	5	0.1	63.82	62.81	60.23	60.65	61.87	64.9	60.91	58.76	58.41	56.61	63.88	63.37	59.84	62.46	62.88	62.96	62.27	60.37	62.38	60.09	60.09	60.09	60.09	60.09	60.09	60.09	60.09	60.09	59.5	60.77	62.26	63.13	58.26	60.56	63.65	61.99	64.62	63.63	62.62	63	61.47	58.52	56.72	56.69	56.9	58.61	63.96	62.42	57.99	61.3	53.82	56.55	54.98	51.96	53.1	56.37	55.53	51.21	50.38	49.92	55.29	56.68	54.32	54.32	54.32	54.32	54.64	54.93	51.39	52.35	55.01	51.11	47.95	52.71	57.63	55.79	55.79	54.29	50.84	54.37	53.79	55.34	52.38	51.3	60.01	55.85	59.57	59.91	54.53	56.72	56.97	56.97	48.78	48.76	50.87	50.27	55.85	58.04	52.85	53.03	56.01	54.5	51.45	51.98	51.33	59.24	55.4	53.61	51.4	47.18	56.57	56.8	52.65	54.78	53.11	54.79	57.05	55.34	53.75	54	50.9	52.47	47.71	56.37	56.97	51.84	54.05	48.96	55.38	55.08	54.61	57	50.7	52.02	55.02	57.35	58.81	57.19	53.26	56.25	54.07	50.34	51.47	53.28	56.27	56.31	54.16	57.44	54.61	52.11	53.11	52.42	48.7	48.68	48.16	54.88	52.57	47.97	49.68	48.43	52.97	53.23	48.95	50.97	52.68	51.64	54.15	51.98	53.96	53.64	48.59	50.61	46.76	53.66	54.29	49.92	52.91	48.78	51.06	52.85	52.29	52.64	49.4	48.86	53.66	51.45	54.84	53.72	51.5	51.71	51.71	46.93	46.16	45.51	46.41	48.22	52.66	52.55	47.73	50.68
zone1_00047	1	2026/04/28 18:43	5	0.1	64.9	60.91	58.76	58.41	56.61	63.88	63.37	59.84	62.46	62.88	62.96	62.27	60.37	62.38	60.09	60.09	60.09	60.09	60.09	60.09	60.09	60.09	60.09	59.5	60.77	62.26	63.13	58.26	60.56	63.65	61.99	64.62	63.63	62.62	63	61.47	58.52	56.72	56.69	56.9	58.61	63.96	62.42	57.99	61.3	61.69	63.75	61.99	63.47	64.54	56.37	55.53	51.21	50.38	49.92	55.29	56.68	54.32	54.32	54.32	54.32	54.64	54.93	51.39	52.35	55.01	51.11	47.95	52.71	57.63	55.79	55.79	54.29	50.84	54.37	53.79	55.34	52.38	51.3	60.01	55.85	59.57	59.91	54.53	56.72	56.97	56.97	48.78	48.76	50.87	50.27	55.85	58.04	52.85	53.03	55.05	55.77	57.43	56.24	57.72	59.24	55.4	53.61	51.4	47.18	56.57	56.8	52.65	54.78	53.11	54.79	57.05	55.34	53.75	54	50.9	52.47	47.71	56.37	56.97	51.84	54.05	48.96	55.38	55.08	54.61	57	50.7	52.02	55.02	57.35	58.81	57.19	53.26	56.25	54.07	50.34	51.47	53.28	56.27	56.31	54.16	57.44	54.61	52.11	53.15	55.96	54.13	55.4	57.22	54.88	52.57	47.97	49.68	48.43	52.97	53.23	48.95	50.97	52.68	51.64	54.15	51.98	53.96	53.64	48.59	50.61	46.76	53.66	54.29	49.92	52.91	48.78	51.06	52.85	52.29	52.64	49.4	48.86	53.66	51.45	54.84	53.72	51.5	51.71	51.71	46.93	46.16	45.51	46.41	48.22	52.66	52.55	47.73	50.68	50.8	53.2	53.13	51.55	53.15
zone1_00048	1	2026/04/28 18:43	5	0.1	63.88	63.37	59.84	62.46	62.88	62.96	62.27	60.37	62.38	60.09	60.09	60.09	60.09	60.09	60.09	60.09	60.09	60.09	59.5	60.77	62.26	63.13	58.26	60.56	63.65	61.99	64.62	63.63	62.62	63	61.47	58.52	56.72	56.69	56.9	58.61	63.96	62.42	57.99	61.3	61.69	63.75	61.99	63.47	64.54	63.27	65.37	65.93	66.87	65.44	55.29	56.68	54.32	54.32	54.32	54.32	54.64	54.93	51.39	52.35	55.01	51.11	47.95	52.71	57.63	55.79	55.79	54.29	50.84	54.37	53.79	55.34	52.38	51.3	60.01	55.85	59.57	59.91	54.53	56.72	56.97	56.97	48.78	48.76	50.87	50.27	55.85	58.04	52.85	53.03	55.05	55.77	57.43	56.24	57.72	54.67	56.75	57.96	60.35	58.7	56.57	56.8	52.65	54.78	53.11	54.79	57.05	55.34	53.75	54	50.9	52.47	47.71	56.37	56.97	51.84	54.05	48.96	55.38	55.08	54.61	57	50.7	52.02	55.02	57.35	58.81	57.19	53.26	56.25	54.07	50.34	51.47	53.28	56.27	56.31	54.16	57.44	54.61	52.11	53.15	55.96	54.13	55.4	57.22	56.44	55.5	59.31	60.36	57.65	52.97	53.23	48.95	50.97	52.68	51.64	54.15	51.98	53.96	53.64	48.59	50.61	46.76	53.66	54.29	49.92	52.91	48.78	51.06	52.85	52.29	52.64	49.4	48.86	53.66	51.45	54.84	53.72	51.5	51.71	51.71	46.93	46.16	45.51	46.41	48.22	52.66	52.55	47.73	50.68	50.8	53.2	53.13	51.55	53.15	53.42	54.25	54.04	54.92	54.82
zone1_00049	1	2026/04/28 18:43	5	0.1	62.96	62.27	60.37	62.38	60.09	60.09	60.09	60.09	60.09	60.09	60.09	60.09	60.09	59.5	60.77	62.26	63.13	58.26	60.56	63.65	61.99	64.62	63.63	62.62	63	61.47	58.52	56.72	56.69	56.9	58.61	63.96	62.42	57.99	61.3	61.69	63.75	61.99	63.47	64.54	63.27	65.37	65.93	66.87	65.44	64.16	63.45	62.32	59.23	60.54	54.32	54.64	54.93	51.39	52.35	55.01	51.11	47.95	52.71	57.63	55.79	55.79	54.29	50.84	54.37	53.79	55.34	52.38	51.3	60.01	55.85	59.57	59.91	54.53	56.72	56.97	56.97	48.78	48.76	50.87	50.27	55.85	58.04	52.85	53.03	55.05	55.77	57.43	56.24	57.72	54.67	56.75	57.96	60.35	58.7	57.18	58.21	58.36	55.28	53.03	54.79	57.05	55.34	53.75	54	50.9	52.47	47.71	56.37	56.97	51.84	54.05	48.96	55.38	55.08	54.61	57	50.7	52.02	55.02	57.35	58.81	57.19	53.26	56.25	54.07	50.34	51.47	53.28	56.27	56.31	54.16	57.44	54.61	52.11	53.15	55.96	54.13	55.4	57.22	56.44	55.5	59.31	60.36	57.65	58.81	59.49	55.2	54.78	55.9	51.64	54.15	51.98	53.96	53.64	48.59	50.61	46.76	53.66	54.29	49.92	52.91	48.78	51.06	52.85	52.29	52.64	49.4	48.86	53.66	51.45	54.84	53.72	51.5	51.71	51.71	46.93	46.16	45.51	46.41	48.22	52.66	52.55	47.73	50.68	50.8	53.2	53.13	51.55	53.15	53.42	54.25	54.04	54.92	54.82	55.06	54.27	53.96	51.37	53.96
zone1_00050	1	2026/04/28 18:43	5	0.1	60.09	60.09	60.09	60.09	60.09	60.09	60.09	60.09	59.5	60.77	62.26	63.13	58.26	60.56	63.65	61.99	64.62	63.63	62.62	63	61.47	58.52	56.72	56.69	56.9	58.61	63.96	62.42	57.99	61.3	61.69	63.75	61.99	63.47	64.54	63.27	65.37	65.93	66.87	65.44	64.16	63.45	62.32	59.23	60.54	62.04	62.01	63.76	57.45	63.5	55.01	51.11	47.95	52.71	57.63	55.79	55.79	54.29	50.84	54.37	53.79	55.34	52.38	51.3	60.01	55.85	59.57	59.91	54.53	56.72	56.97	56.97	48.78	48.76	50.87	50.27	55.85	58.04	52.85	53.03	55.05	55.77	57.43	56.24	57.72	54.67	56.75	57.96	60.35	58.7	57.18	58.21	58.36	55.28	53.03	57.32	57.32	55.96	50.1	52.65	50.9	52.47	47.71	56.37	56.97	51.84	54.05	48.96	55.38	55.08	54.61	57	50.7	52.02	55.02	57.35	58.81	57.19	53.26	56.25	54.07	50.34	51.47	53.28	56.27	56.31	54.16	57.44	54.61	52.11	53.15	55.96	54.13	55.4	57.22	56.44	55.5	59.31	60.36	57.65	58.81	59.49	55.2	54.78	55.9	56.79	56.43	56.19	50.26	56.63	48.59	50.61	46.76	53.66	54.29	49.92	52.91	48.78	51.06	52.85	52.29	52.64	49.4	48.86	53.66	51.45	54.84	53.72	51.5	51.71	51.71	46.93	46.16	45.51	46.41	48.22	52.66	52.55	47.73	50.68	50.8	53.2	53.13	51.55	53.15	53.42	54.25	54.04	54.92	54.82	55.06	54.27	53.96	51.37	53.96	51.89	55.5	54.56	47.32	51.64
zone1_00051	1	2026/04/28 18:43	5	0.1	60.09	60.09	60.09	59.5	60.77	62.26	63.13	58.26	60.56	63.65	61.99	64.62	63.63	62.62	63	61.47	58.52	56.72	56.69	56.9	58.61	63.96	62.42	57.99	61.3	61.69	63.75	61.99	63.47	64.54	63.27	65.37	65.93	66.87	65.44	64.16	63.45	62.32	59.23	60.54	62.04	62.01	63.76	57.45	63.5	60.97	60.55	65.72	64.08	63.28	55.79	55.79	54.29	50.84	54.37	53.79	55.34	52.38	51.3	60.01	55.85	59.57	59.91	54.53	56.72	56.97	56.97	48.78	48.76	50.87	50.27	55.85	58.04	52.85	53.03	55.05	55.77	57.43	56.24	57.72	54.67	56.75	57.96	60.35	58.7	57.18	58.21	58.36	55.28	53.03	57.32	57.32	55.96	50.1	52.65	56.63	56.47	56.82	55.12	57.51	51.84	54.05	48.96	55.38	55.08	54.61	57	50.7	52.02	55.02	57.35	58.81	57.19	53.26	56.25	54.07	50.34	51.47	53.28	56.27	56.31	54.16	57.44	54.61	52.11	53.15	55.96	54.13	55.4	57.22	56.44	55.5	59.31	60.36	57.65	58.81	59.49	55.2	54.78	55.9	56.79	56.43	56.19	50.26	56.63	55.41	54.17	54.05	55.95	56.74	49.92	52.91	48.78	51.06	52.85	52.29	52.64	49.4	48.86	53.66	51.45	54.84	53.72	51.5	51.71	51.71	46.93	46.16	45.51	46.41	48.22	52.66	52.55	47.73	50.68	50.8	53.2	53.13	51.55	53.15	53.42	54.25	54.04	54.92	54.82	55.06	54.27	53.96	51.37	53.96	51.89	55.5	54.56	47.32	51.64	52.1	52.72	54.4	52.93	53.64
zone1_00052	1	2026/04/28 18:43	5	0.1	62.26	63.13	58.26	60.56	63.65	61.99	64.62	63.63	62.62	63	61.47	58.52	56.72	56.69	56.9	58.61	63.96	62.42	57.99	61.3	61.69	63.75	61.99	63.47	64.54	63.27	65.37	65.93	66.87	65.44	64.16	63.45	62.32	59.23	60.54	62.04	62.01	63.76	57.45	63.5	60.97	60.55	65.72	64.08	63.28	63.93	61.07	59.28	64.03	62.15	53.79	55.34	52.38	51.3	60.01	55.85	59.57	59.91	54.53	56.72	56.97	56.97	48.78	48.76	50.87	50.27	55.85	58.04	52.85	53.03	55.05	55.77	57.43	56.24	57.72	54.67	56.75	57.96	60.35	58.7	57.18	58.21	58.36	55.28	53.03	57.32	57.32	55.96	50.1	52.65	56.63	56.47	56.82	55.12	57.51	57.62	52.26	57.34	55.69	54.84	54.61	57	50.7	52.02	55.02	57.35	58.81	57.19	53.26	56.25	54.07	50.34	51.47	53.28	56.27	56.31	54.16	57.44	54.61	52.11	53.15	55.96	54.13	55.4	57.22	56.44	55.5	59.31	60.36	57.65	58.81	59.49	55.2	54.78	55.9	56.79	56.43	56.19	50.26	56.63	55.41	54.17	54.05	55.95	56.74	54.07	50.55	55.65	55.69	53.02	52.29	52.64	49.4	48.86	53.66	51.45	54.84	53.72	51.5	51.71	51.71	46.93	46.16	45.51	46.41	48.22	52.66	52.55	47.73	50.68	50.8	53.2	53.13	51.55	53.15	53.42	54.25	54.04	54.92	54.82	55.06	54.27	53.96	51.37	53.96	51.89	55.5	54.56	47.32	51.64	52.1	52.72	54.4	52.93	53.64	55.81	50.56	53.4	51.99	50.82
zone1_00053	1	2026/04/28 18:43	5	0.1	61.99	64.62	63.63	62.62	63	61.47	58.52	56.72	56.69	56.9	58.61	63.96	62.42	57.99	61.3	61.69	63.75	61.99	63.47	64.54	63.27	65.37	65.93	66.87	65.44	64.16	63.45	62.32	59.23	60.54	62.04	62.01	63.76	57.45	63.5	60.97	60.55	65.72	64.08	63.28	63.93	61.07	59.28	64.03	62.15	63.22	58.5	62.42	62.4	63.27	55.85	59.57	59.91	54.53	56.72	56.97	56.97	48.78	48.76	50.87	50.27	55.85	58.04	52.85	53.03	55.05	55.77	57.43	56.24	57.72	54.67	56.75	57.96	60.35	58.7	57.18	58.21	58.36	55.28	53.03	57.32	57.32	55.96	50.1	52.65	56.63	56.47	56.82	55.12	57.51	57.62	52.26	57.34	55.69	54.84	58.79	56.46	56.31	55.79	58.14	57.35	58.81	57.19	53.26	56.25	54.07	50.34	51.47	53.28	56.27	56.31	54.16	57.44	54.61	52.11	53.15	55.96	54.13	55.4	57.22	56.44	55.5	59.31	60.36	57.65	58.81	59.49	55.2	54.78	55.9	56.79	56.43	56.19	50.26	56.63	55.41	54.17	54.05	55.95	56.74	54.07	50.55	55.65	55.69	53.02	55.38	49.72	56.77	56.95	57.19	51.45	54.84	53.72	51.5	51.71	51.71	46.93	46.16	45.51	46.41	48.22	52.66	52.55	47.73	50.68	50.8	53.2	53.13	51.55	53.15	53.42	54.25	54.04	54.92	54.82	55.06	54.27	53.96	51.37	53.96	51.89	55.5	54.56	47.32	51.64	52.1	52.72	54.4	52.93	53.64	55.81	50.56	53.4	51.99	50.82	53.31	48.15	54.26	52.83	53.05
zone1_00054	1	2026/04/28 18:43	5	0.1	61.47	58.52	56.72	56.69	56.9	58.61	63.96	62.42	57.99	61.3	61.69	63.75	61.99	63.47	64.54	63.27	65.37	65.93	66.87	65.44	64.16	63.45	62.32	59.23	60.54	62.04	62.01	63.76	57.45	63.5	60.97	60.55	65.72	64.08	63.28	63.93	61.07	59.28	64.03	62.15	63.22	58.5	62.42	62.4	63.27	64.49	64.17	61.78	64.76	63.74	56.97	56.97	48.78	48.76	50.87	50.27	55.85	58.04	52.85	53.03	55.05	55.77	57.43	56.24	57.72	54.67	56.75	57.96	60.35	58.7	57.18	58.21	58.36	55.28	53.03	57.32	57.32	55.96	50.1	52.65	56.63	56.47	56.82	55.12	57.51	57.62	52.26	57.34	55.69	54.84	58.79	56.46	56.31	55.79	58.14	58.63	58.6	51.59	62.45	60.78	54.07	50.34	51.47	53.28	56.27	56.31	54.16	57.44	54.61	52.11	53.15	55.96	54.13	55.4	57.22	56.44	55.5	59.31	60.36	57.65	58.81	59.49	55.2	54.78	55.9	56.79	56.43	56.19	50.26	56.63	55.41	54.17	54.05	55.95	56.74	54.07	50.55	55.65	55.69	53.02	55.38	49.72	56.77	56.95	57.19	57.46	55.89	53.52	60.31	59.05	51.71	46.93	46.16	45.51	46.41	48.22	52.66	52.55	47.73	50.68	50.8	53.2	53.13	51.55	53.15	53.42	54.25	54.04	54.92	54.82	55.06	54.27	53.96	51.37	53.96	51.89	55.5	54.56	47.32	51.64	52.1	52.72	54.4	52.93	53.64	55.81	50.56	53.4	51.99	50.82	53.31	48.15	54.26	52.83	53.05	54.87	53.57	52.76	57.02	55.37
zone1_00055	1	2026/04/28 18:43	5	0.1	58.61	63.96	62.42	57.99	61.3	61.69	63.75	61.99	63.47	64.54	63.27	65.37	65.93	66.87	65.44	64.16	63.45	62.32	59.23	60.54	62.04	62.01	63.76	57.45	63.5	60.97	60.55	65.72	64.08	63.28	63.93	61.07	59.28	64.03	62.15	63.22	58.5	62.42	62.4	63.27	64.49	64.17	61.78	64.76	63.74	63.81	63.43	59.5	60.46	64.54	50.27	55.85	58.04	52.85	53.03	55.05	55.77	57.43	56.24	57.72	54.67	56.75	57.96	60.35	58.7	57.18	58.21	58.36	55.28	53.03	57.32	57.32	55.96	50.1	52.65	56.63	56.47	56.82	55.12	57.51	57.62	52.26	57.34	55.69	54.84	58.79	56.46	56.31	55.79	58.14	58.63	58.6	51.59	62.45	60.78	60.75	52.7	50.81	56.25	58	56.31	54.16	57.44	54.61	52.11	53.15	55.96	54.13	55.4	57.22	56.44	55.5	59.31	60.36	57.65	58.81	59.49	55.2	54.78	55.9	56.79	56.43	56.19	50.26	56.63	55.41	54.17	54.05	55.95	56.74	54.07	50.55	55.65	55.69	53.02	55.38	49.72	56.77	56.95	57.19	57.46	55.89	53.52	60.31	59.05	57.12	51.86	51.59	58.16	55.94	48.22	52.66	52.55	47.73	50.68	50.8	53.2	53.13	51.55	53.15	53.42	54.25	54.04	54.92	54.82	55.06	54.27	53.96	51.37	53.96	51.89	55.5	54.56	47.32	51.64	52.1	52.72	54.4	52.93	53.64	55.81	50.56	53.4	51.99	50.82	53.31	48.15	54.26	52.83	53.05	54.87	53.57	52.76	57.02	55.37	52.13	49.74	49.68	54.86	54.47
zone1_00056	1	2026/04/28 18:43	5	0.1	61.69	63.75	61.99	63.47	64.54	63.27	65.37	65.93	66.87	65.44	64.16	63.45	62.32	59.23	60.54	62.04	62.01	63.76	57.45	63.5	60.97	60.55	65.72	64.08	63.28	63.93	61.07	59.28	64.03	62.15	63.22	58.5	62.42	62.4	63.27	64.49	64.17	61.78	64.76	63.74	63.81	63.43	59.5	60.46	64.54	63.9	61.8	65.63	63.87	61.85	55.05	55.77	57.43	56.24	57.72	54.67	56.75	57.96	60.35	58.7	57.18	58.21	58.36	55.28	53.03	57.32	57.32	55.96	50.1	52.65	56.63	56.47	56.82	55.12	57.51	57.62	52.26	57.34	55.69	54.84	58.79	56.46	56.31	55.79	58.14	58.63	58.6	51.59	62.45	60.78	60.75	52.7	50.81	56.25	58	55.33	55.73	57.03	57.8	52.9	53.15	55.96	54.13	55.4	57.22	56.44	55.5	59.31	60.36	57.65	58.81	59.49	55.2	54.78	55.9	56.79	56.43	56.19	50.26	56.63	55.41	54.17	54.05	55.95	56.74	54.07	50.55	55.65	55.69	53.02	55.38	49.72	56.77	56.95	57.19	57.46	55.89	53.52	60.31	59.05	57.12	51.86	51.59	58.16	55.94	55.99	55.32	57.63	57.43	53.79	50.8	53.2	53.13	51.55	53.15	53.42	54.25	54.04	54.92	54.82	55.06	54.27	53.96	51.37	53.96	51.89	55.5	54.56	47.32	51.64	52.1	52.72	54.4	52.93	53.64	55.81	50.56	53.4	51.99	50.82	53.31	48.15	54.26	52.83	53.05	54.87	53.57	52.76	57.02	55.37	52.13	49.74	49.68	54.86	54.47	53.24	52.97	52.28	53.42	51.27
zone1_00057	1	2026/04/28 18:43	5	0.1	63.27	65.37	65.93	66.87	65.44	64.16	63.45	62.32	59.23	60.54	62.04	62.01	63.76	57.45	63.5	60.97	60.55	65.72	64.08	63.28	63.93	61.07	59.28	64.03	62.15	63.22	58.5	62.42	62.4	63.27	64.49	64.17	61.78	64.76	63.74	63.81	63.43	59.5	60.46	64.54	63.9	61.8	65.63	63.87	61.85	62.69	63.12	59.53	62.97	64.23	54.67	56.75	57.96	60.35	58.7	57.18	58.21	58.36	55.28	53.03	57.32	57.32	55.96	50.1	52.65	56.63	56.47	56.82	55.12	57.51	57.62	52.26	57.34	55.69	54.84	58.79	56.46	56.31	55.79	58.14	58.63	58.6	51.59	62.45	60.78	60.75	52.7	50.81	56.25	58	55.33	55.73	57.03	57.8	52.9	54.61	54.87	54.73	51.98	58.5	56.44	55.5	59.31	60.36	57.65	58.81	59.49	55.2	54.78	55.9	56.79	56.43	56.19	50.26	56.63	55.41	54.17	54.05	55.95	56.74	54.07	50.55	55.65	55.69	53.02	55.38	49.72	56.77	56.95	57.19	57.46	55.89	53.52	60.31	59.05	57.12	51.86	51.59	58.16	55.94	55.99	55.32	57.63	57.43	53.79	52.81	54.69	52.56	53.93	56.95	53.42	54.25	54.04	54.92	54.82	55.06	54.27	53.96	51.37	53.96	51.89	55.5	54.56	47.32	51.64	52.1	52.72	54.4	52.93	53.64	55.81	50.56	53.4	51.99	50.82	53.31	48.15	54.26	52.83	53.05	54.87	53.57	52.76	57.02	55.37	52.13	49.74	49.68	54.86	54.47	53.24	52.97	52.28	53.42	51.27	50.96	50.81	48.9	52.68	54.23
zone1_00058	1	2026/04/28 18:43	5	0.1	64.16	63.45	62.32	59.23	60.54	62.04	62.01	63.76	57.45	63.5	60.97	60.55	65.72	64.08	63.28	63.93	61.07	59.28	64.03	62.15	63.22	58.5	62.42	62.4	63.27	64.49	64.17	61.78	64.76	63.74	63.81	63.43	59.5	60.46	64.54	63.9	61.8	65.63	63.87	61.85	62.69	63.12	59.53	62.97	64.23	59.96	64.89	63.03	62.47	59.32	57.18	58.21	58.36	55.28	53.03	57.32	57.32	55.96	50.1	52.65	56.63	56.47	56.82	55.12	57.51	57.62	52.26	57.34	55.69	54.84	58.79	56.46	56.31	55.79	58.14	58.63	58.6	51.59	62.45	60.78	60.75	52.7	50.81	56.25	58	55.33	55.73	57.03	57.8	52.9	54.61	54.87	54.73	51.98	58.5	53.57	51.5	55	55.09	51.4	58.81	59.49	55.2	54.78	55.9	56.79	56.43	56.19	50.26	56.63	55.41	54.17	54.05	55.95	56.74	54.07	50.55	55.65	55.69	53.02	55.38	49.72	56.77	56.95	57.19	57.46	55.89	53.52	60.31	59.05	57.12	51.86	51.59	58.16	55.94	55.99	55.32	57.63	57.43	53.79	52.81	54.69	52.56	53.93	56.95	52.54	54.78	53.86	53.03	51.24	55.06	54.27	53.96	51.37	53.96	51.89	55.5	54.56	47.32	51.64	52.1	52.72	54.4	52.93	53.64	55.81	50.56	53.4	51.99	50.82	53.31	48.15	54.26	52.83	53.05	54.87	53.57	52.76	57.02	55.37	52.13	49.74	49.68	54.86	54.47	53.24	52.97	52.28	53.42	51.27	50.96	50.81	48.9	52.68	54.23	47.71	51.1	52.92	52.74	48.4
zone1_00059	1	2026/04/28 18:43	5	0.1	62.04	62.01	63.76	57.45	63.5	60.97	60.55	65.72	64.08	63.28	63.93	61.07	59.28	64.03	62.15	63.22	58.5	62.42	62.4	63.27	64.49	64.17	61.78	64.76	63.74	63.81	63.43	59.5	60.46	64.54	63.9	61.8	65.63	63.87	61.85	62.69	63.12	59.53	62.97	64.23	59.96	64.89	63.03	62.47	59.32	60.52	63.09	59.89	62.77	63.37	57.32	57.32	55.96	50.1	52.65	56.63	56.47	56.82	55.12	57.51	57.62	52.26	57.34	55.69	54.84	58.79	56.46	56.31	55.79	58.14	58.63	58.6	51.59	62.45	60.78	60.75	52.7	50.81	56.25	58	55.33	55.73	57.03	57.8	52.9	54.61	54.87	54.73	51.98	58.5	53.57	51.5	55	55.09	51.4	49.31	58.24	56.58	52.99	58.85	56.79	56.43	56.19	50.26	56.63	55.41	54.17	54.05	55.95	56.74	54.07	50.55	55.65	55.69	53.02	55.38	49.72	56.77	56.95	57.19	57.46	55.89	53.52	60.31	59.05	57.12	51.86	51.59	58.16	55.94	55.99	55.32	57.63	57.43	53.79	52.81	54.69	52.56	53.93	56.95	52.54	54.78	53.86	53.03	51.24	51.59	57.37	54.53	55.78	56.75	51.89	55.5	54.56	47.32	51.64	52.1	52.72	54.4	52.93	53.64	55.81	50.56	53.4	51.99	50.82	53.31	48.15	54.26	52.83	53.05	54.87	53.57	52.76	57.02	55.37	52.13	49.74	49.68	54.86	54.47	53.24	52.97	52.28	53.42	51.27	50.96	50.81	48.9	52.68	54.23	47.71	51.1	52.92	52.74	48.4	49.02	54.13	50.64	49.25	51.78
zone1_00060	1	2026/04/28 18:43	5	0.1	60.97	60.55	65.72	64.08	63.28	63.93	61.07	59.28	64.03	62.15	63.22	58.5	62.42	62.4	63.27	64.49	64.17	61.78	64.76	63.74	63.81	63.43	59.5	60.46	64.54	63.9	61.8	65.63	63.87	61.85	62.69	63.12	59.53	62.97	64.23	59.96	64.89	63.03	62.47	59.32	60.52	63.09	59.89	62.77	63.37	61.84	61.4	61.4	61.31	61.31	56.63	56.47	56.82	55.12	57.51	57.62	52.26	57.34	55.69	54.84	58.79	56.46	56.31	55.79	58.14	58.63	58.6	51.59	62.45	60.78	60.75	52.7	50.81	56.25	58	55.33	55.73	57.03	57.8	52.9	54.61	54.87	54.73	51.98	58.5	53.57	51.5	55	55.09	51.4	49.31	58.24	56.58	52.99	58.85	55.37	54.65	54.65	52.11	53.64	55.41	54.17	54.05	55.95	56.74	54.07	50.55	55.65	55.69	53.02	55.38	49.72	56.77	56.95	57.19	57.46	55.89	53.52	60.31	59.05	57.12	51.86	51.59	58.16	55.94	55.99	55.32	57.63	57.43	53.79	52.81	54.69	52.56	53.93	56.95	52.54	54.78	53.86	53.03	51.24	51.59	57.37	54.53	55.78	56.75	53.5	53.03	54.29	55.38	56.09	52.1	52.72	54.4	52.93	53.64	55.81	50.56	53.4	51.99	50.82	53.31	48.15	54.26	52.83	53.05	54.87	53.57	52.76	57.02	55.37	52.13	49.74	49.68	54.86	54.47	53.24	52.97	52.28	53.42	51.27	50.96	50.81	48.9	52.68	54.23	47.71	51.1	52.92	52.74	48.4	49.02	54.13	50.64	49.25	51.78	50.89	49.48	49.49	54.38	50.38
zone1_00061	1	2026/04/28 18:43	5	0.1	63.93	61.07	59.28	64.03	62.15	63.22	58.5	62.42	62.4	63.27	64.49	64.17	61.78	64.76	63.74	63.81	63.43	59.5	60.46	64.54	63.9	61.8	65.63	63.87	61.85	62.69	63.12	59.53	62.97	64.23	59.96	64.89	63.03	62.47	59.32	60.52	63.09	59.89	62.77	63.37	61.84	61.4	61.4	61.31	61.31	61.31	63.66	63.06	63.06	63.06	57.62	52.26	57.34	55.69	54.84	58.79	56.46	56.31	55.79	58.14	58.63	58.6	51.59	62.45	60.78	60.75	52.7	50.81	56.25	58	55.33	55.73	57.03	57.8	52.9	54.61	54.87	54.73	51.98	58.5	53.57	51.5	55	55.09	51.4	49.31	58.24	56.58	52.99	58.85	55.37	54.65	54.65	52.11	53.64	54.06	56.03	56.96	57.17	55.31	54.07	50.55	55.65	55.69	53.02	55.38	49.72	56.77	56.95	57.19	57.46	55.89	53.52	60.31	59.05	57.12	51.86	51.59	58.16	55.94	55.99	55.32	57.63	57.43	53.79	52.81	54.69	52.56	53.93	56.95	52.54	54.78	53.86	53.03	51.24	51.59	57.37	54.53	55.78	56.75	53.5	53.03	54.29	55.38	56.09	50.45	58.17	56.91	49.94	55.64	55.81	50.56	53.4	51.99	50.82	53.31	48.15	54.26	52.83	53.05	54.87	53.57	52.76	57.02	55.37	52.13	49.74	49.68	54.86	54.47	53.24	52.97	52.28	53.42	51.27	50.96	50.81	48.9	52.68	54.23	47.71	51.1	52.92	52.74	48.4	49.02	54.13	50.64	49.25	51.78	50.89	49.48	49.49	54.38	50.38	46.82	56.01	54.55	47.22	52.66
zone1_00062	1	2026/04/28 18:43	5	0.1	63.22	58.5	62.42	62.4	63.27	64.49	64.17	61.78	64.76	63.74	63.81	63.43	59.5	60.46	64.54	63.9	61.8	65.63	63.87	61.85	62.69	63.12	59.53	62.97	64.23	59.96	64.89	63.03	62.47	59.32	60.52	63.09	59.89	62.77	63.37	61.84	61.4	61.4	61.31	61.31	61.31	63.66	63.06	63.06	63.06	63.06	63.06	63.06	63.06	63.06	58.79	56.46	56.31	55.79	58.14	58.63	58.6	51.59	62.45	60.78	60.75	52.7	50.81	56.25	58	55.33	55.73	57.03	57.8	52.9	54.61	54.87	54.73	51.98	58.5	53.57	51.5	55	55.09	51.4	49.31	58.24	56.58	52.99	58.85	55.37	54.65	54.65	52.11	53.64	54.06	56.03	56.96	57.17	55.31	49.53	49.53	53.79	57.14	57.14	55.38	49.72	56.77	56.95	57.19	57.46	55.89	53.52	60.31	59.05	57.12	51.86	51.59	58.16	55.94	55.99	55.32	57.63	57.43	53.79	52.81	54.69	52.56	53.93	56.95	52.54	54.78	53.86	53.03	51.24	51.59	57.37	54.53	55.78	56.75	53.5	53.03	54.29	55.38	56.09	50.45	58.17	56.91	49.94	55.64	54.19	48.12	52.19	59.79	58.72	53.31	48.15	54.26	52.83	53.05	54.87	53.57	52.76	57.02	55.37	52.13	49.74	49.68	54.86	54.47	53.24	52.97	52.28	53.42	51.27	50.96	50.81	48.9	52.68	54.23	47.71	51.1	52.92	52.74	48.4	49.02	54.13	50.64	49.25	51.78	50.89	49.48	49.49	54.38	50.38	46.82	56.01	54.55	47.22	52.66	51.27	47.9	49.41	56.19	55.61
zone1_00063	1	2026/04/28 18:43	5	0.1	64.49	64.17	61.78	64.76	63.74	63.81	63.43	59.5	60.46	64.54	63.9	61.8	65.63	63.87	61.85	62.69	63.12	59.53	62.97	64.23	59.96	64.89	63.03	62.47	59.32	60.52	63.09	59.89	62.77	63.37	61.84	61.4	61.4	61.31	61.31	61.31	63.66	63.06	63.06	63.06	63.06	63.06	63.06	63.06	63.06	63.06	63.06	63.06	63.06	56.24	58.63	58.6	51.59	62.45	60.78	60.75	52.7	50.81	56.25	58	55.33	55.73	57.03	57.8	52.9	54.61	54.87	54.73	51.98	58.5	53.57	51.5	55	55.09	51.4	49.31	58.24	56.58	52.99	58.85	55.37	54.65	54.65	52.11	53.64	54.06	56.03	56.96	57.17	55.31	49.53	49.53	53.79	57.14	57.14	55.28	53.67	49.03	54.19	54.19	57.46	55.89	53.52	60.31	59.05	57.12	51.86	51.59	58.16	55.94	55.99	55.32	57.63	57.43	53.79	52.81	54.69	52.56	53.93	56.95	52.54	54.78	53.86	53.03	51.24	51.59	57.37	54.53	55.78	56.75	53.5	53.03	54.29	55.38	56.09	50.45	58.17	56.91	49.94	55.64	54.19	48.12	52.19	59.79	58.72	58.51	53.74	49.89	51.63	51.63	54.87	53.57	52.76	57.02	55.37	52.13	49.74	49.68	54.86	54.47	53.24	52.97	52.28	53.42	51.27	50.96	50.81	48.9	52.68	54.23	47.71	51.1	52.92	52.74	48.4	49.02	54.13	50.64	49.25	51.78	50.89	49.48	49.49	54.38	50.38	46.82	56.01	54.55	47.22	52.66	51.27	47.9	49.41	56.19	55.61	52.08	52.91	48.48	48.67	51.38
zone1_00064	1	2026/04/28 18:43	5	0.1	63.81	63.43	59.5	60.46	64.54	63.9	61.8	65.63	63.87	61.85	62.69	63.12	59.53	62.97	64.23	59.96	64.89	63.03	62.47	59.32	60.52	63.09	59.89	62.77	63.37	61.84	61.4	61.4	61.31	61.31	61.31	63.66	63.06	63.06	63.06	63.06	63.06	63.06	63.06	63.06	63.06	63.06	63.06	63.06	56.24	62.49	59.71	60.44	65.36	67.42	60.75	52.7	50.81	56.25	58	55.33	55.73	57.03	57.8	52.9	54.61	54.87	54.73	51.98	58.5	53.57	51.5	55	55.09	51.4	49.31	58.24	56.58	52.99	58.85	55.37	54.65	54.65	52.11	53.64	54.06	56.03	56.96	57.17	55.31	49.53	49.53	53.79	57.14	57.14	55.28	53.67	49.03	54.19	54.19	54.19	54.09	53.97	51.57	51.57	57.12	51.86	51.59	58.16	55.94	55.99	55.32	57.63	57.43	53.79	52.81	54.69	52.56	53.93	56.95	52.54	54.78	53.86	53.03	51.24	51.59	57.37	54.53	55.78	56.75	53.5	53.03	54.29	55.38	56.09	50.45	58.17	56.91	49.94	55.64	54.19	48.12	52.19	59.79	58.72	58.51	53.74	49.89	51.63	51.63	51.63	50.32	50.32	49.86	54.13	52.13	49.74	49.68	54.86	54.47	53.24	52.97	52.28	53.42	51.27	50.96	50.81	48.9	52.68	54.23	47.71	51.1	52.92	52.74	48.4	49.02	54.13	50.64	49.25	51.78	50.89	49.48	49.49	54.38	50.38	46.82	56.01	54.55	47.22	52.66	51.27	47.9	49.41	56.19	55.61	52.08	52.91	48.48	48.67	51.38	52.48	52.75	48.67	52.87	55.55
zone1_00065	1	2026/04/28 18:43	5	0.1	63.9	61.8	65.63	63.87	61.85	62.69	63.12	59.53	62.97	64.23	59.96	64.89	63.03	62.47	59.32	60.52	63.09	59.89	62.77	63.37	61.84	61.4	61.4	61.31	61.31	61.31	63.66	63.06	63.06	63.06	63.06	63.06	63.06	63.06	63.06	63.06	63.06	63.06	63.06	56.24	62.49	59.71	60.44	65.36	67.42	64.1	60.2	61.87	60.22	64.38	55.33	55.73	57.03	57.8	52.9	54.61	54.87	54.73	51.98	58.5	53.57	51.5	55	55.09	51.4	49.31	58.24	56.58	52.99	58.85	55.37	54.65	54.65	52.11	53.64	54.06	56.03	56.96	57.17	55.31	49.53	49.53	53.79	57.14	57.14	55.28	53.67	49.03	54.19	54.19	54.19	54.09	53.97	51.57	51.57	52.08	50.64	50.72	57.94	50.54	55.99	55.32	57.63	57.43	53.79	52.81	54.69	52.56	53.93	56.95	52.54	54.78	53.86	53.03	51.24	51.59	57.37	54.53	55.78	56.75	53.5	53.03	54.29	55.38	56.09	50.45	58.17	56.91	49.94	55.64	54.19	48.12	52.19	59.79	58.72	58.51	53.74	49.89	51.63	51.63	51.63	50.32	50.32	49.86	54.13	52.2	54.43	52.58	52.84	53.43	53.24	52.97	52.28	53.42	51.27	50.96	50.81	48.9	52.68	54.23	47.71	51.1	52.92	52.74	48.4	49.02	54.13	50.64	49.25	51.78	50.89	49.48	49.49	54.38	50.38	46.82	56.01	54.55	47.22	52.66	51.27	47.9	49.41	56.19	55.61	52.08	52.91	48.48	48.67	51.38	52.48	52.75	48.67	52.87	55.55	52.32	48.16	49.4	47.49	50.22
zone1_00066	1	2026/04/28 18:43	5	0.1	62.69	63.12	59.53	62.97	64.23	59.96	64.89	63.03	62.47	59.32	60.52	63.09	59.89	62.77	63.37	61.84	61.4	61.4	61.31	61.31	61.31	63.66	63.06	63.06	63.06	63.06	63.06	63.06	63.06	63.06	63.06	63.06	63.06	63.06	56.24	62.49	59.71	60.44	65.36	67.42	64.1	60.2	61.87	60.22	64.38	63.44	63.07	66.1	64.61	67.38	54.61	54.87	54.73	51.98	58.5	53.57	51.5	55	55.09	51.4	49.31	58.24	56.58	52.99	58.85	55.37	54.65	54.65	52.11	53.64	54.06	56.03	56.96	57.17	55.31	49.53	49.53	53.79	57.14	57.14	55.28	53.67	49.03	54.19	54.19	54.19	54.09	53.97	51.57	51.57	52.08	50.64	50.72	57.94	50.54	57.08	51.02	51.93	54.55	53.86	52.81	54.69	52.56	53.93	56.95	52.54	54.78	53.86	53.03	51.24	51.59	57.37	54.53	55.78	56.75	53.5	53.03	54.29	55.38	56.09	50.45	58.17	56.91	49.94	55.64	54.19	48.12	52.19	59.79	58.72	58.51	53.74	49.89	51.63	51.63	51.63	50.32	50.32	49.86	54.13	52.2	54.43	52.58	52.84	53.43	53.74	49.12	54.15	56.14	55.65	50.96	50.81	48.9	52.68	54.23	47.71	51.1	52.92	52.74	48.4	49.02	54.13	50.64	49.25	51.78	50.89	49.48	49.49	54.38	50.38	46.82	56.01	54.55	47.22	52.66	51.27	47.9	49.41	56.19	55.61	52.08	52.91	48.48	48.67	51.38	52.48	52.75	48.67	52.87	55.55	52.32	48.16	49.4	47.49	50.22	52.34	47.99	49.74	50.95	52.56
zone1_00067	1	2026/04/28 18:43	5	0.1	59.96	64.89	63.03	62.47	59.32	60.52	63.09	59.89	62.77	63.37	61.84	61.4	61.4	61.31	61.31	61.31	63.66	63.06	63.06	63.06	63.06	63.06	63.06	63.06	63.06	63.06	63.06	63.06	63.06	56.24	62.49	59.71	60.44	65.36	67.42	64.1	60.2	61.87	60.22	64.38	63.44	63.07	66.1	64.61	67.38	64.8	61.98	67.33	64.38	65.03	53.57	51.5	55	55.09	51.4	49.31	58.24	56.58	52.99	58.85	55.37	54.65	54.65	52.11	53.64	54.06	56.03	56.96	57.17	55.31	49.53	49.53	53.79	57.14	57.14	55.28	53.67	49.03	54.19	54.19	54.19	54.09	53.97	51.57	51.57	52.08	50.64	50.72	57.94	50.54	57.08	51.02	51.93	54.55	53.86	53.49	49.55	54.86	54.32	51.88	52.54	54.78	53.86	53.03	51.24	51.59	57.37	54.53	55.78	56.75	53.5	53.03	54.29	55.38	56.09	50.45	58.17	56.91	49.94	55.64	54.19	48.12	52.19	59.79	58.72	58.51	53.74	49.89	51.63	51.63	51.63	50.32	50.32	49.86	54.13	52.2	54.43	52.58	52.84	53.43	53.74	49.12	54.15	56.14	55.65	53.29	49.41	58.12	57.82	52.87	47.71	51.1	52.92	52.74	48.4	49.02	54.13	50.64	49.25	51.78	50.89	49.48	49.49	54.38	50.38	46.82	56.01	54.55	47.22	52.66	51.27	47.9	49.41	56.19	55.61	52.08	52.91	48.48	48.67	51.38	52.48	52.75	48.67	52.87	55.55	52.32	48.16	49.4	47.49	50.22	52.34	47.99	49.74	50.95	52.56	51.72	46.57	55.05	53.62	48.51
zone1_00068	1	2026/04/28 18:43	5	0.1	60.52	63.09	59.89	62.77	63.37	61.84	61.4	61.4	61.31	61.31	61.31	63.66	63.06	63.06	63.06	63.06	63.06	63.06	63.06	63.06	63.06	63.06	63.06	63.06	56.24	62.49	59.71	60.44	65.36	67.42	64.1	60.2	61.87	60.22	64.38	63.44	63.07	66.1	64.61	67.38	64.8	61.98	67.33	64.38	65.03	65.79	65.38	65.77	65.55	66.01	49.31	58.24	56.58	52.99	58.85	55.37	54.65	54.65	52.11	53.64	54.06	56.03	56.96	57.17	55.31	49.53	49.53	53.79	57.14	57.14	55.28	53.67	49.03	54.19	54.19	54.19	54.09	53.97	51.57	51.57	52.08	50.64	50.72	57.94	50.54	57.08	51.02	51.93	54.55	53.86	53.49	49.55	54.86	54.32	51.88	59.47	58.79	56.92	54	58.14	51.59	57.37	54.53	55.78	56.75	53.5	53.03	54.29	55.38	56.09	50.45	58.17	56.91	49.94	55.64	54.19	48.12	52.19	59.79	58.72	58.51	53.74	49.89	51.63	51.63	51.63	50.32	50.32	49.86	54.13	52.2	54.43	52.58	52.84	53.43	53.74	49.12	54.15	56.14	55.65	53.29	49.41	58.12	57.82	52.87	58.01	56.52	56.85	57.45	57.78	49.02	54.13	50.64	49.25	51.78	50.89	49.48	49.49	54.38	50.38	46.82	56.01	54.55	47.22	52.66	51.27	47.9	49.41	56.19	55.61	52.08	52.91	48.48	48.67	51.38	52.48	52.75	48.67	52.87	55.55	52.32	48.16	49.4	47.49	50.22	52.34	47.99	49.74	50.95	52.56	51.72	46.57	55.05	53.62	48.51	52.32	53.45	51.92	52.24	55.29
zone1_00069	1	2026/04/28 18:43	5	0.1	61.84	61.4	61.4	61.31	61.31	61.31	63.66	63.06	63.06	63.06	63.06	63.06	63.06	63.06	63.06	63.06	63.06	63.06	63.06	56.24	62.49	59.71	60.44	65.36	67.42	64.1	60.2	61.87	60.22	64.38	63.44	63.07	66.1	64.61	67.38	64.8	61.98	67.33	64.38	65.03	65.79	65.38	65.77	65.55	66.01	66.72	63.61	64.07	64.29	57.99	55.37	54.65	54.65	52.11	53.64	54.06	56.03	56.96	57.17	55.31	49.53	49.53	53.79	57.14	57.14	55.28	53.67	49.03	54.19	54.19	54.19	54.09	53.97	51.57	51.57	52.08	50.64	50.72	57.94	50.54	57.08	51.02	51.93	54.55	53.86	53.49	49.55	54.86	54.32	51.88	59.47	58.79	56.92	54	58.14	56.26	51.58	51.96	56.01	51.95	53.5	53.03	54.29	55.38	56.09	50.45	58.17	56.91	49.94	55.64	54.19	48.12	52.19	59.79	58.72	58.51	53.74	49.89	51.63	51.63	51.63	50.32	50.32	49.86	54.13	52.2	54.43	52.58	52.84	53.43	53.74	49.12	54.15	56.14	55.65	53.29	49.41	58.12	57.82	52.87	58.01	56.52	56.85	57.45	57.78	57.67	51.59	53.89	60.3	51.27	50.89	49.48	49.49	54.38	50.38	46.82	56.01	54.55	47.22	52.66	51.27	47.9	49.41	56.19	55.61	52.08	52.91	48.48	48.67	51.38	52.48	52.75	48.67	52.87	55.55	52.32	48.16	49.4	47.49	50.22	52.34	47.99	49.74	50.95	52.56	51.72	46.57	55.05	53.62	48.51	52.32	53.45	51.92	52.24	55.29	53.12	50.31	50.07	55.69	46.49
zone1_00070	1	2026/04/28 18:43	5	0.1	61.31	63.66	63.06	63.06	63.06	63.06	63.06	63.06	63.06	63.06	63.06	63.06	63.06	63.06	56.24	62.49	59.71	60.44	65.36	67.42	64.1	60.2	61.87	60.22	64.38	63.44	63.07	66.1	64.61	67.38	64.8	61.98	67.33	64.38	65.03	65.79	65.38	65.77	65.55	66.01	66.72	63.61	64.07	64.29	57.99	65.95	65.36	60.44	62.69	64.78	54.06	56.03	56.96	57.17	55.31	49.53	49.53	53.79	57.14	57.14	55.28	53.67	49.03	54.19	54.19	54.19	54.09	53.97	51.57	51.57	52.08	50.64	50.72	57.94	50.54	57.08	51.02	51.93	54.55	53.86	53.49	49.55	54.86	54.32	51.88	59.47	58.79	56.92	54	58.14	56.26	51.58	51.96	56.01	51.95	55.9	56.26	53.38	50.89	54.13	50.45	58.17	56.91	49.94	55.64	54.19	48.12	52.19	59.79	58.72	58.51	53.74	49.89	51.63	51.63	51.63	50.32	50.32	49.86	54.13	52.2	54.43	52.58	52.84	53.43	53.74	49.12	54.15	56.14	55.65	53.29	49.41	58.12	57.82	52.87	58.01	56.52	56.85	57.45	57.78	57.67	51.59	53.89	60.3	51.27	56.52	57.81	52.43	51.14	55.65	46.82	56.01	54.55	47.22	52.66	51.27	47.9	49.41	56.19	55.61	52.08	52.91	48.48	48.67	51.38	52.48	52.75	48.67	52.87	55.55	52.32	48.16	49.4	47.49	50.22	52.34	47.99	49.74	50.95	52.56	51.72	46.57	55.05	53.62	48.51	52.32	53.45	51.92	52.24	55.29	53.12	50.31	50.07	55.69	46.49	50.52	52.82	48.49	49.49	51.43
zone1_00071	1	2026/04/28 18:43	5	0.1	63.06	63.06	63.06	63.06	63.06	63.06	63.06	63.06	63.06	56.24	62.49	59.71	60.44	65.36	67.42	64.1	60.2	61.87	60.22	64.38	63.44	63.07	66.1	64.61	67.38	64.8	61.98	67.33	64.38	65.03	65.79	65.38	65.77	65.55	66.01	66.72	63.61	64.07	64.29	57.99	65.95	65.36	60.44	62.69	64.78	67.75	64.52	64.39	66.92	66.24	49.53	49.53	53.79	57.14	57.14	55.28	53.67	49.03	54.19	54.19	54.19	54.09	53.97	51.57	51.57	52.08	50.64	50.72	57.94	50.54	57.08	51.02	51.93	54.55	53.86	53.49	49.55	54.86	54.32	51.88	59.47	58.79	56.92	54	58.14	56.26	51.58	51.96	56.01	51.95	55.9	56.26	53.38	50.89	54.13	56.58	53.71	52.37	56.37	55.43	54.19	48.12	52.19	59.79	58.72	58.51	53.74	49.89	51.63	51.63	51.63	50.32	50.32	49.86	54.13	52.2	54.43	52.58	52.84	53.43	53.74	49.12	54.15	56.14	55.65	53.29	49.41	58.12	57.82	52.87	58.01	56.52	56.85	57.45	57.78	57.67	51.59	53.89	60.3	51.27	56.52	57.81	52.43	51.14	55.65	55.43	53.1	51.84	55.92	56.97	51.27	47.9	49.41	56.19	55.61	52.08	52.91	48.48	48.67	51.38	52.48	52.75	48.67	52.87	55.55	52.32	48.16	49.4	47.49	50.22	52.34	47.99	49.74	50.95	52.56	51.72	46.57	55.05	53.62	48.51	52.32	53.45	51.92	52.24	55.29	53.12	50.31	50.07	55.69	46.49	50.52	52.82	48.49	49.49	51.43	54.4	51.28	50.2	50.68	51.31
zone1_00072	1	2026/04/28 18:43	5	0.1	63.06	63.06	63.06	63.06	56.24	62.49	59.71	60.44	65.36	67.42	64.1	60.2	61.87	60.22	64.38	63.44	63.07	66.1	64.61	67.38	64.8	61.98	67.33	64.38	65.03	65.79	65.38	65.77	65.55	66.01	66.72	63.61	64.07	64.29	57.99	65.95	65.36	60.44	62.69	64.78	67.75	64.52	64.39	66.92	66.24	66.4	68.99	68.67	63.64	64.42	55.28	53.67	49.03	54.19	54.19	54.19	54.09	53.97	51.57	51.57	52.08	50.64	50.72	57.94	50.54	57.08	51.02	51.93	54.55	53.86	53.49	49.55	54.86	54.32	51.88	59.47	58.79	56.92	54	58.14	56.26	51.58	51.96	56.01	51.95	55.9	56.26	53.38	50.89	54.13	56.58	53.71	52.37	56.37	55.43	52.27	58.15	59.46	56.2	54.85	58.51	53.74	49.89	51.63	51.63	51.63	50.32	50.32	49.86	54.13	52.2	54.43	52.58	52.84	53.43	53.74	49.12	54.15	56.14	55.65	53.29	49.41	58.12	57.82	52.87	58.01	56.52	56.85	57.45	57.78	57.67	51.59	53.89	60.3	51.27	56.52	57.81	52.43	51.14	55.65	55.43	53.1	51.84	55.92	56.97	56.13	58.69	60.25	55.46	56.72	52.08	52.91	48.48	48.67	51.38	52.48	52.75	48.67	52.87	55.55	52.32	48.16	49.4	47.49	50.22	52.34	47.99	49.74	50.95	52.56	51.72	46.57	55.05	53.62	48.51	52.32	53.45	51.92	52.24	55.29	53.12	50.31	50.07	55.69	46.49	50.52	52.82	48.49	49.49	51.43	54.4	51.28	50.2	50.68	51.31	47.56	52.85	53.55	50.43	50.91
zone1_00073	1	2026/04/28 18:43	5	0.1	62.49	59.71	60.44	65.36	67.42	64.1	60.2	61.87	60.22	64.38	63.44	63.07	66.1	64.61	67.38	64.8	61.98	67.33	64.38	65.03	65.79	65.38	65.77	65.55	66.01	66.72	63.61	64.07	64.29	57.99	65.95	65.36	60.44	62.69	64.78	67.75	64.52	64.39	66.92	66.24	66.4	68.99	68.67	63.64	64.42	65.28	64.27	60.92	64.02	62.21	54.19	54.09	53.97	51.57	51.57	52.08	50.64	50.72	57.94	50.54	57.08	51.02	51.93	54.55	53.86	53.49	49.55	54.86	54.32	51.88	59.47	58.79	56.92	54	58.14	56.26	51.58	51.96	56.01	51.95	55.9	56.26	53.38	50.89	54.13	56.58	53.71	52.37	56.37	55.43	52.27	58.15	59.46	56.2	54.85	54.85	54.85	54.85	54.85	54.94	51.63	50.32	50.32	49.86	54.13	52.2	54.43	52.58	52.84	53.43	53.74	49.12	54.15	56.14	55.65	53.29	49.41	58.12	57.82	52.87	58.01	56.52	56.85	57.45	57.78	57.67	51.59	53.89	60.3	51.27	56.52	57.81	52.43	51.14	55.65	55.43	53.1	51.84	55.92	56.97	56.13	58.69	60.25	55.46	56.72	58.33	56.55	51.91	56.3	55.73	52.48	52.75	48.67	52.87	55.55	52.32	48.16	49.4	47.49	50.22	52.34	47.99	49.74	50.95	52.56	51.72	46.57	55.05	53.62	48.51	52.32	53.45	51.92	52.24	55.29	53.12	50.31	50.07	55.69	46.49	50.52	52.82	48.49	49.49	51.43	54.4	51.28	50.2	50.68	51.31	47.56	52.85	53.55	50.43	50.91	53.78	52.56	49.2	51.1	50.65
zone1_00074	1	2026/04/28 18:43	5	0.1	64.1	60.2	61.87	60.22	64.38	63.44	63.07	66.1	64.61	67.38	64.8	61.98	67.33	64.38	65.03	65.79	65.38	65.77	65.55	66.01	66.72	63.61	64.07	64.29	57.99	65.95	65.36	60.44	62.69	64.78	67.75	64.52	64.39	66.92	66.24	66.4	68.99	68.67	63.64	64.42	65.28	64.27	60.92	64.02	62.21	57.11	62.11	61.59	60.08	63.04	52.08	50.64	50.72	57.94	50.54	57.08	51.02	51.93	54.55	53.86	53.49	49.55	54.86	54.32	51.88	59.47	58.79	56.92	54	58.14	56.26	51.58	51.96	56.01	51.95	55.9	56.26	53.38	50.89	54.13	56.58	53.71	52.37	56.37	55.43	52.27	58.15	59.46	56.2	54.85	54.85	54.85	54.85	54.85	54.94	52.49	53.83	55.08	52.36	56.07	52.2	54.43	52.58	52.84	53.43	53.74	49.12	54.15	56.14	55.65	53.29	49.41	58.12	57.82	52.87	58.01	56.52	56.85	57.45	57.78	57.67	51.59	53.89	60.3	51.27	56.52	57.81	52.43	51.14	55.65	55.43	53.1	51.84	55.92	56.97	56.13	58.69	60.25	55.46	56.72	58.33	56.55	51.91	56.3	55.73	51.74	53.12	53	52.37	56	52.32	48.16	49.4	47.49	50.22	52.34	47.99	49.74	50.95	52.56	51.72	46.57	55.05	53.62	48.51	52.32	53.45	51.92	52.24	55.29	53.12	50.31	50.07	55.69	46.49	50.52	52.82	48.49	49.49	51.43	54.4	51.28	50.2	50.68	51.31	47.56	52.85	53.55	50.43	50.91	53.78	52.56	49.2	51.1	50.65	49.44	49.81	52.82	47.96	51.73
zone1_00075	1	2026/04/28 18:43	5	0.1	63.44	63.07	66.1	64.61	67.38	64.8	61.98	67.33	64.38	65.03	65.79	65.38	65.77	65.55	66.01	66.72	63.61	64.07	64.29	57.99	65.95	65.36	60.44	62.69	64.78	67.75	64.52	64.39	66.92	66.24	66.4	68.99	68.67	63.64	64.42	65.28	64.27	60.92	64.02	62.21	57.11	62.11	61.59	60.08	63.04	62.05	63.15	58.87	56.48	63.16	57.08	51.02	51.93	54.55	53.86	53.49	49.55	54.86	54.32	51.88	59.47	58.79	56.92	54	58.14	56.26	51.58	51.96	56.01	51.95	55.9	56.26	53.38	50.89	54.13	56.58	53.71	52.37	56.37	55.43	52.27	58.15	59.46	56.2	54.85	54.85	54.85	54.85	54.85	54.94	52.49	53.83	55.08	52.36	56.07	57.62	53.25	50.25	49.55	53.44	53.74	49.12	54.15	56.14	55.65	53.29	49.41	58.12	57.82	52.87	58.01	56.52	56.85	57.45	57.78	57.67	51.59	53.89	60.3	51.27	56.52	57.81	52.43	51.14	55.65	55.43	53.1	51.84	55.92	56.97	56.13	58.69	60.25	55.46	56.72	58.33	56.55	51.91	56.3	55.73	51.74	53.12	53	52.37	56	54.58	52.94	50.89	48.28	55.79	52.34	47.99	49.74	50.95	52.56	51.72	46.57	55.05	53.62	48.51	52.32	53.45	51.92	52.24	55.29	53.12	50.31	50.07	55.69	46.49	50.52	52.82	48.49	49.49	51.43	54.4	51.28	50.2	50.68	51.31	47.56	52.85	53.55	50.43	50.91	53.78	52.56	49.2	51.1	50.65	49.44	49.81	52.82	47.96	51.73	51.17	51.01	47.32	46.08	52.44
zone1_00076	1	2026/04/28 18:43	5	0.1	64.8	61.98	67.33	64.38	65.03	65.79	65.38	65.77	65.55	66.01	66.72	63.61	64.07	64.29	57.99	65.95	65.36	60.44	62.69	64.78	67.75	64.52	64.39	66.92	66.24	66.4	68.99	68.67	63.64	64.42	65.28	64.27	60.92	64.02	62.21	57.11	62.11	61.59	60.08	63.04	62.05	63.15	58.87	56.48	63.16	59.47	63.49	62.85	61.15	61.65	53.49	49.55	54.86	54.32	51.88	59.47	58.79	56.92	54	58.14	56.26	51.58	51.96	56.01	51.95	55.9	56.26	53.38	50.89	54.13	56.58	53.71	52.37	56.37	55.43	52.27	58.15	59.46	56.2	54.85	54.85	54.85	54.85	54.85	54.94	52.49	53.83	55.08	52.36	56.07	57.62	53.25	50.25	49.55	53.44	51.08	54.65	54.1	52.3	54.71	53.29	49.41	58.12	57.82	52.87	58.01	56.52	56.85	57.45	57.78	57.67	51.59	53.89	60.3	51.27	56.52	57.81	52.43	51.14	55.65	55.43	53.1	51.84	55.92	56.97	56.13	58.69	60.25	55.46	56.72	58.33	56.55	51.91	56.3	55.73	51.74	53.12	53	52.37	56	54.58	52.94	50.89	48.28	55.79	51.22	54.14	55.13	51.72	54.61	51.72	46.57	55.05	53.62	48.51	52.32	53.45	51.92	52.24	55.29	53.12	50.31	50.07	55.69	46.49	50.52	52.82	48.49	49.49	51.43	54.4	51.28	50.2	50.68	51.31	47.56	52.85	53.55	50.43	50.91	53.78	52.56	49.2	51.1	50.65	49.44	49.81	52.82	47.96	51.73	51.17	51.01	47.32	46.08	52.44	49.1	51.03	52.19	50.66	52.59
zone1_00077	1	2026/04/28 18:43	5	0.1	65.79	65.38	65.77	65.55	66.01	66.72	63.61	64.07	64.29	57.99	65.95	65.36	60.44	62.69	64.78	67.75	64.52	64.39	66.92	66.24	66.4	68.99	68.67	63.64	64.42	65.28	64.27	60.92	64.02	62.21	57.11	62.11	61.59	60.08	63.04	62.05	63.15	58.87	56.48	63.16	59.47	63.49	62.85	61.15	61.65	61.65	61.65	61.65	61.65	61.65	59.47	58.79	56.92	54	58.14	56.26	51.58	51.96	56.01	51.95	55.9	56.26	53.38	50.89	54.13	56.58	53.71	52.37	56.37	55.43	52.27	58.15	59.46	56.2	54.85	54.85	54.85	54.85	54.85	54.94	52.49	53.83	55.08	52.36	56.07	57.62	53.25	50.25	49.55	53.44	51.08	54.65	54.1	52.3	54.71	54.17	58.17	57.66	52.28	53.55	58.01	56.52	56.85	57.45	57.78	57.67	51.59	53.89	60.3	51.27	56.52	57.81	52.43	51.14	55.65	55.43	53.1	51.84	55.92	56.97	56.13	58.69	60.25	55.46	56.72	58.33	56.55	51.91	56.3	55.73	51.74	53.12	53	52.37	56	54.58	52.94	50.89	48.28	55.79	51.22	54.14	55.13	51.72	54.61	57.26	58.02	55.21	52.28	53.46	52.32	53.45	51.92	52.24	55.29	53.12	50.31	50.07	55.69	46.49	50.52	52.82	48.49	49.49	51.43	54.4	51.28	50.2	50.68	51.31	47.56	52.85	53.55	50.43	50.91	53.78	52.56	49.2	51.1	50.65	49.44	49.81	52.82	47.96	51.73	51.17	51.01	47.32	46.08	52.44	49.1	51.03	52.19	50.66	52.59	53.13	53.9	53.93	50.99	52.32
zone1_00078	1	2026/04/28 18:43	5	0.1	66.72	63.61	64.07	64.29	57.99	65.95	65.36	60.44	62.69	64.78	67.75	64.52	64.39	66.92	66.24	66.4	68.99	68.67	63.64	64.42	65.28	64.27	60.92	64.02	62.21	57.11	62.11	61.59	60.08	63.04	62.05	63.15	58.87	56.48	63.16	59.47	63.49	62.85	61.15	61.65	61.65	61.65	61.65	61.65	61.65	65.21	65.21	65.21	65.21	65.21	56.26	51.58	51.96	56.01	51.95	55.9	56.26	53.38	50.89	54.13	56.58	53.71	52.37	56.37	55.43	52.27	58.15	59.46	56.2	54.85	54.85	54.85	54.85	54.85	54.94	52.49	53.83	55.08	52.36	56.07	57.62	53.25	50.25	49.55	53.44	51.08	54.65	54.1	52.3	54.71	54.17	58.17	57.66	52.28	53.55	54.46	51.72	55.23	52.74	52.74	57.67	51.59	53.89	60.3	51.27	56.52	57.81	52.43	51.14	55.65	55.43	53.1	51.84	55.92	56.97	56.13	58.69	60.25	55.46	56.72	58.33	56.55	51.91	56.3	55.73	51.74	53.12	53	52.37	56	54.58	52.94	50.89	48.28	55.79	51.22	54.14	55.13	51.72	54.61	57.26	58.02	55.21	52.28	53.46	54.74	53.86	54.61	54.28	54.65	53.12	50.31	50.07	55.69	46.49	50.52	52.82	48.49	49.49	51.43	54.4	51.28	50.2	50.68	51.31	47.56	52.85	53.55	50.43	50.91	53.78	52.56	49.2	51.1	50.65	49.44	49.81	52.82	47.96	51.73	51.17	51.01	47.32	46.08	52.44	49.1	51.03	52.19	50.66	52.59	53.13	53.9	53.93	50.99	52.32	51.91	51.26	52.35	51.43	48.28
zone1_00079	1	2026/04/28 18:43	5	0.1	65.95	65.36	60.44	62.69	64.78	67.75	64.52	64.39	66.92	66.24	66.4	68.99	68.67	63.64	64.42	65.28	64.27	60.92	64.02	62.21	57.11	62.11	61.59	60.08	63.04	62.05	63.15	58.87	56.48	63.16	59.47	63.49	62.85	61.15	61.65	61.65	61.65	61.65	61.65	61.65	65.21	65.21	65.21	65.21	65.21	58.89	63.04	61.69	59.24	60.99	55.9	56.26	53.38	50.89	54.13	56.58	53.71	52.37	56.37	55.43	52.27	58.15	59.46	56.2	54.85	54.85	54.85	54.85	54.85	54.94	52.49	53.83	55.08	52.36	56.07	57.62	53.25	50.25	49.55	53.44	51.08	54.65	54.1	52.3	54.71	54.17	58.17	57.66	52.28	53.55	54.46	51.72	55.23	52.74	52.74	50.65	51.83	53.92	52.57	55.28	56.52	57.81	52.43	51.14	55.65	55.43	53.1	51.84	55.92	56.97	56.13	58.69	60.25	55.46	56.72	58.33	56.55	51.91	56.3	55.73	51.74	53.12	53	52.37	56	54.58	52.94	50.89	48.28	55.79	51.22	54.14	55.13	51.72	54.61	57.26	58.02	55.21	52.28	53.46	54.74	53.86	54.61	54.28	54.65	53.75	53.63	55.29	52.74	55.28	50.52	52.82	48.49	49.49	51.43	54.4	51.28	50.2	50.68	51.31	47.56	52.85	53.55	50.43	50.91	53.78	52.56	49.2	51.1	50.65	49.44	49.81	52.82	47.96	51.73	51.17	51.01	47.32	46.08	52.44	49.1	51.03	52.19	50.66	52.59	53.13	53.9	53.93	50.99	52.32	51.91	51.26	52.35	51.43	48.28	50.86	47.62	51.9	50.3	49.96
zone1_00080	1	2026/04/28 18:43	5	0.1	67.75	64.52	64.39	66.92	66.24	66.4	68.99	68.67	63.64	64.42	65.28	64.27	60.92	64.02	62.21	57.11	62.11	61.59	60.08	63.04	62.05	63.15	58.87	56.48	63.16	59.47	63.49	62.85	61.15	61.65	61.65	61.65	61.65	61.65	61.65	65.21	65.21	65.21	65.21	65.21	58.89	63.04	61.69	59.24	60.99	60.67	60.67	62.49	63.9	61.64	56.58	53.71	52.37	56.37	55.43	52.27	58.15	59.46	56.2	54.85	54.85	54.85	54.85	54.85	54.94	52.49	53.83	55.08	52.36	56.07	57.62	53.25	50.25	49.55	53.44	51.08	54.65	54.1	52.3	54.71	54.17	58.17	57.66	52.28	53.55	54.46	51.72	55.23	52.74	52.74	50.65	51.83	53.92	52.57	55.28	53.89	54.94	56.37	58.43	55.29	55.43	53.1	51.84	55.92	56.97	56.13	58.69	60.25	55.46	56.72	58.33	56.55	51.91	56.3	55.73	51.74	53.12	53	52.37	56	54.58	52.94	50.89	48.28	55.79	51.22	54.14	55.13	51.72	54.61	57.26	58.02	55.21	52.28	53.46	54.74	53.86	54.61	54.28	54.65	53.75	53.63	55.29	52.74	55.28	53.99	56.64	56.37	57.51	54.74	54.4	51.28	50.2	50.68	51.31	47.56	52.85	53.55	50.43	50.91	53.78	52.56	49.2	51.1	50.65	49.44	49.81	52.82	47.96	51.73	51.17	51.01	47.32	46.08	52.44	49.1	51.03	52.19	50.66	52.59	53.13	53.9	53.93	50.99	52.32	51.91	51.26	52.35	51.43	48.28	50.86	47.62	51.9	50.3	49.96	50.71	52.42	54.33	52.9	51.25
zone1_00081	1	2026/04/28 18:43	5	0.1	66.4	68.99	68.67	63.64	64.42	65.28	64.27	60.92	64.02	62.21	57.11	62.11	61.59	60.08	63.04	62.05	63.15	58.87	56.48	63.16	59.47	63.49	62.85	61.15	61.65	61.65	61.65	61.65	61.65	61.65	65.21	65.21	65.21	65.21	65.21	58.89	63.04	61.69	59.24	60.99	60.67	60.67	62.49	63.9	61.64	61.67	61.65	61.65	61.65	61.65	52.27	58.15	59.46	56.2	54.85	54.85	54.85	54.85	54.85	54.94	52.49	53.83	55.08	52.36	56.07	57.62	53.25	50.25	49.55	53.44	51.08	54.65	54.1	52.3	54.71	54.17	58.17	57.66	52.28	53.55	54.46	51.72	55.23	52.74	52.74	50.65	51.83	53.92	52.57	55.28	53.89	54.94	56.37	58.43	55.29	55.39	55.65	56.25	60.05	58.33	56.13	58.69	60.25	55.46	56.72	58.33	56.55	51.91	56.3	55.73	51.74	53.12	53	52.37	56	54.58	52.94	50.89	48.28	55.79	51.22	54.14	55.13	51.72	54.61	57.26	58.02	55.21	52.28	53.46	54.74	53.86	54.61	54.28	54.65	53.75	53.63	55.29	52.74	55.28	53.99	56.64	56.37	57.51	54.74	55.65	55.78	57.75	59.68	57.07	47.56	52.85	53.55	50.43	50.91	53.78	52.56	49.2	51.1	50.65	49.44	49.81	52.82	47.96	51.73	51.17	51.01	47.32	46.08	52.44	49.1	51.03	52.19	50.66	52.59	53.13	53.9	53.93	50.99	52.32	51.91	51.26	52.35	51.43	48.28	50.86	47.62	51.9	50.3	49.96	50.71	52.42	54.33	52.9	51.25	52.47	53.47	55.34	56.15	55.28
zone1_00082	1	2026/04/28 18:43	5	0.1	65.28	64.27	60.92	64.02	62.21	57.11	62.11	61.59	60.08	63.04	62.05	63.15	58.87	56.48	63.16	59.47	63.49	62.85	61.15	61.65	61.65	61.65	61.65	61.65	61.65	65.21	65.21	65.21	65.21	65.21	58.89	63.04	61.69	59.24	60.99	60.67	60.67	62.49	63.9	61.64	61.67	61.65	61.65	61.65	61.65	61.65	61.72	61.72	61.72	61.9	54.85	54.85	54.85	54.85	54.94	52.49	53.83	55.08	52.36	56.07	57.62	53.25	50.25	49.55	53.44	51.08	54.65	54.1	52.3	54.71	54.17	58.17	57.66	52.28	53.55	54.46	51.72	55.23	52.74	52.74	50.65	51.83	53.92	52.57	55.28	53.89	54.94	56.37	58.43	55.29	55.39	55.65	56.25	60.05	58.33	58.18	58.49	58.55	57.7	54.53	58.33	56.55	51.91	56.3	55.73	51.74	53.12	53	52.37	56	54.58	52.94	50.89	48.28	55.79	51.22	54.14	55.13	51.72	54.61	57.26	58.02	55.21	52.28	53.46	54.74	53.86	54.61	54.28	54.65	53.75	53.63	55.29	52.74	55.28	53.99	56.64	56.37	57.51	54.74	55.65	55.78	57.75	59.68	57.07	56.2	57.77	56.9	54.57	52.53	53.78	52.56	49.2	51.1	50.65	49.44	49.81	52.82	47.96	51.73	51.17	51.01	47.32	46.08	52.44	49.1	51.03	52.19	50.66	52.59	53.13	53.9	53.93	50.99	52.32	51.91	51.26	52.35	51.43	48.28	50.86	47.62	51.9	50.3	49.96	50.71	52.42	54.33	52.9	51.25	52.47	53.47	55.34	56.15	55.28	54.4	53.29	55.49	51.76	49.1
zone1_00083	1	2026/04/28 18:43	5	0.1	57.11	62.11	61.59	60.08	63.04	62.05	63.15	58.87	56.48	63.16	59.47	63.49	62.85	61.15	61.65	61.65	61.65	61.65	61.65	61.65	65.21	65.21	65.21	65.21	65.21	58.89	63.04	61.69	59.24	60.99	60.67	60.67	62.49	63.9	61.64	61.67	61.65	61.65	61.65	61.65	61.65	61.72	61.72	61.72	61.9	59.98	60.34	63.23	62.72	62.63	52.49	53.83	55.08	52.36	56.07	57.62	53.25	50.25	49.55	53.44	51.08	54.65	54.1	52.3	54.71	54.17	58.17	57.66	52.28	53.55	54.46	51.72	55.23	52.74	52.74	50.65	51.83	53.92	52.57	55.28	53.89	54.94	56.37	58.43	55.29	55.39	55.65	56.25	60.05	58.33	58.18	58.49	58.55	57.7	54.53	53.13	53.84	56.68	59.19	58.65	51.74	53.12	53	52.37	56	54.58	52.94	50.89	48.28	55.79	51.22	54.14	55.13	51.72	54.61	57.26	58.02	55.21	52.28	53.46	54.74	53.86	54.61	54.28	54.65	53.75	53.63	55.29	52.74	55.28	53.99	56.64	56.37	57.51	54.74	55.65	55.78	57.75	59.68	57.07	56.2	57.77	56.9	54.57	52.53	54.86	53.51	55.56	56.76	56.62	49.44	49.81	52.82	47.96	51.73	51.17	51.01	47.32	46.08	52.44	49.1	51.03	52.19	50.66	52.59	53.13	53.9	53.93	50.99	52.32	51.91	51.26	52.35	51.43	48.28	50.86	47.62	51.9	50.3	49.96	50.71	52.42	54.33	52.9	51.25	52.47	53.47	55.34	56.15	55.28	54.4	53.29	55.49	51.76	49.1	53.53	52.8	53.72	53.93	54.49
zone1_00084	1	2026/04/28 18:43	5	0.1	62.05	63.15	58.87	56.48	63.16	59.47	63.49	62.85	61.15	61.65	61.65	61.65	61.65	61.65	61.65	65.21	65.21	65.21	65.21	65.21	58.89	63.04	61.69	59.24	60.99	60.67	60.67	62.49	63.9	61.64	61.67	61.65	61.65	61.65	61.65	61.65	61.72	61.72	61.72	61.9	59.98	60.34	63.23	62.72	62.63	62.3	63.17	62.74	63.49	64.07	57.62	53.25	50.25	49.55	53.44	51.08	54.65	54.1	52.3	54.71	54.17	58.17	57.66	52.28	53.55	54.46	51.72	55.23	52.74	52.74	50.65	51.83	53.92	52.57	55.28	53.89	54.94	56.37	58.43	55.29	55.39	55.65	56.25	60.05	58.33	58.18	58.49	58.55	57.7	54.53	53.13	53.84	56.68	59.19	58.65	58.65	57.62	55.01	56.12	57.13	54.58	52.94	50.89	48.28	55.79	51.22	54.14	55.13	51.72	54.61	57.26	58.02	55.21	52.28	53.46	54.74	53.86	54.61	54.28	54.65	53.75	53.63	55.29	52.74	55.28	53.99	56.64	56.37	57.51	54.74	55.65	55.78	57.75	59.68	57.07	56.2	57.77	56.9	54.57	52.53	54.86	53.51	55.56	56.76	56.62	55.57	54.68	55.09	58.17	56.46	51.17	51.01	47.32	46.08	52.44	49.1	51.03	52.19	50.66	52.59	53.13	53.9	53.93	50.99	52.32	51.91	51.26	52.35	51.43	48.28	50.86	47.62	51.9	50.3	49.96	50.71	52.42	54.33	52.9	51.25	52.47	53.47	55.34	56.15	55.28	54.4	53.29	55.49	51.76	49.1	53.53	52.8	53.72	53.93	54.49	54.48	53.73	52.56	53.97	54.83
zone1_00085	1	2026/04/28 18:43	5	0.1	59.47	63.49	62.85	61.15	61.65	61.65	61.65	61.65	61.65	61.65	65.21	65.21	65.21	65.21	65.21	58.89	63.04	61.69	59.24	60.99	60.67	60.67	62.49	63.9	61.64	61.67	61.65	61.65	61.65	61.65	61.65	61.72	61.72	61.72	61.9	59.98	60.34	63.23	62.72	62.63	62.3	63.17	62.74	63.49	64.07	62.71	64.82	63.14	62.45	64.34	51.08	54.65	54.1	52.3	54.71	54.17	58.17	57.66	52.28	53.55	54.46	51.72	55.23	52.74	52.74	50.65	51.83	53.92	52.57	55.28	53.89	54.94	56.37	58.43	55.29	55.39	55.65	56.25	60.05	58.33	58.18	58.49	58.55	57.7	54.53	53.13	53.84	56.68	59.19	58.65	58.65	57.62	55.01	56.12	57.13	57.13	57.2	55.13	55.9	57.62	51.22	54.14	55.13	51.72	54.61	57.26	58.02	55.21	52.28	53.46	54.74	53.86	54.61	54.28	54.65	53.75	53.63	55.29	52.74	55.28	53.99	56.64	56.37	57.51	54.74	55.65	55.78	57.75	59.68	57.07	56.2	57.77	56.9	54.57	52.53	54.86	53.51	55.56	56.76	56.62	55.57	54.68	55.09	58.17	56.46	54.54	54.07	55.02	57.14	61.44	49.1	51.03	52.19	50.66	52.59	53.13	53.9	53.93	50.99	52.32	51.91	51.26	52.35	51.43	48.28	50.86	47.62	51.9	50.3	49.96	50.71	52.42	54.33	52.9	51.25	52.47	53.47	55.34	56.15	55.28	54.4	53.29	55.49	51.76	49.1	53.53	52.8	53.72	53.93	54.49	54.48	53.73	52.56	53.97	54.83	52.21	51.59	50.73	53.51	55.04
zone1_00086	1	2026/04/28 18:43	5	0.1	61.65	61.65	61.65	61.65	61.65	65.21	65.21	65.21	65.21	65.21	58.89	63.04	61.69	59.24	60.99	60.67	60.67	62.49	63.9	61.64	61.67	61.65	61.65	61.65	61.65	61.65	61.72	61.72	61.72	61.9	59.98	60.34	63.23	62.72	62.63	62.3	63.17	62.74	63.49	64.07	62.71	64.82	63.14	62.45	64.34	62.39	61.26	59.62	61.37	63.14	54.17	58.17	57.66	52.28	53.55	54.46	51.72	55.23	52.74	52.74	50.65	51.83	53.92	52.57	55.28	53.89	54.94	56.37	58.43	55.29	55.39	55.65	56.25	60.05	58.33	58.18	58.49	58.55	57.7	54.53	53.13	53.84	56.68	59.19	58.65	58.65	57.62	55.01	56.12	57.13	57.13	57.2	55.13	55.9	57.62	57.47	58.1	50.94	57.79	59.04	57.26	58.02	55.21	52.28	53.46	54.74	53.86	54.61	54.28	54.65	53.75	53.63	55.29	52.74	55.28	53.99	56.64	56.37	57.51	54.74	55.65	55.78	57.75	59.68	57.07	56.2	57.77	56.9	54.57	52.53	54.86	53.51	55.56	56.76	56.62	55.57	54.68	55.09	58.17	56.46	54.54	54.07	55.02	57.14	61.44	57.16	55.07	52.45	55.79	57.93	53.13	53.9	53.93	50.99	52.32	51.91	51.26	52.35	51.43	48.28	50.86	47.62	51.9	50.3	49.96	50.71	52.42	54.33	52.9	51.25	52.47	53.47	55.34	56.15	55.28	54.4	53.29	55.49	51.76	49.1	53.53	52.8	53.72	53.93	54.49	54.48	53.73	52.56	53.97	54.83	52.21	51.59	50.73	53.51	55.04	54.59	53.72	49.83	52.5	53.86
zone1_00087	1	2026/04/28 18:43	5	0.1	65.21	65.21	65.21	65.21	65.21	58.89	63.04	61.69	59.24	60.99	60.67	60.67	62.49	63.9	61.64	61.67	61.65	61.65	61.65	61.65	61.65	61.72	61.72	61.72	61.9	59.98	60.34	63.23	62.72	62.63	62.3	63.17	62.74	63.49	64.07	62.71	64.82	63.14	62.45	64.34	62.39	61.26	59.62	61.37	63.14	63.5	63.92	63.45	62.43	62.43	54.46	51.72	55.23	52.74	52.74	50.65	51.83	53.92	52.57	55.28	53.89	54.94	56.37	58.43	55.29	55.39	55.65	56.25	60.05	58.33	58.18	58.49	58.55	57.7	54.53	53.13	53.84	56.68	59.19	58.65	58.65	57.62	55.01	56.12	57.13	57.13	57.2	55.13	55.9	57.62	57.47	58.1	50.94	57.79	59.04	57.93	58.31	55.97	57.59	57.59	54.74	53.86	54.61	54.28	54.65	53.75	53.63	55.29	52.74	55.28	53.99	56.64	56.37	57.51	54.74	55.65	55.78	57.75	59.68	57.07	56.2	57.77	56.9	54.57	52.53	54.86	53.51	55.56	56.76	56.62	55.57	54.68	55.09	58.17	56.46	54.54	54.07	55.02	57.14	61.44	57.16	55.07	52.45	55.79	57.93	59	56.47	55.75	53.52	56.11	51.91	51.26	52.35	51.43	48.28	50.86	47.62	51.9	50.3	49.96	50.71	52.42	54.33	52.9	51.25	52.47	53.47	55.34	56.15	55.28	54.4	53.29	55.49	51.76	49.1	53.53	52.8	53.72	53.93	54.49	54.48	53.73	52.56	53.97	54.83	52.21	51.59	50.73	53.51	55.04	54.59	53.72	49.83	52.5	53.86	54.94	52.95	53.98	52.21	52.21
zone1_00088	1	2026/04/28 18:43	5	0.1	58.89	63.04	61.69	59.24	60.99	60.67	60.67	62.49	63.9	61.64	61.67	61.65	61.65	61.65	61.65	61.65	61.72	61.72	61.72	61.9	59.98	60.34	63.23	62.72	62.63	62.3	63.17	62.74	63.49	64.07	62.71	64.82	63.14	62.45	64.34	62.39	61.26	59.62	61.37	63.14	63.5	63.92	63.45	62.43	62.43	62.43	62.43	62.43	62.43	62.43	50.65	51.83	53.92	52.57	55.28	53.89	54.94	56.37	58.43	55.29	55.39	55.65	56.25	60.05	58.33	58.18	58.49	58.55	57.7	54.53	53.13	53.84	56.68	59.19	58.65	58.65	57.62	55.01	56.12	57.13	57.13	57.2	55.13	55.9	57.62	57.47	58.1	50.94	57.79	59.04	57.93	58.31	55.97	57.59	57.59	56.63	57.51	55.15	55.15	55.15	53.75	53.63	55.29	52.74	55.28	53.99	56.64	56.37	57.51	54.74	55.65	55.78	57.75	59.68	57.07	56.2	57.77	56.9	54.57	52.53	54.86	53.51	55.56	56.76	56.62	55.57	54.68	55.09	58.17	56.46	54.54	54.07	55.02	57.14	61.44	57.16	55.07	52.45	55.79	57.93	59	56.47	55.75	53.52	56.11	56.25	58.14	54.3	54.3	54.3	50.86	47.62	51.9	50.3	49.96	50.71	52.42	54.33	52.9	51.25	52.47	53.47	55.34	56.15	55.28	54.4	53.29	55.49	51.76	49.1	53.53	52.8	53.72	53.93	54.49	54.48	53.73	52.56	53.97	54.83	52.21	51.59	50.73	53.51	55.04	54.59	53.72	49.83	52.5	53.86	54.94	52.95	53.98	52.21	52.21	53.66	51.59	51.58	51.58	51.58
zone1_00089	1	2026/04/28 18:43	5	0.1	60.67	60.67	62.49	63.9	61.64	61.67	61.65	61.65	61.65	61.65	61.65	61.72	61.72	61.72	61.9	59.98	60.34	63.23	62.72	62.63	62.3	63.17	62.74	63.49	64.07	62.71	64.82	63.14	62.45	64.34	62.39	61.26	59.62	61.37	63.14	63.5	63.92	63.45	62.43	62.43	62.43	62.43	62.43	62.43	62.43	62.43	62.43	62.43	62.43	61.37	53.89	54.94	56.37	58.43	55.29	55.39	55.65	56.25	60.05	58.33	58.18	58.49	58.55	57.7	54.53	53.13	53.84	56.68	59.19	58.65	58.65	57.62	55.01	56.12	57.13	57.13	57.2	55.13	55.9	57.62	57.47	58.1	50.94	57.79	59.04	57.93	58.31	55.97	57.59	57.59	56.63	57.51	55.15	55.15	55.15	55.15	54.46	54.46	54.46	54.46	53.99	56.64	56.37	57.51	54.74	55.65	55.78	57.75	59.68	57.07	56.2	57.77	56.9	54.57	52.53	54.86	53.51	55.56	56.76	56.62	55.57	54.68	55.09	58.17	56.46	54.54	54.07	55.02	57.14	61.44	57.16	55.07	52.45	55.79	57.93	59	56.47	55.75	53.52	56.11	56.25	58.14	54.3	54.3	54.3	54.3	48	48.29	46.78	46.78	50.71	52.42	54.33	52.9	51.25	52.47	53.47	55.34	56.15	55.28	54.4	53.29	55.49	51.76	49.1	53.53	52.8	53.72	53.93	54.49	54.48	53.73	52.56	53.97	54.83	52.21	51.59	50.73	53.51	55.04	54.59	53.72	49.83	52.5	53.86	54.94	52.95	53.98	52.21	52.21	53.66	51.59	51.58	51.58	51.58	51.58	45.75	45.41	44.2	44.2
zone1_00090	1	2026/04/28 18:44	5	0.1	61.67	61.65	61.65	61.65	61.65	61.65	61.72	61.72	61.72	61.9	59.98	60.34	63.23	62.72	62.63	62.3	63.17	62.74	63.49	64.07	62.71	64.82	63.14	62.45	64.34	62.39	61.26	59.62	61.37	63.14	63.5	63.92	63.45	62.43	62.43	62.43	62.43	62.43	62.43	62.43	62.43	62.43	62.43	62.43	61.37	53.16	52.74	53.5	59.38	54.46	55.39	55.65	56.25	60.05	58.33	58.18	58.49	58.55	57.7	54.53	53.13	53.84	56.68	59.19	58.65	58.65	57.62	55.01	56.12	57.13	57.13	57.2	55.13	55.9	57.62	57.47	58.1	50.94	57.79	59.04	57.93	58.31	55.97	57.59	57.59	56.63	57.51	55.15	55.15	55.15	55.15	54.46	54.46	54.46	54.46	52.71	52.71	52.71	49.82	49.82	55.65	55.78	57.75	59.68	57.07	56.2	57.77	56.9	54.57	52.53	54.86	53.51	55.56	56.76	56.62	55.57	54.68	55.09	58.17	56.46	54.54	54.07	55.02	57.14	61.44	57.16	55.07	52.45	55.79	57.93	59	56.47	55.75	53.52	56.11	56.25	58.14	54.3	54.3	54.3	54.3	48	48.29	46.78	46.78	48.66	48.23	47.72	49.46	44.46	52.47	53.47	55.34	56.15	55.28	54.4	53.29	55.49	51.76	49.1	53.53	52.8	53.72	53.93	54.49	54.48	53.73	52.56	53.97	54.83	52.21	51.59	50.73	53.51	55.04	54.59	53.72	49.83	52.5	53.86	54.94	52.95	53.98	52.21	52.21	53.66	51.59	51.58	51.58	51.58	51.58	45.75	45.41	44.2	44.2	48.02	54.56	46.77	46.6	52.19
zone1_00091	1	2026/04/28 18:44	5	0.1	61.65	61.72	61.72	61.72	61.9	59.98	60.34	63.23	62.72	62.63	62.3	63.17	62.74	63.49	64.07	62.71	64.82	63.14	62.45	64.34	62.39	61.26	59.62	61.37	63.14	63.5	63.92	63.45	62.43	62.43	62.43	62.43	62.43	62.43	62.43	62.43	62.43	62.43	62.43	61.37	53.16	52.74	53.5	59.38	54.46	60.32	58.47	54.67	60.62	52.21	58.18	58.49	58.55	57.7	54.53	53.13	53.84	56.68	59.19	58.65	58.65	57.62	55.01	56.12	57.13	57.13	57.2	55.13	55.9	57.62	57.47	58.1	50.94	57.79	59.04	57.93	58.31	55.97	57.59	57.59	56.63	57.51	55.15	55.15	55.15	55.15	54.46	54.46	54.46	54.46	52.71	52.71	52.71	49.82	49.82	48.9	47.9	46.64	46.64	47.07	56.2	57.77	56.9	54.57	52.53	54.86	53.51	55.56	56.76	56.62	55.57	54.68	55.09	58.17	56.46	54.54	54.07	55.02	57.14	61.44	57.16	55.07	52.45	55.79	57.93	59	56.47	55.75	53.52	56.11	56.25	58.14	54.3	54.3	54.3	54.3	48	48.29	46.78	46.78	48.66	48.23	47.72	49.46	44.46	47.4	50.12	49.26	56.05	53.84	54.4	53.29	55.49	51.76	49.1	53.53	52.8	53.72	53.93	54.49	54.48	53.73	52.56	53.97	54.83	52.21	51.59	50.73	53.51	55.04	54.59	53.72	49.83	52.5	53.86	54.94	52.95	53.98	52.21	52.21	53.66	51.59	51.58	51.58	51.58	51.58	45.75	45.41	44.2	44.2	48.02	54.56	46.77	46.6	52.19	49.33	51.17	49.33	49.44	53.64
zone1_00092	1	2026/04/28 18:44	5	0.1	59.98	60.34	63.23	62.72	62.63	62.3	63.17	62.74	63.49	64.07	62.71	64.82	63.14	62.45	64.34	62.39	61.26	59.62	61.37	63.14	63.5	63.92	63.45	62.43	62.43	62.43	62.43	62.43	62.43	62.43	62.43	62.43	62.43	62.43	61.37	53.16	52.74	53.5	59.38	54.46	60.32	58.47	54.67	60.62	52.21	59.09	50.62	49.32	51.24	52.61	53.13	53.84	56.68	59.19	58.65	58.65	57.62	55.01	56.12	57.13	57.13	57.2	55.13	55.9	57.62	57.47	58.1	50.94	57.79	59.04	57.93	58.31	55.97	57.59	57.59	56.63	57.51	55.15	55.15	55.15	55.15	54.46	54.46	54.46	54.46	52.71	52.71	52.71	49.82	49.82	48.9	47.9	46.64	46.64	47.07	44.72	48.58	52.19	48.8	48.8	54.86	53.51	55.56	56.76	56.62	55.57	54.68	55.09	58.17	56.46	54.54	54.07	55.02	57.14	61.44	57.16	55.07	52.45	55.79	57.93	59	56.47	55.75	53.52	56.11	56.25	58.14	54.3	54.3	54.3	54.3	48	48.29	46.78	46.78	48.66	48.23	47.72	49.46	44.46	47.4	50.12	49.26	56.05	53.84	49.12	51.69	54.53	53.98	54.69	53.53	52.8	53.72	53.93	54.49	54.48	53.73	52.56	53.97	54.83	52.21	51.59	50.73	53.51	55.04	54.59	53.72	49.83	52.5	53.86	54.94	52.95	53.98	52.21	52.21	53.66	51.59	51.58	51.58	51.58	51.58	45.75	45.41	44.2	44.2	48.02	54.56	46.77	46.6	52.19	49.33	51.17	49.33	49.44	53.64	46.96	42.03	44.99	46.54	44.1
zone1_00093	1	2026/04/28 18:44	5	0.1	62.3	63.17	62.74	63.49	64.07	62.71	64.82	63.14	62.45	64.34	62.39	61.26	59.62	61.37	63.14	63.5	63.92	63.45	62.43	62.43	62.43	62.43	62.43	62.43	62.43	62.43	62.43	62.43	62.43	61.37	53.16	52.74	53.5	59.38	54.46	60.32	58.47	54.67	60.62	52.21	59.09	50.62	49.32	51.24	52.61	51.69	55.13	51.89	52.58	52.06	58.65	57.62	55.01	56.12	57.13	57.13	57.2	55.13	55.9	57.62	57.47	58.1	50.94	57.79	59.04	57.93	58.31	55.97	57.59	57.59	56.63	57.51	55.15	55.15	55.15	55.15	54.46	54.46	54.46	54.46	52.71	52.71	52.71	49.82	49.82	48.9	47.9	46.64	46.64	47.07	44.72	48.58	52.19	48.8	48.8	49.24	53.42	48.22	48.22	48.22	55.57	54.68	55.09	58.17	56.46	54.54	54.07	55.02	57.14	61.44	57.16	55.07	52.45	55.79	57.93	59	56.47	55.75	53.52	56.11	56.25	58.14	54.3	54.3	54.3	54.3	48	48.29	46.78	46.78	48.66	48.23	47.72	49.46	44.46	47.4	50.12	49.26	56.05	53.84	49.12	51.69	54.53	53.98	54.69	44.01	50.08	50.02	50.82	53.14	54.48	53.73	52.56	53.97	54.83	52.21	51.59	50.73	53.51	55.04	54.59	53.72	49.83	52.5	53.86	54.94	52.95	53.98	52.21	52.21	53.66	51.59	51.58	51.58	51.58	51.58	45.75	45.41	44.2	44.2	48.02	54.56	46.77	46.6	52.19	49.33	51.17	49.33	49.44	53.64	46.96	42.03	44.99	46.54	44.1	44.88	45.13	42.3	43.88	56.92
zone1_00094	1	2026/04/28 18:44	5	0.1	62.71	64.82	63.14	62.45	64.34	62.39	61.26	59.62	61.37	63.14	63.5	63.92	63.45	62.43	62.43	62.43	62.43	62.43	62.43	62.43	62.43	62.43	62.43	62.43	61.37	53.16	52.74	53.5	59.38	54.46	60.32	58.47	54.67	60.62	52.21	59.09	50.62	49.32	51.24	52.61	51.69	55.13	51.89	52.58	52.06	52.06	52.06	52.06	63.62	61.56	57.13	57.2	55.13	55.9	57.62	57.47	58.1	50.94	57.79	59.04	57.93	58.31	55.97	57.59	57.59	56.63	57.51	55.15	55.15	55.15	55.15	54.46	54.46	54.46	54.46	52.71	52.71	52.71	49.82	49.82	48.9	47.9	46.64	46.64	47.07	44.72	48.58	52.19	48.8	48.8	49.24	53.42	48.22	48.22	48.22	49	49	53.7	53.7	53.35	54.54	54.07	55.02	57.14	61.44	57.16	55.07	52.45	55.79	57.93	59	56.47	55.75	53.52	56.11	56.25	58.14	54.3	54.3	54.3	54.3	48	48.29	46.78	46.78	48.66	48.23	47.72	49.46	44.46	47.4	50.12	49.26	56.05	53.84	49.12	51.69	54.53	53.98	54.69	44.01	50.08	50.02	50.82	53.14	53.14	53.14	47.96	47.96	48.32	52.21	51.59	50.73	53.51	55.04	54.59	53.72	49.83	52.5	53.86	54.94	52.95	53.98	52.21	52.21	53.66	51.59	51.58	51.58	51.58	51.58	45.75	45.41	44.2	44.2	48.02	54.56	46.77	46.6	52.19	49.33	51.17	49.33	49.44	53.64	46.96	42.03	44.99	46.54	44.1	44.88	45.13	42.3	43.88	56.92	56.72	53.31	49.62	49.62	48.98
zone1_00095	1	2026/04/28 18:44	5	0.1	62.39	61.26	59.62	61.37	63.14	63.5	63.92	63.45	62.43	62.43	62.43	62.43	62.43	62.43	62.43	62.43	62.43	62.43	62.43	61.37	53.16	52.74	53.5	59.38	54.46	60.32	58.47	54.67	60.62	52.21	59.09	50.62	49.32	51.24	52.61	51.69	55.13	51.89	52.58	52.06	52.06	52.06	52.06	63.62	61.56	60.46	60.23	54.67	53	57.32	57.47	58.1	50.94	57.79	59.04	57.93	58.31	55.97	57.59	57.59	56.63	57.51	55.15	55.15	55.15	55.15	54.46	54.46	54.46	54.46	52.71	52.71	52.71	49.82	49.82	48.9	47.9	46.64	46.64	47.07	44.72	48.58	52.19	48.8	48.8	49.24	53.42	48.22	48.22	48.22	49	49	53.7	53.7	53.35	53.35	46.4	46.4	45.18	42.21	57.16	55.07	52.45	55.79	57.93	59	56.47	55.75	53.52	56.11	56.25	58.14	54.3	54.3	54.3	54.3	48	48.29	46.78	46.78	48.66	48.23	47.72	49.46	44.46	47.4	50.12	49.26	56.05	53.84	49.12	51.69	54.53	53.98	54.69	44.01	50.08	50.02	50.82	53.14	53.14	53.14	47.96	47.96	48.32	48.32	48.11	47.73	48.33	48.33	54.59	53.72	49.83	52.5	53.86	54.94	52.95	53.98	52.21	52.21	53.66	51.59	51.58	51.58	51.58	51.58	45.75	45.41	44.2	44.2	48.02	54.56	46.77	46.6	52.19	49.33	51.17	49.33	49.44	53.64	46.96	42.03	44.99	46.54	44.1	44.88	45.13	42.3	43.88	56.92	56.72	53.31	49.62	49.62	48.98	49.81	49.67	52.77	49.69	53.65
zone1_00096	1	2026/04/28 18:44	5	0.1	63.5	63.92	63.45	62.43	62.43	62.43	62.43	62.43	62.43	62.43	62.43	62.43	62.43	62.43	61.37	53.16	52.74	53.5	59.38	54.46	60.32	58.47	54.67	60.62	52.21	59.09	50.62	49.32	51.24	52.61	51.69	55.13	51.89	52.58	52.06	52.06	52.06	52.06	63.62	61.56	60.46	60.23	54.67	53	57.32	53.11	53.11	66.31	62.08	61.81	57.93	58.31	55.97	57.59	57.59	56.63	57.51	55.15	55.15	55.15	55.15	54.46	54.46	54.46	54.46	52.71	52.71	52.71	49.82	49.82	48.9	47.9	46.64	46.64	47.07	44.72	48.58	52.19	48.8	48.8	49.24	53.42	48.22	48.22	48.22	49	49	53.7	53.7	53.35	53.35	46.4	46.4	45.18	42.21	48.05	47.38	43.54	51.17	57	59	56.47	55.75	53.52	56.11	56.25	58.14	54.3	54.3	54.3	54.3	48	48.29	46.78	46.78	48.66	48.23	47.72	49.46	44.46	47.4	50.12	49.26	56.05	53.84	49.12	51.69	54.53	53.98	54.69	44.01	50.08	50.02	50.82	53.14	53.14	53.14	47.96	47.96	48.32	48.32	48.11	47.73	48.33	48.33	48.16	50.16	52.6	50.18	50.18	54.94	52.95	53.98	52.21	52.21	53.66	51.59	51.58	51.58	51.58	51.58	45.75	45.41	44.2	44.2	48.02	54.56	46.77	46.6	52.19	49.33	51.17	49.33	49.44	53.64	46.96	42.03	44.99	46.54	44.1	44.88	45.13	42.3	43.88	56.92	56.72	53.31	49.62	49.62	48.98	49.81	49.67	52.77	49.69	53.65	50.75	49.01	49.53	50.77	49.71
zone1_00097	1	2026/04/28 18:44	5	0.1	62.43	62.43	62.43	62.43	62.43	62.43	62.43	62.43	62.43	61.37	53.16	52.74	53.5	59.38	54.46	60.32	58.47	54.67	60.62	52.21	59.09	50.62	49.32	51.24	52.61	51.69	55.13	51.89	52.58	52.06	52.06	52.06	52.06	63.62	61.56	60.46	60.23	54.67	53	57.32	53.11	53.11	66.31	62.08	61.81	59.73	53.41	53.36	53.28	52.89	56.63	57.51	55.15	55.15	55.15	55.15	54.46	54.46	54.46	54.46	52.71	52.71	52.71	49.82	49.82	48.9	47.9	46.64	46.64	47.07	44.72	48.58	52.19	48.8	48.8	49.24	53.42	48.22	48.22	48.22	49	49	53.7	53.7	53.35	53.35	46.4	46.4	45.18	42.21	48.05	47.38	43.54	51.17	57	57.23	54.74	52.46	46.17	45.6	56.25	58.14	54.3	54.3	54.3	54.3	48	48.29	46.78	46.78	48.66	48.23	47.72	49.46	44.46	47.4	50.12	49.26	56.05	53.84	49.12	51.69	54.53	53.98	54.69	44.01	50.08	50.02	50.82	53.14	53.14	53.14	47.96	47.96	48.32	48.32	48.11	47.73	48.33	48.33	48.16	50.16	52.6	50.18	50.18	55.12	54.4	54.4	52.52	53.02	53.66	51.59	51.58	51.58	51.58	51.58	45.75	45.41	44.2	44.2	48.02	54.56	46.77	46.6	52.19	49.33	51.17	49.33	49.44	53.64	46.96	42.03	44.99	46.54	44.1	44.88	45.13	42.3	43.88	56.92	56.72	53.31	49.62	49.62	48.98	49.81	49.67	52.77	49.69	53.65	50.75	49.01	49.53	50.77	49.71	48.64	44.29	44.98	42.93	45.69
zone1_00098	1	2026/04/28 18:44	5	0.1	62.43	62.43	62.43	62.43	61.37	53.16	52.74	53.5	59.38	54.46	60.32	58.47	54.67	60.62	52.21	59.09	50.62	49.32	51.24	52.61	51.69	55.13	51.89	52.58	52.06	52.06	52.06	52.06	63.62	61.56	60.46	60.23	54.67	53	57.32	53.11	53.11	66.31	62.08	61.81	59.73	53.41	53.36	53.28	52.89	62.81	62.81	56.95	54.72	53.66	55.15	54.46	54.46	54.46	54.46	52.71	52.71	52.71	49.82	49.82	48.9	47.9	46.64	46.64	47.07	44.72	48.58	52.19	48.8	48.8	49.24	53.42	48.22	48.22	48.22	49	49	53.7	53.7	53.35	53.35	46.4	46.4	45.18	42.21	48.05	47.38	43.54	51.17	57	57.23	54.74	52.46	46.17	45.6	50.65	48.81	52.32	48.12	48.7	54.3	48	48.29	46.78	46.78	48.66	48.23	47.72	49.46	44.46	47.4	50.12	49.26	56.05	53.84	49.12	51.69	54.53	53.98	54.69	44.01	50.08	50.02	50.82	53.14	53.14	53.14	47.96	47.96	48.32	48.32	48.11	47.73	48.33	48.33	48.16	50.16	52.6	50.18	50.18	55.12	54.4	54.4	52.52	53.02	46.07	53.49	53.52	46.55	49.16	51.58	45.75	45.41	44.2	44.2	48.02	54.56	46.77	46.6	52.19	49.33	51.17	49.33	49.44	53.64	46.96	42.03	44.99	46.54	44.1	44.88	45.13	42.3	43.88	56.92	56.72	53.31	49.62	49.62	48.98	49.81	49.67	52.77	49.69	53.65	50.75	49.01	49.53	50.77	49.71	48.64	44.29	44.98	42.93	45.69	50.79	45.3	48.15	47.94	46.03
zone1_00099	1	2026/04/28 18:44	5	0.1	53.16	52.74	53.5	59.38	54.46	60.32	58.47	54.67	60.62	52.21	59.09	50.62	49.32	51.24	52.61	51.69	55.13	51.89	52.58	52.06	52.06	52.06	52.06	63.62	61.56	60.46	60.23	54.67	53	57.32	53.11	53.11	66.31	62.08	61.81	59.73	53.41	53.36	53.28	52.89	62.81	62.81	56.95	54.72	53.66	62.7	60.5	60.71	61.17	55.41	52.71	52.71	52.71	49.82	49.82	48.9	47.9	46.64	46.64	47.07	44.72	48.58	52.19	48.8	48.8	49.24	53.42	48.22	48.22	48.22	49	49	53.7	53.7	53.35	53.35	46.4	46.4	45.18	42.21	48.05	47.38	43.54	51.17	57	57.23	54.74	52.46	46.17	45.6	50.65	48.81	52.32	48.12	48.7	56.39	54.14	52.57	53.38	51.09	48.66	48.23	47.72	49.46	44.46	47.4	50.12	49.26	56.05	53.84	49.12	51.69	54.53	53.98	54.69	44.01	50.08	50.02	50.82	53.14	53.14	53.14	47.96	47.96	48.32	48.32	48.11	47.73	48.33	48.33	48.16	50.16	52.6	50.18	50.18	55.12	54.4	54.4	52.52	53.02	46.07	53.49	53.52	46.55	49.16	57.12	56.61	52.61	51.92	50.54	48.02	54.56	46.77	46.6	52.19	49.33	51.17	49.33	49.44	53.64	46.96	42.03	44.99	46.54	44.1	44.88	45.13	42.3	43.88	56.92	56.72	53.31	49.62	49.62	48.98	49.81	49.67	52.77	49.69	53.65	50.75	49.01	49.53	50.77	49.71	48.64	44.29	44.98	42.93	45.69	50.79	45.3	48.15	47.94	46.03	51.56	51.33	51.51	51.63	44.37
zone1_00100	1	2026/04/28 18:44	5	0.1	60.32	58.47	54.67	60.62	52.21	59.09	50.62	49.32	51.24	52.61	51.69	55.13	51.89	52.58	52.06	52.06	52.06	52.06	63.62	61.56	60.46	60.23	54.67	53	57.32	53.11	53.11	66.31	62.08	61.81	59.73	53.41	53.36	53.28	52.89	62.81	62.81	56.95	54.72	53.66	62.7	60.5	60.71	61.17	55.41	63.16	61.54	54.71	55.49	51.97	48.9	47.9	46.64	46.64	47.07	44.72	48.58	52.19	48.8	48.8	49.24	53.42	48.22	48.22	48.22	49	49	53.7	53.7	53.35	53.35	46.4	46.4	45.18	42.21	48.05	47.38	43.54	51.17	57	57.23	54.74	52.46	46.17	45.6	50.65	48.81	52.32	48.12	48.7	56.39	54.14	52.57	53.38	51.09	54.66	52.21	47.16	46.67	45.94	47.4	50.12	49.26	56.05	53.84	49.12	51.69	54.53	53.98	54.69	44.01	50.08	50.02	50.82	53.14	53.14	53.14	47.96	47.96	48.32	48.32	48.11	47.73	48.33	48.33	48.16	50.16	52.6	50.18	50.18	55.12	54.4	54.4	52.52	53.02	46.07	53.49	53.52	46.55	49.16	57.12	56.61	52.61	51.92	50.54	55.1	53.65	49.64	46.46	43.6	49.33	51.17	49.33	49.44	53.64	46.96	42.03	44.99	46.54	44.1	44.88	45.13	42.3	43.88	56.92	56.72	53.31	49.62	49.62	48.98	49.81	49.67	52.77	49.69	53.65	50.75	49.01	49.53	50.77	49.71	48.64	44.29	44.98	42.93	45.69	50.79	45.3	48.15	47.94	46.03	51.56	51.33	51.51	51.63	44.37	51.26	51.68	46.84	44.91	44.82
zone2_00001	2	2026/04/28 18:44	5	0.1	46.35	46.41	50.89	46.1	56.4	53.21	51.64	48.68	53.11	51.9	48.32	49.22	50.49	50.51	47.44	49.43	52.36	45.75	45.31	45.92	51.72	50.77	49.55	49.55	48.8	48.02	48.86	51.34	49.99	51.73	51.55	46.57	47.84	51.26	49.76	50.48	48.49	47.5	50.57	50.19	46.59	45.85	46.17	45.96	47.55	52.99	51.98	49.63	49.3	53.61	55.94	47.98	47.36	48.83	57.51	55.02	52.38	54.02	52.71	51.95	50.76	52.34	53.86	56.01	49.8	52.41	52.99	52.99	52.99	52.99	52.99	52.99	52.99	52.99	48.17	57.81	57.46	51.77	56.3	55.53	55.64	55.25	54.59	54.05	52.68	53.36	53.38	47.27	53.26	54.48	47.4	48.16	47.58	50.37	49.67	55.85	56.2	54.91	53.2	54.72	42.44	44.54	51.94	46.36	53.28	50.17	49.21	48.58	48.1	48.56	47.24	47.73	48.75	47.4	44.12	46.69	51.36	47.42	44.79	45.51	48.05	46.9	45.89	46.51	47.5	51.66	49.85	48	48.5	48.5	48.5	48.5	47.69	49.48	44.92	47.79	45.84	45.02	47.97	45.97	42.53	42.62	42.21	43.72	44.82	48.69	51.46	48.63	48.72	49.15	43.98	43.56	50.43	44.35	49.46	53.45	50.84	49.74	53.06	52.02	52.02	52.02	50.35	51.56	46.8	51.59	52.93	46.53	45.96	47.85	47.24	50.28	50.76	50.49	48.76	47.68	50.98	50.22	50.82	53.05	48.39	48.22	48.04	52.36	49.08	52.26	49.24	48.03	52.04	50.6	42.54	44.13	43.72	44.24	45.44	54.79	52.36	50.48	50.28	53.37
zone2_00002	2	2026/04/28 18:44	5	0.1	53.21	51.64	48.68	53.11	51.9	48.32	49.22	50.49	50.51	47.44	49.43	52.36	45.75	45.31	45.92	51.72	50.77	49.55	49.55	48.8	48.02	48.86	51.34	49.99	51.73	51.55	46.57	47.84	51.26	49.76	50.48	48.49	47.5	50.57	50.19	46.59	45.85	46.17	45.96	47.55	52.99	51.98	49.63	49.3	53.61	52.47	48.59	50.69	52.93	51.22	55.02	52.38	54.02	52.71	51.95	50.76	52.34	53.86	56.01	49.8	52.41	52.99	52.99	52.99	52.99	52.99	52.99	52.99	52.99	48.17	57.81	57.46	51.77	56.3	55.53	55.64	55.25	54.59	54.05	52.68	53.36	53.38	47.27	53.26	54.48	47.4	48.16	47.58	50.37	49.67	55.85	56.2	54.91	53.2	54.72	54.72	54.72	54.72	54.72	54.72	50.17	49.21	48.58	48.1	48.56	47.24	47.73	48.75	47.4	44.12	46.69	51.36	47.42	44.79	45.51	48.05	46.9	45.89	46.51	47.5	51.66	49.85	48	48.5	48.5	48.5	48.5	47.69	49.48	44.92	47.79	45.84	45.02	47.97	45.97	42.53	42.62	42.21	43.72	44.82	48.69	51.46	48.63	48.72	49.15	49.72	47.52	48.23	50.15	49.17	53.45	50.84	49.74	53.06	52.02	52.02	52.02	50.35	51.56	46.8	51.59	52.93	46.53	45.96	47.85	47.24	50.28	50.76	50.49	48.76	47.68	50.98	50.22	50.82	53.05	48.39	48.22	48.04	52.36	49.08	52.26	49.24	48.03	52.04	50.6	42.54	44.13	43.72	44.24	45.44	54.79	52.36	50.48	50.28	53.37	51.88	48.78	48.06	51.57	52.55
zone2_00003	2	2026/04/28 18:44	5	0.1	48.32	49.22	50.49	50.51	47.44	49.43	52.36	45.75	45.31	45.92	51.72	50.77	49.55	49.55	48.8	48.02	48.86	51.34	49.99	51.73	51.55	46.57	47.84	51.26	49.76	50.48	48.49	47.5	50.57	50.19	46.59	45.85	46.17	45.96	47.55	52.99	51.98	49.63	49.3	53.61	52.47	48.59	50.69	52.93	51.22	50.74	51.39	54.77	51.87	52.84	50.76	52.34	53.86	56.01	49.8	52.41	52.99	52.99	52.99	52.99	52.99	52.99	52.99	52.99	48.17	57.81	57.46	51.77	56.3	55.53	55.64	55.25	54.59	54.05	52.68	53.36	53.38	47.27	53.26	54.48	47.4	48.16	47.58	50.37	49.67	55.85	56.2	54.91	53.2	54.72	54.72	54.72	54.72	54.72	54.72	51.86	54.22	52.1	51.06	51.22	47.24	47.73	48.75	47.4	44.12	46.69	51.36	47.42	44.79	45.51	48.05	46.9	45.89	46.51	47.5	51.66	49.85	48	48.5	48.5	48.5	48.5	47.69	49.48	44.92	47.79	45.84	45.02	47.97	45.97	42.53	42.62	42.21	43.72	44.82	48.69	51.46	48.63	48.72	49.15	49.72	47.52	48.23	50.15	49.17	49.22	49.22	49.22	48.15	48.83	52.02	52.02	50.35	51.56	46.8	51.59	52.93	46.53	45.96	47.85	47.24	50.28	50.76	50.49	48.76	47.68	50.98	50.22	50.82	53.05	48.39	48.22	48.04	52.36	49.08	52.26	49.24	48.03	52.04	50.6	42.54	44.13	43.72	44.24	45.44	54.79	52.36	50.48	50.28	53.37	51.88	48.78	48.06	51.57	52.55	48.59	52.86	50.92	50.46	50.16
zone2_00004	2	2026/04/28 18:44	5	0.1	49.43	52.36	45.75	45.31	45.92	51.72	50.77	49.55	49.55	48.8	48.02	48.86	51.34	49.99	51.73	51.55	46.57	47.84	51.26	49.76	50.48	48.49	47.5	50.57	50.19	46.59	45.85	46.17	45.96	47.55	52.99	51.98	49.63	49.3	53.61	52.47	48.59	50.69	52.93	51.22	50.74	51.39	54.77	51.87	52.84	51.91	57.09	53.18	50.84	51.81	52.41	52.99	52.99	52.99	52.99	52.99	52.99	52.99	52.99	48.17	57.81	57.46	51.77	56.3	55.53	55.64	55.25	54.59	54.05	52.68	53.36	53.38	47.27	53.26	54.48	47.4	48.16	47.58	50.37	49.67	55.85	56.2	54.91	53.2	54.72	54.72	54.72	54.72	54.72	54.72	51.86	54.22	52.1	51.06	51.22	51.73	58.88	54.49	55	53.05	46.69	51.36	47.42	44.79	45.51	48.05	46.9	45.89	46.51	47.5	51.66	49.85	48	48.5	48.5	48.5	48.5	47.69	49.48	44.92	47.79	45.84	45.02	47.97	45.97	42.53	42.62	42.21	43.72	44.82	48.69	51.46	48.63	48.72	49.15	49.72	47.52	48.23	50.15	49.17	49.22	49.22	49.22	48.15	48.83	47.86	54.4	51.35	49.19	49.72	51.59	52.93	46.53	45.96	47.85	47.24	50.28	50.76	50.49	48.76	47.68	50.98	50.22	50.82	53.05	48.39	48.22	48.04	52.36	49.08	52.26	49.24	48.03	52.04	50.6	42.54	44.13	43.72	44.24	45.44	54.79	52.36	50.48	50.28	53.37	51.88	48.78	48.06	51.57	52.55	48.59	52.86	50.92	50.46	50.16	48.45	55.9	51.61	51.63	49.89
zone2_00005	2	2026/04/28 18:44	5	0.1	51.72	50.77	49.55	49.55	48.8	48.02	48.86	51.34	49.99	51.73	51.55	46.57	47.84	51.26	49.76	50.48	48.49	47.5	50.57	50.19	46.59	45.85	46.17	45.96	47.55	52.99	51.98	49.63	49.3	53.61	52.47	48.59	50.69	52.93	51.22	50.74	51.39	54.77	51.87	52.84	51.91	57.09	53.18	50.84	51.81	53.39	53.6	53.29	52.09	51.23	52.99	52.99	52.99	52.99	48.17	57.81	57.46	51.77	56.3	55.53	55.64	55.25	54.59	54.05	52.68	53.36	53.38	47.27	53.26	54.48	47.4	48.16	47.58	50.37	49.67	55.85	56.2	54.91	53.2	54.72	54.72	54.72	54.72	54.72	54.72	51.86	54.22	52.1	51.06	51.22	51.73	58.88	54.49	55	53.05	53.2	53.43	53.61	55.24	54.93	48.05	46.9	45.89	46.51	47.5	51.66	49.85	48	48.5	48.5	48.5	48.5	47.69	49.48	44.92	47.79	45.84	45.02	47.97	45.97	42.53	42.62	42.21	43.72	44.82	48.69	51.46	48.63	48.72	49.15	49.72	47.52	48.23	50.15	49.17	49.22	49.22	49.22	48.15	48.83	47.86	54.4	51.35	49.19	49.72	50.36	50.36	50.36	47.04	50.36	47.24	50.28	50.76	50.49	48.76	47.68	50.98	50.22	50.82	53.05	48.39	48.22	48.04	52.36	49.08	52.26	49.24	48.03	52.04	50.6	42.54	44.13	43.72	44.24	45.44	54.79	52.36	50.48	50.28	53.37	51.88	48.78	48.06	51.57	52.55	48.59	52.86	50.92	50.46	50.16	48.45	55.9	51.61	51.63	49.89	50.61	51.08	49.42	50.9	51.13
zone2_00006	2	2026/04/28 18:44	5	0.1	48.02	48.86	51.34	49.99	51.73	51.55	46.57	47.84	51.26	49.76	50.48	48.49	47.5	50.57	50.19	46.59	45.85	46.17	45.96	47.55	52.99	51.98	49.63	49.3	53.61	52.47	48.59	50.69	52.93	51.22	50.74	51.39	54.77	51.87	52.84	51.91	57.09	53.18	50.84	51.81	53.39	53.6	53.29	52.09	51.23	48.78	50.12	53.89	49.81	48.84	57.81	57.46	51.77	56.3	55.53	55.64	55.25	54.59	54.05	52.68	53.36	53.38	47.27	53.26	54.48	47.4	48.16	47.58	50.37	49.67	55.85	56.2	54.91	53.2	54.72	54.72	54.72	54.72	54.72	54.72	51.86	54.22	52.1	51.06	51.22	51.73	58.88	54.49	55	53.05	53.2	53.43	53.61	55.24	54.93	55.04	57.55	55.21	50.92	48.69	51.66	49.85	48	48.5	48.5	48.5	48.5	47.69	49.48	44.92	47.79	45.84	45.02	47.97	45.97	42.53	42.62	42.21	43.72	44.82	48.69	51.46	48.63	48.72	49.15	49.72	47.52	48.23	50.15	49.17	49.22	49.22	49.22	48.15	48.83	47.86	54.4	51.35	49.19	49.72	50.36	50.36	50.36	47.04	50.36	50.01	51.59	46.79	44.16	44.14	47.68	50.98	50.22	50.82	53.05	48.39	48.22	48.04	52.36	49.08	52.26	49.24	48.03	52.04	50.6	42.54	44.13	43.72	44.24	45.44	54.79	52.36	50.48	50.28	53.37	51.88	48.78	48.06	51.57	52.55	48.59	52.86	50.92	50.46	50.16	48.45	55.9	51.61	51.63	49.89	50.61	51.08	49.42	50.9	51.13	51.11	55.91	50.55	47.14	44.59
zone2_00007	2	2026/04/28 18:44	5	0.1	51.55	46.57	47.84	51.26	49.76	50.48	48.49	47.5	50.57	50.19	46.59	45.85	46.17	45.96	47.55	52.99	51.98	49.63	49.3	53.61	52.47	48.59	50.69	52.93	51.22	50.74	51.39	54.77	51.87	52.84	51.91	57.09	53.18	50.84	51.81	53.39	53.6	53.29	52.09	51.23	48.78	50.12	53.89	49.81	48.84	48.84	48.84	48.84	45.31	51.79	55.64	55.25	54.59	54.05	52.68	53.36	53.38	47.27	53.26	54.48	47.4	48.16	47.58	50.37	49.67	55.85	56.2	54.91	53.2	54.72	54.72	54.72	54.72	54.72	54.72	51.86	54.22	52.1	51.06	51.22	51.73	58.88	54.49	55	53.05	53.2	53.43	53.61	55.24	54.93	55.04	57.55	55.21	50.92	48.69	47.72	47.72	47.72	46.17	59.09	48.5	48.5	47.69	49.48	44.92	47.79	45.84	45.02	47.97	45.97	42.53	42.62	42.21	43.72	44.82	48.69	51.46	48.63	48.72	49.15	49.72	47.52	48.23	50.15	49.17	49.22	49.22	49.22	48.15	48.83	47.86	54.4	51.35	49.19	49.72	50.36	50.36	50.36	47.04	50.36	50.01	51.59	46.79	44.16	44.14	42.17	43.5	47.38	44.89	51.17	48.39	48.22	48.04	52.36	49.08	52.26	49.24	48.03	52.04	50.6	42.54	44.13	43.72	44.24	45.44	54.79	52.36	50.48	50.28	53.37	51.88	48.78	48.06	51.57	52.55	48.59	52.86	50.92	50.46	50.16	48.45	55.9	51.61	51.63	49.89	50.61	51.08	49.42	50.9	51.13	51.11	55.91	50.55	47.14	44.59	43.22	44.24	52.17	46.32	58.43
zone2_00008	2	2026/04/28 18:44	5	0.1	50.48	48.49	47.5	50.57	50.19	46.59	45.85	46.17	45.96	47.55	52.99	51.98	49.63	49.3	53.61	52.47	48.59	50.69	52.93	51.22	50.74	51.39	54.77	51.87	52.84	51.91	57.09	53.18	50.84	51.81	53.39	53.6	53.29	52.09	51.23	48.78	50.12	53.89	49.81	48.84	48.84	48.84	48.84	45.31	51.79	48.48	58.55	46.28	43.38	52.08	53.36	53.38	47.27	53.26	54.48	47.4	48.16	47.58	50.37	49.67	55.85	56.2	54.91	53.2	54.72	54.72	54.72	54.72	54.72	54.72	51.86	54.22	52.1	51.06	51.22	51.73	58.88	54.49	55	53.05	53.2	53.43	53.61	55.24	54.93	55.04	57.55	55.21	50.92	48.69	47.72	47.72	47.72	46.17	59.09	52.69	53.62	56.69	55.78	49.55	47.79	45.84	45.02	47.97	45.97	42.53	42.62	42.21	43.72	44.82	48.69	51.46	48.63	48.72	49.15	49.72	47.52	48.23	50.15	49.17	49.22	49.22	49.22	48.15	48.83	47.86	54.4	51.35	49.19	49.72	50.36	50.36	50.36	47.04	50.36	50.01	51.59	46.79	44.16	44.14	42.17	43.5	47.38	44.89	51.17	49.76	49.32	51.54	49.69	45.84	52.26	49.24	48.03	52.04	50.6	42.54	44.13	43.72	44.24	45.44	54.79	52.36	50.48	50.28	53.37	51.88	48.78	48.06	51.57	52.55	48.59	52.86	50.92	50.46	50.16	48.45	55.9	51.61	51.63	49.89	50.61	51.08	49.42	50.9	51.13	51.11	55.91	50.55	47.14	44.59	43.22	44.24	52.17	46.32	58.43	54.81	47.98	44.31	44.31	54.94
zone2_00009	2	2026/04/28 18:44	5	0.1	46.59	45.85	46.17	45.96	47.55	52.99	51.98	49.63	49.3	53.61	52.47	48.59	50.69	52.93	51.22	50.74	51.39	54.77	51.87	52.84	51.91	57.09	53.18	50.84	51.81	53.39	53.6	53.29	52.09	51.23	48.78	50.12	53.89	49.81	48.84	48.84	48.84	48.84	45.31	51.79	48.48	58.55	46.28	43.38	52.08	52.86	48.36	44.65	45.91	50.31	47.4	48.16	47.58	50.37	49.67	55.85	56.2	54.91	53.2	54.72	54.72	54.72	54.72	54.72	54.72	51.86	54.22	52.1	51.06	51.22	51.73	58.88	54.49	55	53.05	53.2	53.43	53.61	55.24	54.93	55.04	57.55	55.21	50.92	48.69	47.72	47.72	47.72	46.17	59.09	52.69	53.62	56.69	55.78	49.55	53.34	47.71	55.4	60.9	50.62	42.53	42.62	42.21	43.72	44.82	48.69	51.46	48.63	48.72	49.15	49.72	47.52	48.23	50.15	49.17	49.22	49.22	49.22	48.15	48.83	47.86	54.4	51.35	49.19	49.72	50.36	50.36	50.36	47.04	50.36	50.01	51.59	46.79	44.16	44.14	42.17	43.5	47.38	44.89	51.17	49.76	49.32	51.54	49.69	45.84	47.89	44.5	51.65	53.6	47.58	42.54	44.13	43.72	44.24	45.44	54.79	52.36	50.48	50.28	53.37	51.88	48.78	48.06	51.57	52.55	48.59	52.86	50.92	50.46	50.16	48.45	55.9	51.61	51.63	49.89	50.61	51.08	49.42	50.9	51.13	51.11	55.91	50.55	47.14	44.59	43.22	44.24	52.17	46.32	58.43	54.81	47.98	44.31	44.31	54.94	54.94	51.23	46.92	47.48	42.11
zone2_00010	2	2026/04/28 18:44	5	0.1	52.99	51.98	49.63	49.3	53.61	52.47	48.59	50.69	52.93	51.22	50.74	51.39	54.77	51.87	52.84	51.91	57.09	53.18	50.84	51.81	53.39	53.6	53.29	52.09	51.23	48.78	50.12	53.89	49.81	48.84	48.84	48.84	48.84	45.31	51.79	48.48	58.55	46.28	43.38	52.08	52.86	48.36	44.65	45.91	50.31	57.01	53.84	55.61	55.33	52.23	55.85	56.2	54.91	53.2	54.72	54.72	54.72	54.72	54.72	54.72	51.86	54.22	52.1	51.06	51.22	51.73	58.88	54.49	55	53.05	53.2	53.43	53.61	55.24	54.93	55.04	57.55	55.21	50.92	48.69	47.72	47.72	47.72	46.17	59.09	52.69	53.62	56.69	55.78	49.55	53.34	47.71	55.4	60.9	50.62	56.46	56.65	57.72	56.05	53.54	48.69	51.46	48.63	48.72	49.15	49.72	47.52	48.23	50.15	49.17	49.22	49.22	49.22	48.15	48.83	47.86	54.4	51.35	49.19	49.72	50.36	50.36	50.36	47.04	50.36	50.01	51.59	46.79	44.16	44.14	42.17	43.5	47.38	44.89	51.17	49.76	49.32	51.54	49.69	45.84	47.89	44.5	51.65	53.6	47.58	49.8	49.18	51.5	49.39	49.62	54.79	52.36	50.48	50.28	53.37	51.88	48.78	48.06	51.57	52.55	48.59	52.86	50.92	50.46	50.16	48.45	55.9	51.61	51.63	49.89	50.61	51.08	49.42	50.9	51.13	51.11	55.91	50.55	47.14	44.59	43.22	44.24	52.17	46.32	58.43	54.81	47.98	44.31	44.31	54.94	54.94	51.23	46.92	47.48	42.11	49.59	51.49	52.2	50.55	54.48
zone2_00011	2	2026/04/28 18:44	5	0.1	52.47	48.59	50.69	52.93	51.22	50.74	51.39	54.77	51.87	52.84	51.91	57.09	53.18	50.84	51.81	53.39	53.6	53.29	52.09	51.23	48.78	50.12	53.89	49.81	48.84	48.84	48.84	48.84	45.31	51.79	48.48	58.55	46.28	43.38	52.08	52.86	48.36	44.65	45.91	50.31	57.01	53.84	55.61	55.33	52.23	51.38	49.91	53.6	46.24	49.39	54.72	54.72	54.72	54.72	54.72	51.86	54.22	52.1	51.06	51.22	51.73	58.88	54.49	55	53.05	53.2	53.43	53.61	55.24	54.93	55.04	57.55	55.21	50.92	48.69	47.72	47.72	47.72	46.17	59.09	52.69	53.62	56.69	55.78	49.55	53.34	47.71	55.4	60.9	50.62	56.46	56.65	57.72	56.05	53.54	56.52	54.76	48.06	52.3	51.54	49.72	47.52	48.23	50.15	49.17	49.22	49.22	49.22	48.15	48.83	47.86	54.4	51.35	49.19	49.72	50.36	50.36	50.36	47.04	50.36	50.01	51.59	46.79	44.16	44.14	42.17	43.5	47.38	44.89	51.17	49.76	49.32	51.54	49.69	45.84	47.89	44.5	51.65	53.6	47.58	49.8	49.18	51.5	49.39	49.62	48.52	45.84	51.27	46.97	48.24	51.88	48.78	48.06	51.57	52.55	48.59	52.86	50.92	50.46	50.16	48.45	55.9	51.61	51.63	49.89	50.61	51.08	49.42	50.9	51.13	51.11	55.91	50.55	47.14	44.59	43.22	44.24	52.17	46.32	58.43	54.81	47.98	44.31	44.31	54.94	54.94	51.23	46.92	47.48	42.11	49.59	51.49	52.2	50.55	54.48	51.78	51.29	50.03	49.09	51.31
zone2_00012	2	2026/04/28 18:44	5	0.1	50.74	51.39	54.77	51.87	52.84	51.91	57.09	53.18	50.84	51.81	53.39	53.6	53.29	52.09	51.23	48.78	50.12	53.89	49.81	48.84	48.84	48.84	48.84	45.31	51.79	48.48	58.55	46.28	43.38	52.08	52.86	48.36	44.65	45.91	50.31	57.01	53.84	55.61	55.33	52.23	51.38	49.91	53.6	46.24	49.39	49.05	46.52	45.74	43.12	54.62	51.86	54.22	52.1	51.06	51.22	51.73	58.88	54.49	55	53.05	53.2	53.43	53.61	55.24	54.93	55.04	57.55	55.21	50.92	48.69	47.72	47.72	47.72	46.17	59.09	52.69	53.62	56.69	55.78	49.55	53.34	47.71	55.4	60.9	50.62	56.46	56.65	57.72	56.05	53.54	56.52	54.76	48.06	52.3	51.54	49.73	47.92	55.75	57.06	55.11	49.22	49.22	49.22	48.15	48.83	47.86	54.4	51.35	49.19	49.72	50.36	50.36	50.36	47.04	50.36	50.01	51.59	46.79	44.16	44.14	42.17	43.5	47.38	44.89	51.17	49.76	49.32	51.54	49.69	45.84	47.89	44.5	51.65	53.6	47.58	49.8	49.18	51.5	49.39	49.62	48.52	45.84	51.27	46.97	48.24	47.7	43.04	50.17	50.18	51.76	48.59	52.86	50.92	50.46	50.16	48.45	55.9	51.61	51.63	49.89	50.61	51.08	49.42	50.9	51.13	51.11	55.91	50.55	47.14	44.59	43.22	44.24	52.17	46.32	58.43	54.81	47.98	44.31	44.31	54.94	54.94	51.23	46.92	47.48	42.11	49.59	51.49	52.2	50.55	54.48	51.78	51.29	50.03	49.09	51.31	51.31	50.4	50.17	51.61	49.11
zone2_00013	2	2026/04/28 18:44	5	0.1	51.91	57.09	53.18	50.84	51.81	53.39	53.6	53.29	52.09	51.23	48.78	50.12	53.89	49.81	48.84	48.84	48.84	48.84	45.31	51.79	48.48	58.55	46.28	43.38	52.08	52.86	48.36	44.65	45.91	50.31	57.01	53.84	55.61	55.33	52.23	51.38	49.91	53.6	46.24	49.39	49.05	46.52	45.74	43.12	54.62	54.71	50.57	55.02	51.7	50.42	51.73	58.88	54.49	55	53.05	53.2	53.43	53.61	55.24	54.93	55.04	57.55	55.21	50.92	48.69	47.72	47.72	47.72	46.17	59.09	52.69	53.62	56.69	55.78	49.55	53.34	47.71	55.4	60.9	50.62	56.46	56.65	57.72	56.05	53.54	56.52	54.76	48.06	52.3	51.54	49.73	47.92	55.75	57.06	55.11	53.74	57.26	56.13	53.89	53.44	47.86	54.4	51.35	49.19	49.72	50.36	50.36	50.36	47.04	50.36	50.01	51.59	46.79	44.16	44.14	42.17	43.5	47.38	44.89	51.17	49.76	49.32	51.54	49.69	45.84	47.89	44.5	51.65	53.6	47.58	49.8	49.18	51.5	49.39	49.62	48.52	45.84	51.27	46.97	48.24	47.7	43.04	50.17	50.18	51.76	51.22	48.37	53.64	48.04	45.19	48.45	55.9	51.61	51.63	49.89	50.61	51.08	49.42	50.9	51.13	51.11	55.91	50.55	47.14	44.59	43.22	44.24	52.17	46.32	58.43	54.81	47.98	44.31	44.31	54.94	54.94	51.23	46.92	47.48	42.11	49.59	51.49	52.2	50.55	54.48	51.78	51.29	50.03	49.09	51.31	51.31	50.4	50.17	51.61	49.11	48.56	49.08	46.34	45.89	41.03
zone2_00014	2	2026/04/28 18:44	5	0.1	53.39	53.6	53.29	52.09	51.23	48.78	50.12	53.89	49.81	48.84	48.84	48.84	48.84	45.31	51.79	48.48	58.55	46.28	43.38	52.08	52.86	48.36	44.65	45.91	50.31	57.01	53.84	55.61	55.33	52.23	51.38	49.91	53.6	46.24	49.39	49.05	46.52	45.74	43.12	54.62	54.71	50.57	55.02	51.7	50.42	48.99	49.14	50.46	49.43	54.06	53.2	53.43	53.61	55.24	54.93	55.04	57.55	55.21	50.92	48.69	47.72	47.72	47.72	46.17	59.09	52.69	53.62	56.69	55.78	49.55	53.34	47.71	55.4	60.9	50.62	56.46	56.65	57.72	56.05	53.54	56.52	54.76	48.06	52.3	51.54	49.73	47.92	55.75	57.06	55.11	53.74	57.26	56.13	53.89	53.44	54.54	53.96	55.53	55.57	50.91	50.36	50.36	50.36	47.04	50.36	50.01	51.59	46.79	44.16	44.14	42.17	43.5	47.38	44.89	51.17	49.76	49.32	51.54	49.69	45.84	47.89	44.5	51.65	53.6	47.58	49.8	49.18	51.5	49.39	49.62	48.52	45.84	51.27	46.97	48.24	47.7	43.04	50.17	50.18	51.76	51.22	48.37	53.64	48.04	45.19	47.35	49.89	50.42	50.69	44.84	50.61	51.08	49.42	50.9	51.13	51.11	55.91	50.55	47.14	44.59	43.22	44.24	52.17	46.32	58.43	54.81	47.98	44.31	44.31	54.94	54.94	51.23	46.92	47.48	42.11	49.59	51.49	52.2	50.55	54.48	51.78	51.29	50.03	49.09	51.31	51.31	50.4	50.17	51.61	49.11	48.56	49.08	46.34	45.89	41.03	54.6	51.86	55.59	52.5	49.16
zone2_00015	2	2026/04/28 18:44	5	0.1	48.78	50.12	53.89	49.81	48.84	48.84	48.84	48.84	45.31	51.79	48.48	58.55	46.28	43.38	52.08	52.86	48.36	44.65	45.91	50.31	57.01	53.84	55.61	55.33	52.23	51.38	49.91	53.6	46.24	49.39	49.05	46.52	45.74	43.12	54.62	54.71	50.57	55.02	51.7	50.42	48.99	49.14	50.46	49.43	54.06	49.82	45.29	41.82	45.72	47.56	55.04	57.55	55.21	50.92	48.69	47.72	47.72	47.72	46.17	59.09	52.69	53.62	56.69	55.78	49.55	53.34	47.71	55.4	60.9	50.62	56.46	56.65	57.72	56.05	53.54	56.52	54.76	48.06	52.3	51.54	49.73	47.92	55.75	57.06	55.11	53.74	57.26	56.13	53.89	53.44	54.54	53.96	55.53	55.57	50.91	46.93	49.81	49.94	45.66	49.13	50.01	51.59	46.79	44.16	44.14	42.17	43.5	47.38	44.89	51.17	49.76	49.32	51.54	49.69	45.84	47.89	44.5	51.65	53.6	47.58	49.8	49.18	51.5	49.39	49.62	48.52	45.84	51.27	46.97	48.24	47.7	43.04	50.17	50.18	51.76	51.22	48.37	53.64	48.04	45.19	47.35	49.89	50.42	50.69	44.84	46.91	44.34	44.28	44.64	45.26	51.11	55.91	50.55	47.14	44.59	43.22	44.24	52.17	46.32	58.43	54.81	47.98	44.31	44.31	54.94	54.94	51.23	46.92	47.48	42.11	49.59	51.49	52.2	50.55	54.48	51.78	51.29	50.03	49.09	51.31	51.31	50.4	50.17	51.61	49.11	48.56	49.08	46.34	45.89	41.03	54.6	51.86	55.59	52.5	49.16	45.77	42.82	44.1	45.02	45.08
zone2_00016	2	2026/04/28 18:44	5	0.1	48.84	48.84	48.84	45.31	51.79	48.48	58.55	46.28	43.38	52.08	52.86	48.36	44.65	45.91	50.31	57.01	53.84	55.61	55.33	52.23	51.38	49.91	53.6	46.24	49.39	49.05	46.52	45.74	43.12	54.62	54.71	50.57	55.02	51.7	50.42	48.99	49.14	50.46	49.43	54.06	49.82	45.29	41.82	45.72	47.56	47.23	46.01	43.47	43.88	51.5	47.72	47.72	47.72	46.17	59.09	52.69	53.62	56.69	55.78	49.55	53.34	47.71	55.4	60.9	50.62	56.46	56.65	57.72	56.05	53.54	56.52	54.76	48.06	52.3	51.54	49.73	47.92	55.75	57.06	55.11	53.74	57.26	56.13	53.89	53.44	54.54	53.96	55.53	55.57	50.91	46.93	49.81	49.94	45.66	49.13	49.31	48.13	45.94	58.5	51.45	42.17	43.5	47.38	44.89	51.17	49.76	49.32	51.54	49.69	45.84	47.89	44.5	51.65	53.6	47.58	49.8	49.18	51.5	49.39	49.62	48.52	45.84	51.27	46.97	48.24	47.7	43.04	50.17	50.18	51.76	51.22	48.37	53.64	48.04	45.19	47.35	49.89	50.42	50.69	44.84	46.91	44.34	44.28	44.64	45.26	45.78	43.49	44.4	52.72	47.34	43.22	44.24	52.17	46.32	58.43	54.81	47.98	44.31	44.31	54.94	54.94	51.23	46.92	47.48	42.11	49.59	51.49	52.2	50.55	54.48	51.78	51.29	50.03	49.09	51.31	51.31	50.4	50.17	51.61	49.11	48.56	49.08	46.34	45.89	41.03	54.6	51.86	55.59	52.5	49.16	45.77	42.82	44.1	45.02	45.08	47.62	45.74	42.5	42.12	54.03
zone2_00017	2	2026/04/28 18:44	5	0.1	48.48	58.55	46.28	43.38	52.08	52.86	48.36	44.65	45.91	50.31	57.01	53.84	55.61	55.33	52.23	51.38	49.91	53.6	46.24	49.39	49.05	46.52	45.74	43.12	54.62	54.71	50.57	55.02	51.7	50.42	48.99	49.14	50.46	49.43	54.06	49.82	45.29	41.82	45.72	47.56	47.23	46.01	43.47	43.88	51.5	47.99	40.9	52.28	53.1	48.34	52.69	53.62	56.69	55.78	49.55	53.34	47.71	55.4	60.9	50.62	56.46	56.65	57.72	56.05	53.54	56.52	54.76	48.06	52.3	51.54	49.73	47.92	55.75	57.06	55.11	53.74	57.26	56.13	53.89	53.44	54.54	53.96	55.53	55.57	50.91	46.93	49.81	49.94	45.66	49.13	49.31	48.13	45.94	58.5	51.45	49.46	44.65	50.59	51.3	49.97	49.76	49.32	51.54	49.69	45.84	47.89	44.5	51.65	53.6	47.58	49.8	49.18	51.5	49.39	49.62	48.52	45.84	51.27	46.97	48.24	47.7	43.04	50.17	50.18	51.76	51.22	48.37	53.64	48.04	45.19	47.35	49.89	50.42	50.69	44.84	46.91	44.34	44.28	44.64	45.26	45.78	43.49	44.4	52.72	47.34	44.54	41.95	48.2	47.6	47.51	54.81	47.98	44.31	44.31	54.94	54.94	51.23	46.92	47.48	42.11	49.59	51.49	52.2	50.55	54.48	51.78	51.29	50.03	49.09	51.31	51.31	50.4	50.17	51.61	49.11	48.56	49.08	46.34	45.89	41.03	54.6	51.86	55.59	52.5	49.16	45.77	42.82	44.1	45.02	45.08	47.62	45.74	42.5	42.12	54.03	50.32	42.07	49.48	50.01	47.11
zone2_00018	2	2026/04/28 18:44	5	0.1	52.86	48.36	44.65	45.91	50.31	57.01	53.84	55.61	55.33	52.23	51.38	49.91	53.6	46.24	49.39	49.05	46.52	45.74	43.12	54.62	54.71	50.57	55.02	51.7	50.42	48.99	49.14	50.46	49.43	54.06	49.82	45.29	41.82	45.72	47.56	47.23	46.01	43.47	43.88	51.5	47.99	40.9	52.28	53.1	48.34	48.45	49.35	47.89	46.62	50.1	53.34	47.71	55.4	60.9	50.62	56.46	56.65	57.72	56.05	53.54	56.52	54.76	48.06	52.3	51.54	49.73	47.92	55.75	57.06	55.11	53.74	57.26	56.13	53.89	53.44	54.54	53.96	55.53	55.57	50.91	46.93	49.81	49.94	45.66	49.13	49.31	48.13	45.94	58.5	51.45	49.46	44.65	50.59	51.3	49.97	50.35	49.84	46.98	56.37	52.16	47.89	44.5	51.65	53.6	47.58	49.8	49.18	51.5	49.39	49.62	48.52	45.84	51.27	46.97	48.24	47.7	43.04	50.17	50.18	51.76	51.22	48.37	53.64	48.04	45.19	47.35	49.89	50.42	50.69	44.84	46.91	44.34	44.28	44.64	45.26	45.78	43.49	44.4	52.72	47.34	44.54	41.95	48.2	47.6	47.51	47.79	44.97	45.64	51.59	47.8	54.94	51.23	46.92	47.48	42.11	49.59	51.49	52.2	50.55	54.48	51.78	51.29	50.03	49.09	51.31	51.31	50.4	50.17	51.61	49.11	48.56	49.08	46.34	45.89	41.03	54.6	51.86	55.59	52.5	49.16	45.77	42.82	44.1	45.02	45.08	47.62	45.74	42.5	42.12	54.03	50.32	42.07	49.48	50.01	47.11	46.6	46.11	44.67	44.33	56.18
zone2_00019	2	2026/04/28 18:44	5	0.1	57.01	53.84	55.61	55.33	52.23	51.38	49.91	53.6	46.24	49.39	49.05	46.52	45.74	43.12	54.62	54.71	50.57	55.02	51.7	50.42	48.99	49.14	50.46	49.43	54.06	49.82	45.29	41.82	45.72	47.56	47.23	46.01	43.47	43.88	51.5	47.99	40.9	52.28	53.1	48.34	48.45	49.35	47.89	46.62	50.1	49.33	45.74	45.69	41.98	51.21	56.46	56.65	57.72	56.05	53.54	56.52	54.76	48.06	52.3	51.54	49.73	47.92	55.75	57.06	55.11	53.74	57.26	56.13	53.89	53.44	54.54	53.96	55.53	55.57	50.91	46.93	49.81	49.94	45.66	49.13	49.31	48.13	45.94	58.5	51.45	49.46	44.65	50.59	51.3	49.97	50.35	49.84	46.98	56.37	52.16	49.15	48.66	45.72	49.99	51.61	49.8	49.18	51.5	49.39	49.62	48.52	45.84	51.27	46.97	48.24	47.7	43.04	50.17	50.18	51.76	51.22	48.37	53.64	48.04	45.19	47.35	49.89	50.42	50.69	44.84	46.91	44.34	44.28	44.64	45.26	45.78	43.49	44.4	52.72	47.34	44.54	41.95	48.2	47.6	47.51	47.79	44.97	45.64	51.59	47.8	45.2	44.06	41.56	46.61	45.89	49.59	51.49	52.2	50.55	54.48	51.78	51.29	50.03	49.09	51.31	51.31	50.4	50.17	51.61	49.11	48.56	49.08	46.34	45.89	41.03	54.6	51.86	55.59	52.5	49.16	45.77	42.82	44.1	45.02	45.08	47.62	45.74	42.5	42.12	54.03	50.32	42.07	49.48	50.01	47.11	46.6	46.11	44.67	44.33	56.18	52.21	46.64	43.44	44.21	47.87
zone2_00020	2	2026/04/28 18:44	5	0.1	51.38	49.91	53.6	46.24	49.39	49.05	46.52	45.74	43.12	54.62	54.71	50.57	55.02	51.7	50.42	48.99	49.14	50.46	49.43	54.06	49.82	45.29	41.82	45.72	47.56	47.23	46.01	43.47	43.88	51.5	47.99	40.9	52.28	53.1	48.34	48.45	49.35	47.89	46.62	50.1	49.33	45.74	45.69	41.98	51.21	49.3	44.01	45.63	49.95	49.25	56.52	54.76	48.06	52.3	51.54	49.73	47.92	55.75	57.06	55.11	53.74	57.26	56.13	53.89	53.44	54.54	53.96	55.53	55.57	50.91	46.93	49.81	49.94	45.66	49.13	49.31	48.13	45.94	58.5	51.45	49.46	44.65	50.59	51.3	49.97	50.35	49.84	46.98	56.37	52.16	49.15	48.66	45.72	49.99	51.61	50.75	52.23	51.48	51.48	49.35	48.52	45.84	51.27	46.97	48.24	47.7	43.04	50.17	50.18	51.76	51.22	48.37	53.64	48.04	45.19	47.35	49.89	50.42	50.69	44.84	46.91	44.34	44.28	44.64	45.26	45.78	43.49	44.4	52.72	47.34	44.54	41.95	48.2	47.6	47.51	47.79	44.97	45.64	51.59	47.8	45.2	44.06	41.56	46.61	45.89	45.94	45.94	45.94	45.94	47.03	51.78	51.29	50.03	49.09	51.31	51.31	50.4	50.17	51.61	49.11	48.56	49.08	46.34	45.89	41.03	54.6	51.86	55.59	52.5	49.16	45.77	42.82	44.1	45.02	45.08	47.62	45.74	42.5	42.12	54.03	50.32	42.07	49.48	50.01	47.11	46.6	46.11	44.67	44.33	56.18	52.21	46.64	43.44	44.21	47.87	47.77	48.81	47.79	45.78	55.74
zone2_00021	2	2026/04/28 18:44	5	0.1	49.05	46.52	45.74	43.12	54.62	54.71	50.57	55.02	51.7	50.42	48.99	49.14	50.46	49.43	54.06	49.82	45.29	41.82	45.72	47.56	47.23	46.01	43.47	43.88	51.5	47.99	40.9	52.28	53.1	48.34	48.45	49.35	47.89	46.62	50.1	49.33	45.74	45.69	41.98	51.21	49.3	44.01	45.63	49.95	49.25	46.64	53.11	57.1	53.46	48.4	49.73	47.92	55.75	57.06	55.11	53.74	57.26	56.13	53.89	53.44	54.54	53.96	55.53	55.57	50.91	46.93	49.81	49.94	45.66	49.13	49.31	48.13	45.94	58.5	51.45	49.46	44.65	50.59	51.3	49.97	50.35	49.84	46.98	56.37	52.16	49.15	48.66	45.72	49.99	51.61	50.75	52.23	51.48	51.48	49.35	52.77	56.1	52.48	50.62	53.33	47.7	43.04	50.17	50.18	51.76	51.22	48.37	53.64	48.04	45.19	47.35	49.89	50.42	50.69	44.84	46.91	44.34	44.28	44.64	45.26	45.78	43.49	44.4	52.72	47.34	44.54	41.95	48.2	47.6	47.51	47.79	44.97	45.64	51.59	47.8	45.2	44.06	41.56	46.61	45.89	45.94	45.94	45.94	45.94	47.03	47.03	47.03	49.04	45.67	48.05	51.31	50.4	50.17	51.61	49.11	48.56	49.08	46.34	45.89	41.03	54.6	51.86	55.59	52.5	49.16	45.77	42.82	44.1	45.02	45.08	47.62	45.74	42.5	42.12	54.03	50.32	42.07	49.48	50.01	47.11	46.6	46.11	44.67	44.33	56.18	52.21	46.64	43.44	44.21	47.87	47.77	48.81	47.79	45.78	55.74	52.51	50.77	48.41	47.75	50.94
zone2_00022	2	2026/04/28 18:44	5	0.1	54.71	50.57	55.02	51.7	50.42	48.99	49.14	50.46	49.43	54.06	49.82	45.29	41.82	45.72	47.56	47.23	46.01	43.47	43.88	51.5	47.99	40.9	52.28	53.1	48.34	48.45	49.35	47.89	46.62	50.1	49.33	45.74	45.69	41.98	51.21	49.3	44.01	45.63	49.95	49.25	46.64	53.11	57.1	53.46	48.4	49.55	47.72	49.52	50.32	49.64	53.74	57.26	56.13	53.89	53.44	54.54	53.96	55.53	55.57	50.91	46.93	49.81	49.94	45.66	49.13	49.31	48.13	45.94	58.5	51.45	49.46	44.65	50.59	51.3	49.97	50.35	49.84	46.98	56.37	52.16	49.15	48.66	45.72	49.99	51.61	50.75	52.23	51.48	51.48	49.35	52.77	56.1	52.48	50.62	53.33	50.03	53.47	55.15	55.22	55.42	51.22	48.37	53.64	48.04	45.19	47.35	49.89	50.42	50.69	44.84	46.91	44.34	44.28	44.64	45.26	45.78	43.49	44.4	52.72	47.34	44.54	41.95	48.2	47.6	47.51	47.79	44.97	45.64	51.59	47.8	45.2	44.06	41.56	46.61	45.89	45.94	45.94	45.94	45.94	47.03	47.03	47.03	49.04	45.67	48.05	45.12	46.34	47.15	47.57	50.91	48.56	49.08	46.34	45.89	41.03	54.6	51.86	55.59	52.5	49.16	45.77	42.82	44.1	45.02	45.08	47.62	45.74	42.5	42.12	54.03	50.32	42.07	49.48	50.01	47.11	46.6	46.11	44.67	44.33	56.18	52.21	46.64	43.44	44.21	47.87	47.77	48.81	47.79	45.78	55.74	52.51	50.77	48.41	47.75	50.94	50.17	47.53	51.25	51.48	55.19
zone2_00023	2	2026/04/28 18:44	5	0.1	48.99	49.14	50.46	49.43	54.06	49.82	45.29	41.82	45.72	47.56	47.23	46.01	43.47	43.88	51.5	47.99	40.9	52.28	53.1	48.34	48.45	49.35	47.89	46.62	50.1	49.33	45.74	45.69	41.98	51.21	49.3	44.01	45.63	49.95	49.25	46.64	53.11	57.1	53.46	48.4	49.55	47.72	49.52	50.32	49.64	49.98	54.87	49.76	44.32	54.34	54.54	53.96	55.53	55.57	50.91	46.93	49.81	49.94	45.66	49.13	49.31	48.13	45.94	58.5	51.45	49.46	44.65	50.59	51.3	49.97	50.35	49.84	46.98	56.37	52.16	49.15	48.66	45.72	49.99	51.61	50.75	52.23	51.48	51.48	49.35	52.77	56.1	52.48	50.62	53.33	50.03	53.47	55.15	55.22	55.42	53.75	48.8	47.73	49.44	52.29	47.35	49.89	50.42	50.69	44.84	46.91	44.34	44.28	44.64	45.26	45.78	43.49	44.4	52.72	47.34	44.54	41.95	48.2	47.6	47.51	47.79	44.97	45.64	51.59	47.8	45.2	44.06	41.56	46.61	45.89	45.94	45.94	45.94	45.94	47.03	47.03	47.03	49.04	45.67	48.05	45.12	46.34	47.15	47.57	50.91	49.32	45.57	47.42	44.92	48.53	54.6	51.86	55.59	52.5	49.16	45.77	42.82	44.1	45.02	45.08	47.62	45.74	42.5	42.12	54.03	50.32	42.07	49.48	50.01	47.11	46.6	46.11	44.67	44.33	56.18	52.21	46.64	43.44	44.21	47.87	47.77	48.81	47.79	45.78	55.74	52.51	50.77	48.41	47.75	50.94	50.17	47.53	51.25	51.48	55.19	49.46	47.1	44.14	43.18	50.1
zone2_00024	2	2026/04/28 18:44	5	0.1	49.82	45.29	41.82	45.72	47.56	47.23	46.01	43.47	43.88	51.5	47.99	40.9	52.28	53.1	48.34	48.45	49.35	47.89	46.62	50.1	49.33	45.74	45.69	41.98	51.21	49.3	44.01	45.63	49.95	49.25	46.64	53.11	57.1	53.46	48.4	49.55	47.72	49.52	50.32	49.64	49.98	54.87	49.76	44.32	54.34	46.6	51.05	49.86	49.86	46.84	46.93	49.81	49.94	45.66	49.13	49.31	48.13	45.94	58.5	51.45	49.46	44.65	50.59	51.3	49.97	50.35	49.84	46.98	56.37	52.16	49.15	48.66	45.72	49.99	51.61	50.75	52.23	51.48	51.48	49.35	52.77	56.1	52.48	50.62	53.33	50.03	53.47	55.15	55.22	55.42	53.75	48.8	47.73	49.44	52.29	48.31	50.76	50.09	50.09	50.09	46.91	44.34	44.28	44.64	45.26	45.78	43.49	44.4	52.72	47.34	44.54	41.95	48.2	47.6	47.51	47.79	44.97	45.64	51.59	47.8	45.2	44.06	41.56	46.61	45.89	45.94	45.94	45.94	45.94	47.03	47.03	47.03	49.04	45.67	48.05	45.12	46.34	47.15	47.57	50.91	49.32	45.57	47.42	44.92	48.53	45.35	44.29	48.64	44.95	51.59	45.77	42.82	44.1	45.02	45.08	47.62	45.74	42.5	42.12	54.03	50.32	42.07	49.48	50.01	47.11	46.6	46.11	44.67	44.33	56.18	52.21	46.64	43.44	44.21	47.87	47.77	48.81	47.79	45.78	55.74	52.51	50.77	48.41	47.75	50.94	50.17	47.53	51.25	51.48	55.19	49.46	47.1	44.14	43.18	50.1	42.18	44.27	47.7	46.36	55.34
zone2_00025	2	2026/04/28 18:44	5	0.1	47.23	46.01	43.47	43.88	51.5	47.99	40.9	52.28	53.1	48.34	48.45	49.35	47.89	46.62	50.1	49.33	45.74	45.69	41.98	51.21	49.3	44.01	45.63	49.95	49.25	46.64	53.11	57.1	53.46	48.4	49.55	47.72	49.52	50.32	49.64	49.98	54.87	49.76	44.32	54.34	46.6	51.05	49.86	49.86	46.84	47.77	45.03	51.73	48.77	49.44	49.31	48.13	45.94	58.5	51.45	49.46	44.65	50.59	51.3	49.97	50.35	49.84	46.98	56.37	52.16	49.15	48.66	45.72	49.99	51.61	50.75	52.23	51.48	51.48	49.35	52.77	56.1	52.48	50.62	53.33	50.03	53.47	55.15	55.22	55.42	53.75	48.8	47.73	49.44	52.29	48.31	50.76	50.09	50.09	50.09	50.09	50.75	53.35	51.09	52.78	45.78	43.49	44.4	52.72	47.34	44.54	41.95	48.2	47.6	47.51	47.79	44.97	45.64	51.59	47.8	45.2	44.06	41.56	46.61	45.89	45.94	45.94	45.94	45.94	47.03	47.03	47.03	49.04	45.67	48.05	45.12	46.34	47.15	47.57	50.91	49.32	45.57	47.42	44.92	48.53	45.35	44.29	48.64	44.95	51.59	50.35	45.04	48.31	47.5	49.35	47.62	45.74	42.5	42.12	54.03	50.32	42.07	49.48	50.01	47.11	46.6	46.11	44.67	44.33	56.18	52.21	46.64	43.44	44.21	47.87	47.77	48.81	47.79	45.78	55.74	52.51	50.77	48.41	47.75	50.94	50.17	47.53	51.25	51.48	55.19	49.46	47.1	44.14	43.18	50.1	42.18	44.27	47.7	46.36	55.34	50.12	43.62	47.31	47.95	49.7
zone2_00026	2	2026/04/28 18:44	5	0.1	47.99	40.9	52.28	53.1	48.34	48.45	49.35	47.89	46.62	50.1	49.33	45.74	45.69	41.98	51.21	49.3	44.01	45.63	49.95	49.25	46.64	53.11	57.1	53.46	48.4	49.55	47.72	49.52	50.32	49.64	49.98	54.87	49.76	44.32	54.34	46.6	51.05	49.86	49.86	46.84	47.77	45.03	51.73	48.77	49.44	56.58	56.5	56.76	56.04	53.28	49.46	44.65	50.59	51.3	49.97	50.35	49.84	46.98	56.37	52.16	49.15	48.66	45.72	49.99	51.61	50.75	52.23	51.48	51.48	49.35	52.77	56.1	52.48	50.62	53.33	50.03	53.47	55.15	55.22	55.42	53.75	48.8	47.73	49.44	52.29	48.31	50.76	50.09	50.09	50.09	50.09	50.75	53.35	51.09	52.78	59.66	56.21	52.58	56.05	57.23	44.54	41.95	48.2	47.6	47.51	47.79	44.97	45.64	51.59	47.8	45.2	44.06	41.56	46.61	45.89	45.94	45.94	45.94	45.94	47.03	47.03	47.03	49.04	45.67	48.05	45.12	46.34	47.15	47.57	50.91	49.32	45.57	47.42	44.92	48.53	45.35	44.29	48.64	44.95	51.59	50.35	45.04	48.31	47.5	49.35	51.21	49.97	47.75	50.78	47.45	50.32	42.07	49.48	50.01	47.11	46.6	46.11	44.67	44.33	56.18	52.21	46.64	43.44	44.21	47.87	47.77	48.81	47.79	45.78	55.74	52.51	50.77	48.41	47.75	50.94	50.17	47.53	51.25	51.48	55.19	49.46	47.1	44.14	43.18	50.1	42.18	44.27	47.7	46.36	55.34	50.12	43.62	47.31	47.95	49.7	55.44	54.6	54.8	54.8	54.8
zone2_00027	2	2026/04/28 18:44	5	0.1	48.45	49.35	47.89	46.62	50.1	49.33	45.74	45.69	41.98	51.21	49.3	44.01	45.63	49.95	49.25	46.64	53.11	57.1	53.46	48.4	49.55	47.72	49.52	50.32	49.64	49.98	54.87	49.76	44.32	54.34	46.6	51.05	49.86	49.86	46.84	47.77	45.03	51.73	48.77	49.44	56.58	56.5	56.76	56.04	53.28	56.21	56.01	56.32	51.89	51.89	50.35	49.84	46.98	56.37	52.16	49.15	48.66	45.72	49.99	51.61	50.75	52.23	51.48	51.48	49.35	52.77	56.1	52.48	50.62	53.33	50.03	53.47	55.15	55.22	55.42	53.75	48.8	47.73	49.44	52.29	48.31	50.76	50.09	50.09	50.09	50.09	50.75	53.35	51.09	52.78	59.66	56.21	52.58	56.05	57.23	57.49	57.49	57.49	57.49	50.4	47.79	44.97	45.64	51.59	47.8	45.2	44.06	41.56	46.61	45.89	45.94	45.94	45.94	45.94	47.03	47.03	47.03	49.04	45.67	48.05	45.12	46.34	47.15	47.57	50.91	49.32	45.57	47.42	44.92	48.53	45.35	44.29	48.64	44.95	51.59	50.35	45.04	48.31	47.5	49.35	51.21	49.97	47.75	50.78	47.45	51.63	46.06	51.88	49.3	45.17	46.6	46.11	44.67	44.33	56.18	52.21	46.64	43.44	44.21	47.87	47.77	48.81	47.79	45.78	55.74	52.51	50.77	48.41	47.75	50.94	50.17	47.53	51.25	51.48	55.19	49.46	47.1	44.14	43.18	50.1	42.18	44.27	47.7	46.36	55.34	50.12	43.62	47.31	47.95	49.7	55.44	54.6	54.8	54.8	54.8	54.8	54.8	54.8	54.8	54.8
zone2_00028	2	2026/04/28 18:44	5	0.1	49.33	45.74	45.69	41.98	51.21	49.3	44.01	45.63	49.95	49.25	46.64	53.11	57.1	53.46	48.4	49.55	47.72	49.52	50.32	49.64	49.98	54.87	49.76	44.32	54.34	46.6	51.05	49.86	49.86	46.84	47.77	45.03	51.73	48.77	49.44	56.58	56.5	56.76	56.04	53.28	56.21	56.01	56.32	51.89	51.89	51.7	50.66	52.66	51.32	51.52	49.15	48.66	45.72	49.99	51.61	50.75	52.23	51.48	51.48	49.35	52.77	56.1	52.48	50.62	53.33	50.03	53.47	55.15	55.22	55.42	53.75	48.8	47.73	49.44	52.29	48.31	50.76	50.09	50.09	50.09	50.09	50.75	53.35	51.09	52.78	59.66	56.21	52.58	56.05	57.23	57.49	57.49	57.49	57.49	50.4	53.85	60.16	53.71	49.57	48.93	45.2	44.06	41.56	46.61	45.89	45.94	45.94	45.94	45.94	47.03	47.03	47.03	49.04	45.67	48.05	45.12	46.34	47.15	47.57	50.91	49.32	45.57	47.42	44.92	48.53	45.35	44.29	48.64	44.95	51.59	50.35	45.04	48.31	47.5	49.35	51.21	49.97	47.75	50.78	47.45	51.63	46.06	51.88	49.3	45.17	50.54	51.74	52.6	45.68	45.36	52.21	46.64	43.44	44.21	47.87	47.77	48.81	47.79	45.78	55.74	52.51	50.77	48.41	47.75	50.94	50.17	47.53	51.25	51.48	55.19	49.46	47.1	44.14	43.18	50.1	42.18	44.27	47.7	46.36	55.34	50.12	43.62	47.31	47.95	49.7	55.44	54.6	54.8	54.8	54.8	54.8	54.8	54.8	54.8	54.8	49.85	54.28	55.57	55.97	54.6
zone2_00029	2	2026/04/28 18:44	5	0.1	49.3	44.01	45.63	49.95	49.25	46.64	53.11	57.1	53.46	48.4	49.55	47.72	49.52	50.32	49.64	49.98	54.87	49.76	44.32	54.34	46.6	51.05	49.86	49.86	46.84	47.77	45.03	51.73	48.77	49.44	56.58	56.5	56.76	56.04	53.28	56.21	56.01	56.32	51.89	51.89	51.7	50.66	52.66	51.32	51.52	50.53	50.49	58.92	46.85	50.51	50.75	52.23	51.48	51.48	49.35	52.77	56.1	52.48	50.62	53.33	50.03	53.47	55.15	55.22	55.42	53.75	48.8	47.73	49.44	52.29	48.31	50.76	50.09	50.09	50.09	50.09	50.75	53.35	51.09	52.78	59.66	56.21	52.58	56.05	57.23	57.49	57.49	57.49	57.49	50.4	53.85	60.16	53.71	49.57	48.93	48.93	48.51	60.99	52.55	55.63	45.94	45.94	45.94	45.94	47.03	47.03	47.03	49.04	45.67	48.05	45.12	46.34	47.15	47.57	50.91	49.32	45.57	47.42	44.92	48.53	45.35	44.29	48.64	44.95	51.59	50.35	45.04	48.31	47.5	49.35	51.21	49.97	47.75	50.78	47.45	51.63	46.06	51.88	49.3	45.17	50.54	51.74	52.6	45.68	45.36	52.79	49.71	47.73	51.29	52.26	47.77	48.81	47.79	45.78	55.74	52.51	50.77	48.41	47.75	50.94	50.17	47.53	51.25	51.48	55.19	49.46	47.1	44.14	43.18	50.1	42.18	44.27	47.7	46.36	55.34	50.12	43.62	47.31	47.95	49.7	55.44	54.6	54.8	54.8	54.8	54.8	54.8	54.8	54.8	54.8	49.85	54.28	55.57	55.97	54.6	54.6	53.32	47.67	51.82	51.88
zone2_00030	2	2026/04/28 18:44	5	0.1	46.64	53.11	57.1	53.46	48.4	49.55	47.72	49.52	50.32	49.64	49.98	54.87	49.76	44.32	54.34	46.6	51.05	49.86	49.86	46.84	47.77	45.03	51.73	48.77	49.44	56.58	56.5	56.76	56.04	53.28	56.21	56.01	56.32	51.89	51.89	51.7	50.66	52.66	51.32	51.52	50.53	50.49	58.92	46.85	50.51	56.95	56.95	56.95	56.89	57.69	52.77	56.1	52.48	50.62	53.33	50.03	53.47	55.15	55.22	55.42	53.75	48.8	47.73	49.44	52.29	48.31	50.76	50.09	50.09	50.09	50.09	50.75	53.35	51.09	52.78	59.66	56.21	52.58	56.05	57.23	57.49	57.49	57.49	57.49	50.4	53.85	60.16	53.71	49.57	48.93	48.93	48.51	60.99	52.55	55.63	55.63	55.63	55.63	53.5	49.05	47.03	47.03	49.04	45.67	48.05	45.12	46.34	47.15	47.57	50.91	49.32	45.57	47.42	44.92	48.53	45.35	44.29	48.64	44.95	51.59	50.35	45.04	48.31	47.5	49.35	51.21	49.97	47.75	50.78	47.45	51.63	46.06	51.88	49.3	45.17	50.54	51.74	52.6	45.68	45.36	52.79	49.71	47.73	51.29	52.26	50.56	53.27	51.93	48.62	45.9	52.51	50.77	48.41	47.75	50.94	50.17	47.53	51.25	51.48	55.19	49.46	47.1	44.14	43.18	50.1	42.18	44.27	47.7	46.36	55.34	50.12	43.62	47.31	47.95	49.7	55.44	54.6	54.8	54.8	54.8	54.8	54.8	54.8	54.8	54.8	49.85	54.28	55.57	55.97	54.6	54.6	53.32	47.67	51.82	51.88	54.5	53.61	54.07	52.85	52.85
zone2_00031	2	2026/04/28 18:44	5	0.1	49.55	47.72	49.52	50.32	49.64	49.98	54.87	49.76	44.32	54.34	46.6	51.05	49.86	49.86	46.84	47.77	45.03	51.73	48.77	49.44	56.58	56.5	56.76	56.04	53.28	56.21	56.01	56.32	51.89	51.89	51.7	50.66	52.66	51.32	51.52	50.53	50.49	58.92	46.85	50.51	56.95	56.95	56.95	56.89	57.69	55.41	52.06	47.09	44.8	54.42	50.03	53.47	55.15	55.22	55.42	53.75	48.8	47.73	49.44	52.29	48.31	50.76	50.09	50.09	50.09	50.09	50.75	53.35	51.09	52.78	59.66	56.21	52.58	56.05	57.23	57.49	57.49	57.49	57.49	50.4	53.85	60.16	53.71	49.57	48.93	48.93	48.51	60.99	52.55	55.63	55.63	55.63	55.63	53.5	49.05	54.2	53.34	49.23	52.19	55.52	45.12	46.34	47.15	47.57	50.91	49.32	45.57	47.42	44.92	48.53	45.35	44.29	48.64	44.95	51.59	50.35	45.04	48.31	47.5	49.35	51.21	49.97	47.75	50.78	47.45	51.63	46.06	51.88	49.3	45.17	50.54	51.74	52.6	45.68	45.36	52.79	49.71	47.73	51.29	52.26	50.56	53.27	51.93	48.62	45.9	42.56	48.4	48.4	45.38	48.06	50.17	47.53	51.25	51.48	55.19	49.46	47.1	44.14	43.18	50.1	42.18	44.27	47.7	46.36	55.34	50.12	43.62	47.31	47.95	49.7	55.44	54.6	54.8	54.8	54.8	54.8	54.8	54.8	54.8	54.8	49.85	54.28	55.57	55.97	54.6	54.6	53.32	47.67	51.82	51.88	54.5	53.61	54.07	52.85	52.85	52.84	52.14	50.76	47.93	49.58
zone2_00032	2	2026/04/28 18:44	5	0.1	49.98	54.87	49.76	44.32	54.34	46.6	51.05	49.86	49.86	46.84	47.77	45.03	51.73	48.77	49.44	56.58	56.5	56.76	56.04	53.28	56.21	56.01	56.32	51.89	51.89	51.7	50.66	52.66	51.32	51.52	50.53	50.49	58.92	46.85	50.51	56.95	56.95	56.95	56.89	57.69	55.41	52.06	47.09	44.8	54.42	47.08	48.11	51.25	48.12	52.96	53.75	48.8	47.73	49.44	52.29	48.31	50.76	50.09	50.09	50.09	50.09	50.75	53.35	51.09	52.78	59.66	56.21	52.58	56.05	57.23	57.49	57.49	57.49	57.49	50.4	53.85	60.16	53.71	49.57	48.93	48.93	48.51	60.99	52.55	55.63	55.63	55.63	55.63	53.5	49.05	54.2	53.34	49.23	52.19	55.52	49.41	55.87	53.13	47.73	53.02	49.32	45.57	47.42	44.92	48.53	45.35	44.29	48.64	44.95	51.59	50.35	45.04	48.31	47.5	49.35	51.21	49.97	47.75	50.78	47.45	51.63	46.06	51.88	49.3	45.17	50.54	51.74	52.6	45.68	45.36	52.79	49.71	47.73	51.29	52.26	50.56	53.27	51.93	48.62	45.9	42.56	48.4	48.4	45.38	48.06	44.71	48.22	47.62	45.5	47.06	49.46	47.1	44.14	43.18	50.1	42.18	44.27	47.7	46.36	55.34	50.12	43.62	47.31	47.95	49.7	55.44	54.6	54.8	54.8	54.8	54.8	54.8	54.8	54.8	54.8	49.85	54.28	55.57	55.97	54.6	54.6	53.32	47.67	51.82	51.88	54.5	53.61	54.07	52.85	52.85	52.84	52.14	50.76	47.93	49.58	50.57	49.37	48.72	48.64	49.79
zone2_00033	2	2026/04/28 18:44	5	0.1	46.6	51.05	49.86	49.86	46.84	47.77	45.03	51.73	48.77	49.44	56.58	56.5	56.76	56.04	53.28	56.21	56.01	56.32	51.89	51.89	51.7	50.66	52.66	51.32	51.52	50.53	50.49	58.92	46.85	50.51	56.95	56.95	56.95	56.89	57.69	55.41	52.06	47.09	44.8	54.42	47.08	48.11	51.25	48.12	52.96	52.54	49.25	51.39	52.51	46.42	48.31	50.76	50.09	50.09	50.09	50.09	50.75	53.35	51.09	52.78	59.66	56.21	52.58	56.05	57.23	57.49	57.49	57.49	57.49	50.4	53.85	60.16	53.71	49.57	48.93	48.93	48.51	60.99	52.55	55.63	55.63	55.63	55.63	53.5	49.05	54.2	53.34	49.23	52.19	55.52	49.41	55.87	53.13	47.73	53.02	48.93	52.04	47.85	56.53	55.68	45.35	44.29	48.64	44.95	51.59	50.35	45.04	48.31	47.5	49.35	51.21	49.97	47.75	50.78	47.45	51.63	46.06	51.88	49.3	45.17	50.54	51.74	52.6	45.68	45.36	52.79	49.71	47.73	51.29	52.26	50.56	53.27	51.93	48.62	45.9	42.56	48.4	48.4	45.38	48.06	44.71	48.22	47.62	45.5	47.06	45.54	48.62	44.37	50.89	52.33	42.18	44.27	47.7	46.36	55.34	50.12	43.62	47.31	47.95	49.7	55.44	54.6	54.8	54.8	54.8	54.8	54.8	54.8	54.8	54.8	49.85	54.28	55.57	55.97	54.6	54.6	53.32	47.67	51.82	51.88	54.5	53.61	54.07	52.85	52.85	52.84	52.14	50.76	47.93	49.58	50.57	49.37	48.72	48.64	49.79	48.02	50.61	46.32	43.99	56.87
zone2_00034	2	2026/04/28 18:44	5	0.1	47.77	45.03	51.73	48.77	49.44	56.58	56.5	56.76	56.04	53.28	56.21	56.01	56.32	51.89	51.89	51.7	50.66	52.66	51.32	51.52	50.53	50.49	58.92	46.85	50.51	56.95	56.95	56.95	56.89	57.69	55.41	52.06	47.09	44.8	54.42	47.08	48.11	51.25	48.12	52.96	52.54	49.25	51.39	52.51	46.42	55.03	55.55	56.88	56.88	56.83	50.09	50.75	53.35	51.09	52.78	59.66	56.21	52.58	56.05	57.23	57.49	57.49	57.49	57.49	50.4	53.85	60.16	53.71	49.57	48.93	48.93	48.51	60.99	52.55	55.63	55.63	55.63	55.63	53.5	49.05	54.2	53.34	49.23	52.19	55.52	49.41	55.87	53.13	47.73	53.02	48.93	52.04	47.85	56.53	55.68	56.21	56.43	60.52	60.39	57.52	50.35	45.04	48.31	47.5	49.35	51.21	49.97	47.75	50.78	47.45	51.63	46.06	51.88	49.3	45.17	50.54	51.74	52.6	45.68	45.36	52.79	49.71	47.73	51.29	52.26	50.56	53.27	51.93	48.62	45.9	42.56	48.4	48.4	45.38	48.06	44.71	48.22	47.62	45.5	47.06	45.54	48.62	44.37	50.89	52.33	52.57	53.97	55.01	54.3	52.42	50.12	43.62	47.31	47.95	49.7	55.44	54.6	54.8	54.8	54.8	54.8	54.8	54.8	54.8	54.8	49.85	54.28	55.57	55.97	54.6	54.6	53.32	47.67	51.82	51.88	54.5	53.61	54.07	52.85	52.85	52.84	52.14	50.76	47.93	49.58	50.57	49.37	48.72	48.64	49.79	48.02	50.61	46.32	43.99	56.87	57.06	55.6	55.02	57.93	53.97
zone2_00035	2	2026/04/28 18:44	5	0.1	56.58	56.5	56.76	56.04	53.28	56.21	56.01	56.32	51.89	51.89	51.7	50.66	52.66	51.32	51.52	50.53	50.49	58.92	46.85	50.51	56.95	56.95	56.95	56.89	57.69	55.41	52.06	47.09	44.8	54.42	47.08	48.11	51.25	48.12	52.96	52.54	49.25	51.39	52.51	46.42	55.03	55.55	56.88	56.88	56.83	55.04	55.11	49.43	48.15	46.54	59.66	56.21	52.58	56.05	57.23	57.49	57.49	57.49	57.49	50.4	53.85	60.16	53.71	49.57	48.93	48.93	48.51	60.99	52.55	55.63	55.63	55.63	55.63	53.5	49.05	54.2	53.34	49.23	52.19	55.52	49.41	55.87	53.13	47.73	53.02	48.93	52.04	47.85	56.53	55.68	56.21	56.43	60.52	60.39	57.52	51.36	55.26	52.66	50.02	56.26	51.21	49.97	47.75	50.78	47.45	51.63	46.06	51.88	49.3	45.17	50.54	51.74	52.6	45.68	45.36	52.79	49.71	47.73	51.29	52.26	50.56	53.27	51.93	48.62	45.9	42.56	48.4	48.4	45.38	48.06	44.71	48.22	47.62	45.5	47.06	45.54	48.62	44.37	50.89	52.33	52.57	53.97	55.01	54.3	52.42	48.4	51.15	47.49	45.59	53.42	55.44	54.6	54.8	54.8	54.8	54.8	54.8	54.8	54.8	54.8	49.85	54.28	55.57	55.97	54.6	54.6	53.32	47.67	51.82	51.88	54.5	53.61	54.07	52.85	52.85	52.84	52.14	50.76	47.93	49.58	50.57	49.37	48.72	48.64	49.79	48.02	50.61	46.32	43.99	56.87	57.06	55.6	55.02	57.93	53.97	48.71	53.63	48.31	45.86	52.36
zone2_00036	2	2026/04/28 18:44	5	0.1	56.21	56.01	56.32	51.89	51.89	51.7	50.66	52.66	51.32	51.52	50.53	50.49	58.92	46.85	50.51	56.95	56.95	56.95	56.89	57.69	55.41	52.06	47.09	44.8	54.42	47.08	48.11	51.25	48.12	52.96	52.54	49.25	51.39	52.51	46.42	55.03	55.55	56.88	56.88	56.83	55.04	55.11	49.43	48.15	46.54	46.54	46.54	46.54	53.29	48.46	57.49	57.49	57.49	57.49	50.4	53.85	60.16	53.71	49.57	48.93	48.93	48.51	60.99	52.55	55.63	55.63	55.63	55.63	53.5	49.05	54.2	53.34	49.23	52.19	55.52	49.41	55.87	53.13	47.73	53.02	48.93	52.04	47.85	56.53	55.68	56.21	56.43	60.52	60.39	57.52	51.36	55.26	52.66	50.02	56.26	51.74	57.6	54.18	53.37	51.2	51.63	46.06	51.88	49.3	45.17	50.54	51.74	52.6	45.68	45.36	52.79	49.71	47.73	51.29	52.26	50.56	53.27	51.93	48.62	45.9	42.56	48.4	48.4	45.38	48.06	44.71	48.22	47.62	45.5	47.06	45.54	48.62	44.37	50.89	52.33	52.57	53.97	55.01	54.3	52.42	48.4	51.15	47.49	45.59	53.42	49.68	54.48	50.4	45.73	50.54	54.8	54.8	54.8	54.8	54.8	49.85	54.28	55.57	55.97	54.6	54.6	53.32	47.67	51.82	51.88	54.5	53.61	54.07	52.85	52.85	52.84	52.14	50.76	47.93	49.58	50.57	49.37	48.72	48.64	49.79	48.02	50.61	46.32	43.99	56.87	57.06	55.6	55.02	57.93	53.97	48.71	53.63	48.31	45.86	52.36	56.56	54.89	54.05	46.8	51.88
zone2_00037	2	2026/04/28 18:44	5	0.1	51.7	50.66	52.66	51.32	51.52	50.53	50.49	58.92	46.85	50.51	56.95	56.95	56.95	56.89	57.69	55.41	52.06	47.09	44.8	54.42	47.08	48.11	51.25	48.12	52.96	52.54	49.25	51.39	52.51	46.42	55.03	55.55	56.88	56.88	56.83	55.04	55.11	49.43	48.15	46.54	46.54	46.54	46.54	53.29	48.46	48.72	48.3	56.35	54.1	55.89	53.85	60.16	53.71	49.57	48.93	48.93	48.51	60.99	52.55	55.63	55.63	55.63	55.63	53.5	49.05	54.2	53.34	49.23	52.19	55.52	49.41	55.87	53.13	47.73	53.02	48.93	52.04	47.85	56.53	55.68	56.21	56.43	60.52	60.39	57.52	51.36	55.26	52.66	50.02	56.26	51.74	57.6	54.18	53.37	51.2	51.07	55.11	55.11	55.11	55.11	50.54	51.74	52.6	45.68	45.36	52.79	49.71	47.73	51.29	52.26	50.56	53.27	51.93	48.62	45.9	42.56	48.4	48.4	45.38	48.06	44.71	48.22	47.62	45.5	47.06	45.54	48.62	44.37	50.89	52.33	52.57	53.97	55.01	54.3	52.42	48.4	51.15	47.49	45.59	53.42	49.68	54.48	50.4	45.73	50.54	45.53	51.6	51.81	47.61	46.22	49.85	54.28	55.57	55.97	54.6	54.6	53.32	47.67	51.82	51.88	54.5	53.61	54.07	52.85	52.85	52.84	52.14	50.76	47.93	49.58	50.57	49.37	48.72	48.64	49.79	48.02	50.61	46.32	43.99	56.87	57.06	55.6	55.02	57.93	53.97	48.71	53.63	48.31	45.86	52.36	56.56	54.89	54.05	46.8	51.88	47.94	50.92	55.56	53.35	52.58
zone2_00038	2	2026/04/28 18:44	5	0.1	50.53	50.49	58.92	46.85	50.51	56.95	56.95	56.95	56.89	57.69	55.41	52.06	47.09	44.8	54.42	47.08	48.11	51.25	48.12	52.96	52.54	49.25	51.39	52.51	46.42	55.03	55.55	56.88	56.88	56.83	55.04	55.11	49.43	48.15	46.54	46.54	46.54	46.54	53.29	48.46	48.72	48.3	56.35	54.1	55.89	50.2	50.2	50.2	50.2	54.07	48.93	48.51	60.99	52.55	55.63	55.63	55.63	55.63	53.5	49.05	54.2	53.34	49.23	52.19	55.52	49.41	55.87	53.13	47.73	53.02	48.93	52.04	47.85	56.53	55.68	56.21	56.43	60.52	60.39	57.52	51.36	55.26	52.66	50.02	56.26	51.74	57.6	54.18	53.37	51.2	51.07	55.11	55.11	55.11	55.11	52.26	53.82	59.66	61.28	61.28	52.79	49.71	47.73	51.29	52.26	50.56	53.27	51.93	48.62	45.9	42.56	48.4	48.4	45.38	48.06	44.71	48.22	47.62	45.5	47.06	45.54	48.62	44.37	50.89	52.33	52.57	53.97	55.01	54.3	52.42	48.4	51.15	47.49	45.59	53.42	49.68	54.48	50.4	45.73	50.54	45.53	51.6	51.81	47.61	46.22	47.43	48.49	57.03	52.85	48.36	54.6	53.32	47.67	51.82	51.88	54.5	53.61	54.07	52.85	52.85	52.84	52.14	50.76	47.93	49.58	50.57	49.37	48.72	48.64	49.79	48.02	50.61	46.32	43.99	56.87	57.06	55.6	55.02	57.93	53.97	48.71	53.63	48.31	45.86	52.36	56.56	54.89	54.05	46.8	51.88	47.94	50.92	55.56	53.35	52.58	50.22	50.7	58.79	55.56	54.36
zone2_00039	2	2026/04/28 18:44	5	0.1	56.95	56.95	56.95	56.89	57.69	55.41	52.06	47.09	44.8	54.42	47.08	48.11	51.25	48.12	52.96	52.54	49.25	51.39	52.51	46.42	55.03	55.55	56.88	56.88	56.83	55.04	55.11	49.43	48.15	46.54	46.54	46.54	46.54	53.29	48.46	48.72	48.3	56.35	54.1	55.89	50.2	50.2	50.2	50.2	54.07	54.86	57.74	52.77	54.17	56.43	55.63	55.63	55.63	53.5	49.05	54.2	53.34	49.23	52.19	55.52	49.41	55.87	53.13	47.73	53.02	48.93	52.04	47.85	56.53	55.68	56.21	56.43	60.52	60.39	57.52	51.36	55.26	52.66	50.02	56.26	51.74	57.6	54.18	53.37	51.2	51.07	55.11	55.11	55.11	55.11	52.26	53.82	59.66	61.28	61.28	55.26	54.54	57.02	62.66	66.01	50.56	53.27	51.93	48.62	45.9	42.56	48.4	48.4	45.38	48.06	44.71	48.22	47.62	45.5	47.06	45.54	48.62	44.37	50.89	52.33	52.57	53.97	55.01	54.3	52.42	48.4	51.15	47.49	45.59	53.42	49.68	54.48	50.4	45.73	50.54	45.53	51.6	51.81	47.61	46.22	47.43	48.49	57.03	52.85	48.36	49.24	49.38	53.8	54.61	50.76	54.5	53.61	54.07	52.85	52.85	52.84	52.14	50.76	47.93	49.58	50.57	49.37	48.72	48.64	49.79	48.02	50.61	46.32	43.99	56.87	57.06	55.6	55.02	57.93	53.97	48.71	53.63	48.31	45.86	52.36	56.56	54.89	54.05	46.8	51.88	47.94	50.92	55.56	53.35	52.58	50.22	50.7	58.79	55.56	54.36	57.3	53.87	57.35	59.07	59.48
zone2_00040	2	2026/04/28 18:44	5	0.1	55.41	52.06	47.09	44.8	54.42	47.08	48.11	51.25	48.12	52.96	52.54	49.25	51.39	52.51	46.42	55.03	55.55	56.88	56.88	56.83	55.04	55.11	49.43	48.15	46.54	46.54	46.54	46.54	53.29	48.46	48.72	48.3	56.35	54.1	55.89	50.2	50.2	50.2	50.2	54.07	54.86	57.74	52.77	54.17	56.43	55.16	49.96	49.96	49.87	50.71	54.2	53.34	49.23	52.19	55.52	49.41	55.87	53.13	47.73	53.02	48.93	52.04	47.85	56.53	55.68	56.21	56.43	60.52	60.39	57.52	51.36	55.26	52.66	50.02	56.26	51.74	57.6	54.18	53.37	51.2	51.07	55.11	55.11	55.11	55.11	52.26	53.82	59.66	61.28	61.28	55.26	54.54	57.02	62.66	66.01	67.18	60.08	60.08	60.08	60.08	42.56	48.4	48.4	45.38	48.06	44.71	48.22	47.62	45.5	47.06	45.54	48.62	44.37	50.89	52.33	52.57	53.97	55.01	54.3	52.42	48.4	51.15	47.49	45.59	53.42	49.68	54.48	50.4	45.73	50.54	45.53	51.6	51.81	47.61	46.22	47.43	48.49	57.03	52.85	48.36	49.24	49.38	53.8	54.61	50.76	52.79	47.08	50.51	46.55	48.93	52.84	52.14	50.76	47.93	49.58	50.57	49.37	48.72	48.64	49.79	48.02	50.61	46.32	43.99	56.87	57.06	55.6	55.02	57.93	53.97	48.71	53.63	48.31	45.86	52.36	56.56	54.89	54.05	46.8	51.88	47.94	50.92	55.56	53.35	52.58	50.22	50.7	58.79	55.56	54.36	57.3	53.87	57.35	59.07	59.48	62.38	52.81	50.25	50.9	52.35
zone2_00041	2	2026/04/28 18:44	5	0.1	47.08	48.11	51.25	48.12	52.96	52.54	49.25	51.39	52.51	46.42	55.03	55.55	56.88	56.88	56.83	55.04	55.11	49.43	48.15	46.54	46.54	46.54	46.54	53.29	48.46	48.72	48.3	56.35	54.1	55.89	50.2	50.2	50.2	50.2	54.07	54.86	57.74	52.77	54.17	56.43	55.16	49.96	49.96	49.87	50.71	47.66	50.16	56.48	57.16	54.65	49.41	55.87	53.13	47.73	53.02	48.93	52.04	47.85	56.53	55.68	56.21	56.43	60.52	60.39	57.52	51.36	55.26	52.66	50.02	56.26	51.74	57.6	54.18	53.37	51.2	51.07	55.11	55.11	55.11	55.11	52.26	53.82	59.66	61.28	61.28	55.26	54.54	57.02	62.66	66.01	67.18	60.08	60.08	60.08	60.08	60.08	58.7	59.8	59.37	51.53	44.71	48.22	47.62	45.5	47.06	45.54	48.62	44.37	50.89	52.33	52.57	53.97	55.01	54.3	52.42	48.4	51.15	47.49	45.59	53.42	49.68	54.48	50.4	45.73	50.54	45.53	51.6	51.81	47.61	46.22	47.43	48.49	57.03	52.85	48.36	49.24	49.38	53.8	54.61	50.76	52.79	47.08	50.51	46.55	48.93	53.36	53.36	53.36	53.36	56.49	50.57	49.37	48.72	48.64	49.79	48.02	50.61	46.32	43.99	56.87	57.06	55.6	55.02	57.93	53.97	48.71	53.63	48.31	45.86	52.36	56.56	54.89	54.05	46.8	51.88	47.94	50.92	55.56	53.35	52.58	50.22	50.7	58.79	55.56	54.36	57.3	53.87	57.35	59.07	59.48	62.38	52.81	50.25	50.9	52.35	47.94	47.23	51.26	51.26	51.57
zone2_00042	2	2026/04/28 18:44	5	0.1	52.54	49.25	51.39	52.51	46.42	55.03	55.55	56.88	56.88	56.83	55.04	55.11	49.43	48.15	46.54	46.54	46.54	46.54	53.29	48.46	48.72	48.3	56.35	54.1	55.89	50.2	50.2	50.2	50.2	54.07	54.86	57.74	52.77	54.17	56.43	55.16	49.96	49.96	49.87	50.71	47.66	50.16	56.48	57.16	54.65	54.65	53.28	51.99	51.49	55.94	48.93	52.04	47.85	56.53	55.68	56.21	56.43	60.52	60.39	57.52	51.36	55.26	52.66	50.02	56.26	51.74	57.6	54.18	53.37	51.2	51.07	55.11	55.11	55.11	55.11	52.26	53.82	59.66	61.28	61.28	55.26	54.54	57.02	62.66	66.01	67.18	60.08	60.08	60.08	60.08	60.08	58.7	59.8	59.37	51.53	56.43	50.21	53.57	54.08	50.57	45.54	48.62	44.37	50.89	52.33	52.57	53.97	55.01	54.3	52.42	48.4	51.15	47.49	45.59	53.42	49.68	54.48	50.4	45.73	50.54	45.53	51.6	51.81	47.61	46.22	47.43	48.49	57.03	52.85	48.36	49.24	49.38	53.8	54.61	50.76	52.79	47.08	50.51	46.55	48.93	53.36	53.36	53.36	53.36	56.49	56.49	56.49	47.3	48.57	45.65	48.02	50.61	46.32	43.99	56.87	57.06	55.6	55.02	57.93	53.97	48.71	53.63	48.31	45.86	52.36	56.56	54.89	54.05	46.8	51.88	47.94	50.92	55.56	53.35	52.58	50.22	50.7	58.79	55.56	54.36	57.3	53.87	57.35	59.07	59.48	62.38	52.81	50.25	50.9	52.35	47.94	47.23	51.26	51.26	51.57	51.57	51.57	59.09	56.27	56.47
zone2_00043	2	2026/04/28 18:44	5	0.1	55.03	55.55	56.88	56.88	56.83	55.04	55.11	49.43	48.15	46.54	46.54	46.54	46.54	53.29	48.46	48.72	48.3	56.35	54.1	55.89	50.2	50.2	50.2	50.2	54.07	54.86	57.74	52.77	54.17	56.43	55.16	49.96	49.96	49.87	50.71	47.66	50.16	56.48	57.16	54.65	54.65	53.28	51.99	51.49	55.94	55.94	51.02	52.47	44.7	54.39	56.21	56.43	60.52	60.39	57.52	51.36	55.26	52.66	50.02	56.26	51.74	57.6	54.18	53.37	51.2	51.07	55.11	55.11	55.11	55.11	52.26	53.82	59.66	61.28	61.28	55.26	54.54	57.02	62.66	66.01	67.18	60.08	60.08	60.08	60.08	60.08	58.7	59.8	59.37	51.53	56.43	50.21	53.57	54.08	50.57	54.82	59.44	64.25	64.2	65.73	52.57	53.97	55.01	54.3	52.42	48.4	51.15	47.49	45.59	53.42	49.68	54.48	50.4	45.73	50.54	45.53	51.6	51.81	47.61	46.22	47.43	48.49	57.03	52.85	48.36	49.24	49.38	53.8	54.61	50.76	52.79	47.08	50.51	46.55	48.93	53.36	53.36	53.36	53.36	56.49	56.49	56.49	47.3	48.57	45.65	54.7	56.03	56.13	55.85	52.24	57.06	55.6	55.02	57.93	53.97	48.71	53.63	48.31	45.86	52.36	56.56	54.89	54.05	46.8	51.88	47.94	50.92	55.56	53.35	52.58	50.22	50.7	58.79	55.56	54.36	57.3	53.87	57.35	59.07	59.48	62.38	52.81	50.25	50.9	52.35	47.94	47.23	51.26	51.26	51.57	51.57	51.57	59.09	56.27	56.47	56.47	56.68	51.05	58.88	57.79
zone2_00044	2	2026/04/28 18:44	5	0.1	55.04	55.11	49.43	48.15	46.54	46.54	46.54	46.54	53.29	48.46	48.72	48.3	56.35	54.1	55.89	50.2	50.2	50.2	50.2	54.07	54.86	57.74	52.77	54.17	56.43	55.16	49.96	49.96	49.87	50.71	47.66	50.16	56.48	57.16	54.65	54.65	53.28	51.99	51.49	55.94	55.94	51.02	52.47	44.7	54.39	53.63	51.75	49.64	54.08	55.5	51.36	55.26	52.66	50.02	56.26	51.74	57.6	54.18	53.37	51.2	51.07	55.11	55.11	55.11	55.11	52.26	53.82	59.66	61.28	61.28	55.26	54.54	57.02	62.66	66.01	67.18	60.08	60.08	60.08	60.08	60.08	58.7	59.8	59.37	51.53	56.43	50.21	53.57	54.08	50.57	54.82	59.44	64.25	64.2	65.73	52.24	51.82	56.36	56.45	53.88	48.4	51.15	47.49	45.59	53.42	49.68	54.48	50.4	45.73	50.54	45.53	51.6	51.81	47.61	46.22	47.43	48.49	57.03	52.85	48.36	49.24	49.38	53.8	54.61	50.76	52.79	47.08	50.51	46.55	48.93	53.36	53.36	53.36	53.36	56.49	56.49	56.49	47.3	48.57	45.65	54.7	56.03	56.13	55.85	52.24	48.24	48.3	50.2	49.77	49.66	48.71	53.63	48.31	45.86	52.36	56.56	54.89	54.05	46.8	51.88	47.94	50.92	55.56	53.35	52.58	50.22	50.7	58.79	55.56	54.36	57.3	53.87	57.35	59.07	59.48	62.38	52.81	50.25	50.9	52.35	47.94	47.23	51.26	51.26	51.57	51.57	51.57	59.09	56.27	56.47	56.47	56.68	51.05	58.88	57.79	46.77	49.12	50.04	53.31	53.8
zone2_00045	2	2026/04/28 18:44	5	0.1	46.54	46.54	46.54	53.29	48.46	48.72	48.3	56.35	54.1	55.89	50.2	50.2	50.2	50.2	54.07	54.86	57.74	52.77	54.17	56.43	55.16	49.96	49.96	49.87	50.71	47.66	50.16	56.48	57.16	54.65	54.65	53.28	51.99	51.49	55.94	55.94	51.02	52.47	44.7	54.39	53.63	51.75	49.64	54.08	55.5	55.67	48.74	45.79	43.54	54.85	51.74	57.6	54.18	53.37	51.2	51.07	55.11	55.11	55.11	55.11	52.26	53.82	59.66	61.28	61.28	55.26	54.54	57.02	62.66	66.01	67.18	60.08	60.08	60.08	60.08	60.08	58.7	59.8	59.37	51.53	56.43	50.21	53.57	54.08	50.57	54.82	59.44	64.25	64.2	65.73	52.24	51.82	56.36	56.45	53.88	49.65	46.24	49.66	58.2	55.8	49.68	54.48	50.4	45.73	50.54	45.53	51.6	51.81	47.61	46.22	47.43	48.49	57.03	52.85	48.36	49.24	49.38	53.8	54.61	50.76	52.79	47.08	50.51	46.55	48.93	53.36	53.36	53.36	53.36	56.49	56.49	56.49	47.3	48.57	45.65	54.7	56.03	56.13	55.85	52.24	48.24	48.3	50.2	49.77	49.66	47.5	44.29	46.25	52.09	49.17	56.56	54.89	54.05	46.8	51.88	47.94	50.92	55.56	53.35	52.58	50.22	50.7	58.79	55.56	54.36	57.3	53.87	57.35	59.07	59.48	62.38	52.81	50.25	50.9	52.35	47.94	47.23	51.26	51.26	51.57	51.57	51.57	59.09	56.27	56.47	56.47	56.68	51.05	58.88	57.79	46.77	49.12	50.04	53.31	53.8	52.97	46.62	45.06	45.06	43.15
zone2_00046	2	2026/04/28 18:44	5	0.1	48.72	48.3	56.35	54.1	55.89	50.2	50.2	50.2	50.2	54.07	54.86	57.74	52.77	54.17	56.43	55.16	49.96	49.96	49.87	50.71	47.66	50.16	56.48	57.16	54.65	54.65	53.28	51.99	51.49	55.94	55.94	51.02	52.47	44.7	54.39	53.63	51.75	49.64	54.08	55.5	55.67	48.74	45.79	43.54	54.85	56.41	55.36	55.27	55.27	53.07	51.07	55.11	55.11	55.11	55.11	52.26	53.82	59.66	61.28	61.28	55.26	54.54	57.02	62.66	66.01	67.18	60.08	60.08	60.08	60.08	60.08	58.7	59.8	59.37	51.53	56.43	50.21	53.57	54.08	50.57	54.82	59.44	64.25	64.2	65.73	52.24	51.82	56.36	56.45	53.88	49.65	46.24	49.66	58.2	55.8	59.24	49.06	49.06	49.06	49.06	45.53	51.6	51.81	47.61	46.22	47.43	48.49	57.03	52.85	48.36	49.24	49.38	53.8	54.61	50.76	52.79	47.08	50.51	46.55	48.93	53.36	53.36	53.36	53.36	56.49	56.49	56.49	47.3	48.57	45.65	54.7	56.03	56.13	55.85	52.24	48.24	48.3	50.2	49.77	49.66	47.5	44.29	46.25	52.09	49.17	49.17	49.17	49.17	49.17	53	47.94	50.92	55.56	53.35	52.58	50.22	50.7	58.79	55.56	54.36	57.3	53.87	57.35	59.07	59.48	62.38	52.81	50.25	50.9	52.35	47.94	47.23	51.26	51.26	51.57	51.57	51.57	59.09	56.27	56.47	56.47	56.68	51.05	58.88	57.79	46.77	49.12	50.04	53.31	53.8	52.97	46.62	45.06	45.06	43.15	43.15	45.02	45.23	55.17	55.79
zone2_00047	2	2026/04/28 18:44	5	0.1	50.2	50.2	50.2	50.2	54.07	54.86	57.74	52.77	54.17	56.43	55.16	49.96	49.96	49.87	50.71	47.66	50.16	56.48	57.16	54.65	54.65	53.28	51.99	51.49	55.94	55.94	51.02	52.47	44.7	54.39	53.63	51.75	49.64	54.08	55.5	55.67	48.74	45.79	43.54	54.85	56.41	55.36	55.27	55.27	53.07	53.07	53.07	45.71	45.65	43.36	52.26	53.82	59.66	61.28	61.28	55.26	54.54	57.02	62.66	66.01	67.18	60.08	60.08	60.08	60.08	60.08	58.7	59.8	59.37	51.53	56.43	50.21	53.57	54.08	50.57	54.82	59.44	64.25	64.2	65.73	52.24	51.82	56.36	56.45	53.88	49.65	46.24	49.66	58.2	55.8	59.24	49.06	49.06	49.06	49.06	49.06	57.3	57.81	55.28	59.91	47.43	48.49	57.03	52.85	48.36	49.24	49.38	53.8	54.61	50.76	52.79	47.08	50.51	46.55	48.93	53.36	53.36	53.36	53.36	56.49	56.49	56.49	47.3	48.57	45.65	54.7	56.03	56.13	55.85	52.24	48.24	48.3	50.2	49.77	49.66	47.5	44.29	46.25	52.09	49.17	49.17	49.17	49.17	49.17	53	54.95	54.05	54.05	49.71	50.58	50.22	50.7	58.79	55.56	54.36	57.3	53.87	57.35	59.07	59.48	62.38	52.81	50.25	50.9	52.35	47.94	47.23	51.26	51.26	51.57	51.57	51.57	59.09	56.27	56.47	56.47	56.68	51.05	58.88	57.79	46.77	49.12	50.04	53.31	53.8	52.97	46.62	45.06	45.06	43.15	43.15	45.02	45.23	55.17	55.79	54.32	53.59	49.68	54.76	55.87
zone2_00048	2	2026/04/28 18:44	5	0.1	54.86	57.74	52.77	54.17	56.43	55.16	49.96	49.96	49.87	50.71	47.66	50.16	56.48	57.16	54.65	54.65	53.28	51.99	51.49	55.94	55.94	51.02	52.47	44.7	54.39	53.63	51.75	49.64	54.08	55.5	55.67	48.74	45.79	43.54	54.85	56.41	55.36	55.27	55.27	53.07	53.07	53.07	45.71	45.65	43.36	58.53	56.99	53.79	53.81	47.65	55.26	54.54	57.02	62.66	66.01	67.18	60.08	60.08	60.08	60.08	60.08	58.7	59.8	59.37	51.53	56.43	50.21	53.57	54.08	50.57	54.82	59.44	64.25	64.2	65.73	52.24	51.82	56.36	56.45	53.88	49.65	46.24	49.66	58.2	55.8	59.24	49.06	49.06	49.06	49.06	49.06	57.3	57.81	55.28	59.91	50.35	57.06	60.94	59.6	51.22	49.24	49.38	53.8	54.61	50.76	52.79	47.08	50.51	46.55	48.93	53.36	53.36	53.36	53.36	56.49	56.49	56.49	47.3	48.57	45.65	54.7	56.03	56.13	55.85	52.24	48.24	48.3	50.2	49.77	49.66	47.5	44.29	46.25	52.09	49.17	49.17	49.17	49.17	49.17	53	54.95	54.05	54.05	49.71	50.58	45.68	53.26	53.97	51.71	48.95	57.3	53.87	57.35	59.07	59.48	62.38	52.81	50.25	50.9	52.35	47.94	47.23	51.26	51.26	51.57	51.57	51.57	59.09	56.27	56.47	56.47	56.68	51.05	58.88	57.79	46.77	49.12	50.04	53.31	53.8	52.97	46.62	45.06	45.06	43.15	43.15	45.02	45.23	55.17	55.79	54.32	53.59	49.68	54.76	55.87	50.37	47.21	53.9	59.4	48.91
zone2_00049	2	2026/04/28 18:44	5	0.1	55.16	49.96	49.96	49.87	50.71	47.66	50.16	56.48	57.16	54.65	54.65	53.28	51.99	51.49	55.94	55.94	51.02	52.47	44.7	54.39	53.63	51.75	49.64	54.08	55.5	55.67	48.74	45.79	43.54	54.85	56.41	55.36	55.27	55.27	53.07	53.07	53.07	45.71	45.65	43.36	58.53	56.99	53.79	53.81	47.65	57.06	50.05	45.63	55.26	56.78	67.18	60.08	60.08	60.08	60.08	60.08	58.7	59.8	59.37	51.53	56.43	50.21	53.57	54.08	50.57	54.82	59.44	64.25	64.2	65.73	52.24	51.82	56.36	56.45	53.88	49.65	46.24	49.66	58.2	55.8	59.24	49.06	49.06	49.06	49.06	49.06	57.3	57.81	55.28	59.91	50.35	57.06	60.94	59.6	51.22	49.27	58.89	59.64	66.47	65.45	52.79	47.08	50.51	46.55	48.93	53.36	53.36	53.36	53.36	56.49	56.49	56.49	47.3	48.57	45.65	54.7	56.03	56.13	55.85	52.24	48.24	48.3	50.2	49.77	49.66	47.5	44.29	46.25	52.09	49.17	49.17	49.17	49.17	49.17	53	54.95	54.05	54.05	49.71	50.58	45.68	53.26	53.97	51.71	48.95	43.49	52.01	51.05	53.71	51.51	62.38	52.81	50.25	50.9	52.35	47.94	47.23	51.26	51.26	51.57	51.57	51.57	59.09	56.27	56.47	56.47	56.68	51.05	58.88	57.79	46.77	49.12	50.04	53.31	53.8	52.97	46.62	45.06	45.06	43.15	43.15	45.02	45.23	55.17	55.79	54.32	53.59	49.68	54.76	55.87	50.37	47.21	53.9	59.4	48.91	44.79	54.32	58.72	60.86	54.48
zone2_00050	2	2026/04/28 18:44	5	0.1	47.66	50.16	56.48	57.16	54.65	54.65	53.28	51.99	51.49	55.94	55.94	51.02	52.47	44.7	54.39	53.63	51.75	49.64	54.08	55.5	55.67	48.74	45.79	43.54	54.85	56.41	55.36	55.27	55.27	53.07	53.07	53.07	45.71	45.65	43.36	58.53	56.99	53.79	53.81	47.65	57.06	50.05	45.63	55.26	56.78	53.17	50.27	54.2	50.14	50.44	60.08	58.7	59.8	59.37	51.53	56.43	50.21	53.57	54.08	50.57	54.82	59.44	64.25	64.2	65.73	52.24	51.82	56.36	56.45	53.88	49.65	46.24	49.66	58.2	55.8	59.24	49.06	49.06	49.06	49.06	49.06	57.3	57.81	55.28	59.91	50.35	57.06	60.94	59.6	51.22	49.27	58.89	59.64	66.47	65.45	51.57	53.09	59.5	52.97	52.1	53.36	53.36	53.36	53.36	56.49	56.49	56.49	47.3	48.57	45.65	54.7	56.03	56.13	55.85	52.24	48.24	48.3	50.2	49.77	49.66	47.5	44.29	46.25	52.09	49.17	49.17	49.17	49.17	49.17	53	54.95	54.05	54.05	49.71	50.58	45.68	53.26	53.97	51.71	48.95	43.49	52.01	51.05	53.71	51.51	46.32	47.89	50.46	45.66	45.66	47.94	47.23	51.26	51.26	51.57	51.57	51.57	59.09	56.27	56.47	56.47	56.68	51.05	58.88	57.79	46.77	49.12	50.04	53.31	53.8	52.97	46.62	45.06	45.06	43.15	43.15	45.02	45.23	55.17	55.79	54.32	53.59	49.68	54.76	55.87	50.37	47.21	53.9	59.4	48.91	44.79	54.32	58.72	60.86	54.48	47.24	47.24	56.42	55.37	52.55
zone2_00051	2	2026/04/28 18:44	5	0.1	54.65	53.28	51.99	51.49	55.94	55.94	51.02	52.47	44.7	54.39	53.63	51.75	49.64	54.08	55.5	55.67	48.74	45.79	43.54	54.85	56.41	55.36	55.27	55.27	53.07	53.07	53.07	45.71	45.65	43.36	58.53	56.99	53.79	53.81	47.65	57.06	50.05	45.63	55.26	56.78	53.17	50.27	54.2	50.14	50.44	54.45	50.23	48.82	54.79	54.27	56.43	50.21	53.57	54.08	50.57	54.82	59.44	64.25	64.2	65.73	52.24	51.82	56.36	56.45	53.88	49.65	46.24	49.66	58.2	55.8	59.24	49.06	49.06	49.06	49.06	49.06	57.3	57.81	55.28	59.91	50.35	57.06	60.94	59.6	51.22	49.27	58.89	59.64	66.47	65.45	51.57	53.09	59.5	52.97	52.1	52.1	52.1	52.1	52.1	58.98	56.49	56.49	47.3	48.57	45.65	54.7	56.03	56.13	55.85	52.24	48.24	48.3	50.2	49.77	49.66	47.5	44.29	46.25	52.09	49.17	49.17	49.17	49.17	49.17	53	54.95	54.05	54.05	49.71	50.58	45.68	53.26	53.97	51.71	48.95	43.49	52.01	51.05	53.71	51.51	46.32	47.89	50.46	45.66	45.66	45.66	50.62	52.67	51.36	55.95	51.57	51.57	59.09	56.27	56.47	56.47	56.68	51.05	58.88	57.79	46.77	49.12	50.04	53.31	53.8	52.97	46.62	45.06	45.06	43.15	43.15	45.02	45.23	55.17	55.79	54.32	53.59	49.68	54.76	55.87	50.37	47.21	53.9	59.4	48.91	44.79	54.32	58.72	60.86	54.48	47.24	47.24	56.42	55.37	52.55	52.55	52.16	47.23	54.67	56.77
zone2_00052	2	2026/04/28 18:44	5	0.1	55.94	51.02	52.47	44.7	54.39	53.63	51.75	49.64	54.08	55.5	55.67	48.74	45.79	43.54	54.85	56.41	55.36	55.27	55.27	53.07	53.07	53.07	45.71	45.65	43.36	58.53	56.99	53.79	53.81	47.65	57.06	50.05	45.63	55.26	56.78	53.17	50.27	54.2	50.14	50.44	54.45	50.23	48.82	54.79	54.27	53.61	50.79	48.2	53.33	54.42	54.82	59.44	64.25	64.2	65.73	52.24	51.82	56.36	56.45	53.88	49.65	46.24	49.66	58.2	55.8	59.24	49.06	49.06	49.06	49.06	49.06	57.3	57.81	55.28	59.91	50.35	57.06	60.94	59.6	51.22	49.27	58.89	59.64	66.47	65.45	51.57	53.09	59.5	52.97	52.1	52.1	52.1	52.1	52.1	58.98	52.69	54.11	59.2	58.77	58.77	54.7	56.03	56.13	55.85	52.24	48.24	48.3	50.2	49.77	49.66	47.5	44.29	46.25	52.09	49.17	49.17	49.17	49.17	49.17	53	54.95	54.05	54.05	49.71	50.58	45.68	53.26	53.97	51.71	48.95	43.49	52.01	51.05	53.71	51.51	46.32	47.89	50.46	45.66	45.66	45.66	50.62	52.67	51.36	55.95	46.69	48.22	53.69	50	48.93	56.47	56.68	51.05	58.88	57.79	46.77	49.12	50.04	53.31	53.8	52.97	46.62	45.06	45.06	43.15	43.15	45.02	45.23	55.17	55.79	54.32	53.59	49.68	54.76	55.87	50.37	47.21	53.9	59.4	48.91	44.79	54.32	58.72	60.86	54.48	47.24	47.24	56.42	55.37	52.55	52.55	52.16	47.23	54.67	56.77	55.01	48.95	54.51	56	56
zone2_00053	2	2026/04/28 18:44	5	0.1	53.63	51.75	49.64	54.08	55.5	55.67	48.74	45.79	43.54	54.85	56.41	55.36	55.27	55.27	53.07	53.07	53.07	45.71	45.65	43.36	58.53	56.99	53.79	53.81	47.65	57.06	50.05	45.63	55.26	56.78	53.17	50.27	54.2	50.14	50.44	54.45	50.23	48.82	54.79	54.27	53.61	50.79	48.2	53.33	54.42	51.13	51.92	54.44	50.86	48.63	52.24	51.82	56.36	56.45	53.88	49.65	46.24	49.66	58.2	55.8	59.24	49.06	49.06	49.06	49.06	49.06	57.3	57.81	55.28	59.91	50.35	57.06	60.94	59.6	51.22	49.27	58.89	59.64	66.47	65.45	51.57	53.09	59.5	52.97	52.1	52.1	52.1	52.1	52.1	58.98	52.69	54.11	59.2	58.77	58.77	51.63	54.32	51.29	52.12	54.41	48.24	48.3	50.2	49.77	49.66	47.5	44.29	46.25	52.09	49.17	49.17	49.17	49.17	49.17	53	54.95	54.05	54.05	49.71	50.58	45.68	53.26	53.97	51.71	48.95	43.49	52.01	51.05	53.71	51.51	46.32	47.89	50.46	45.66	45.66	45.66	50.62	52.67	51.36	55.95	46.69	48.22	53.69	50	48.93	48.27	46.79	45.88	46.96	51.91	46.77	49.12	50.04	53.31	53.8	52.97	46.62	45.06	45.06	43.15	43.15	45.02	45.23	55.17	55.79	54.32	53.59	49.68	54.76	55.87	50.37	47.21	53.9	59.4	48.91	44.79	54.32	58.72	60.86	54.48	47.24	47.24	56.42	55.37	52.55	52.55	52.16	47.23	54.67	56.77	55.01	48.95	54.51	56	56	50.77	48.41	52.54	51.9	53.61
zone2_00054	2	2026/04/28 18:44	5	0.1	55.67	48.74	45.79	43.54	54.85	56.41	55.36	55.27	55.27	53.07	53.07	53.07	45.71	45.65	43.36	58.53	56.99	53.79	53.81	47.65	57.06	50.05	45.63	55.26	56.78	53.17	50.27	54.2	50.14	50.44	54.45	50.23	48.82	54.79	54.27	53.61	50.79	48.2	53.33	54.42	51.13	51.92	54.44	50.86	48.63	52.95	54.7	54.43	48.98	46.55	49.65	46.24	49.66	58.2	55.8	59.24	49.06	49.06	49.06	49.06	49.06	57.3	57.81	55.28	59.91	50.35	57.06	60.94	59.6	51.22	49.27	58.89	59.64	66.47	65.45	51.57	53.09	59.5	52.97	52.1	52.1	52.1	52.1	52.1	58.98	52.69	54.11	59.2	58.77	58.77	51.63	54.32	51.29	52.12	54.41	56.63	57.44	56.12	51.1	54.13	47.5	44.29	46.25	52.09	49.17	49.17	49.17	49.17	49.17	53	54.95	54.05	54.05	49.71	50.58	45.68	53.26	53.97	51.71	48.95	43.49	52.01	51.05	53.71	51.51	46.32	47.89	50.46	45.66	45.66	45.66	50.62	52.67	51.36	55.95	46.69	48.22	53.69	50	48.93	48.27	46.79	45.88	46.96	51.91	50.02	52	50.12	45.19	49.27	52.97	46.62	45.06	45.06	43.15	43.15	45.02	45.23	55.17	55.79	54.32	53.59	49.68	54.76	55.87	50.37	47.21	53.9	59.4	48.91	44.79	54.32	58.72	60.86	54.48	47.24	47.24	56.42	55.37	52.55	52.55	52.16	47.23	54.67	56.77	55.01	48.95	54.51	56	56	50.77	48.41	52.54	51.9	53.61	49.8	47.58	47.98	44.45	47.5
zone2_00055	2	2026/04/28 18:44	5	0.1	56.41	55.36	55.27	55.27	53.07	53.07	53.07	45.71	45.65	43.36	58.53	56.99	53.79	53.81	47.65	57.06	50.05	45.63	55.26	56.78	53.17	50.27	54.2	50.14	50.44	54.45	50.23	48.82	54.79	54.27	53.61	50.79	48.2	53.33	54.42	51.13	51.92	54.44	50.86	48.63	52.95	54.7	54.43	48.98	46.55	57.01	56.3	56.3	56.96	55.35	59.24	49.06	49.06	49.06	49.06	49.06	57.3	57.81	55.28	59.91	50.35	57.06	60.94	59.6	51.22	49.27	58.89	59.64	66.47	65.45	51.57	53.09	59.5	52.97	52.1	52.1	52.1	52.1	52.1	58.98	52.69	54.11	59.2	58.77	58.77	51.63	54.32	51.29	52.12	54.41	56.63	57.44	56.12	51.1	54.13	56.3	57.33	57.64	61.85	54.52	49.17	49.17	49.17	49.17	53	54.95	54.05	54.05	49.71	50.58	45.68	53.26	53.97	51.71	48.95	43.49	52.01	51.05	53.71	51.51	46.32	47.89	50.46	45.66	45.66	45.66	50.62	52.67	51.36	55.95	46.69	48.22	53.69	50	48.93	48.27	46.79	45.88	46.96	51.91	50.02	52	50.12	45.19	49.27	52.09	50.25	51.2	55.77	50.25	43.15	45.02	45.23	55.17	55.79	54.32	53.59	49.68	54.76	55.87	50.37	47.21	53.9	59.4	48.91	44.79	54.32	58.72	60.86	54.48	47.24	47.24	56.42	55.37	52.55	52.55	52.16	47.23	54.67	56.77	55.01	48.95	54.51	56	56	50.77	48.41	52.54	51.9	53.61	49.8	47.58	47.98	44.45	47.5	51.66	53.83	55.46	48.13	52.67
zone2_00056	2	2026/04/28 18:44	5	0.1	53.07	53.07	45.71	45.65	43.36	58.53	56.99	53.79	53.81	47.65	57.06	50.05	45.63	55.26	56.78	53.17	50.27	54.2	50.14	50.44	54.45	50.23	48.82	54.79	54.27	53.61	50.79	48.2	53.33	54.42	51.13	51.92	54.44	50.86	48.63	52.95	54.7	54.43	48.98	46.55	57.01	56.3	56.3	56.96	55.35	56.04	52.52	52.07	51.34	49.91	49.06	57.3	57.81	55.28	59.91	50.35	57.06	60.94	59.6	51.22	49.27	58.89	59.64	66.47	65.45	51.57	53.09	59.5	52.97	52.1	52.1	52.1	52.1	52.1	58.98	52.69	54.11	59.2	58.77	58.77	51.63	54.32	51.29	52.12	54.41	56.63	57.44	56.12	51.1	54.13	56.3	57.33	57.64	61.85	54.52	62.08	56.97	58.34	57.2	51.2	54.95	54.05	54.05	49.71	50.58	45.68	53.26	53.97	51.71	48.95	43.49	52.01	51.05	53.71	51.51	46.32	47.89	50.46	45.66	45.66	45.66	50.62	52.67	51.36	55.95	46.69	48.22	53.69	50	48.93	48.27	46.79	45.88	46.96	51.91	50.02	52	50.12	45.19	49.27	52.09	50.25	51.2	55.77	50.25	57.34	56.29	56.57	53.05	52.58	54.32	53.59	49.68	54.76	55.87	50.37	47.21	53.9	59.4	48.91	44.79	54.32	58.72	60.86	54.48	47.24	47.24	56.42	55.37	52.55	52.55	52.16	47.23	54.67	56.77	55.01	48.95	54.51	56	56	50.77	48.41	52.54	51.9	53.61	49.8	47.58	47.98	44.45	47.5	51.66	53.83	55.46	48.13	52.67	57.68	52.57	53.31	51.55	50.09
zone2_00057	2	2026/04/28 18:44	5	0.1	58.53	56.99	53.79	53.81	47.65	57.06	50.05	45.63	55.26	56.78	53.17	50.27	54.2	50.14	50.44	54.45	50.23	48.82	54.79	54.27	53.61	50.79	48.2	53.33	54.42	51.13	51.92	54.44	50.86	48.63	52.95	54.7	54.43	48.98	46.55	57.01	56.3	56.3	56.96	55.35	56.04	52.52	52.07	51.34	49.91	52.96	52.96	50.69	52.49	49.56	50.35	57.06	60.94	59.6	51.22	49.27	58.89	59.64	66.47	65.45	51.57	53.09	59.5	52.97	52.1	52.1	52.1	52.1	52.1	58.98	52.69	54.11	59.2	58.77	58.77	51.63	54.32	51.29	52.12	54.41	56.63	57.44	56.12	51.1	54.13	56.3	57.33	57.64	61.85	54.52	62.08	56.97	58.34	57.2	51.2	56.66	56.04	51.6	56.02	50.53	45.68	53.26	53.97	51.71	48.95	43.49	52.01	51.05	53.71	51.51	46.32	47.89	50.46	45.66	45.66	45.66	50.62	52.67	51.36	55.95	46.69	48.22	53.69	50	48.93	48.27	46.79	45.88	46.96	51.91	50.02	52	50.12	45.19	49.27	52.09	50.25	51.2	55.77	50.25	57.34	56.29	56.57	53.05	52.58	54.7	55.25	48.68	50.63	46.63	50.37	47.21	53.9	59.4	48.91	44.79	54.32	58.72	60.86	54.48	47.24	47.24	56.42	55.37	52.55	52.55	52.16	47.23	54.67	56.77	55.01	48.95	54.51	56	56	50.77	48.41	52.54	51.9	53.61	49.8	47.58	47.98	44.45	47.5	51.66	53.83	55.46	48.13	52.67	57.68	52.57	53.31	51.55	50.09	53.1	53.98	49.06	54.06	54.06
zone2_00058	2	2026/04/28 18:44	5	0.1	57.06	50.05	45.63	55.26	56.78	53.17	50.27	54.2	50.14	50.44	54.45	50.23	48.82	54.79	54.27	53.61	50.79	48.2	53.33	54.42	51.13	51.92	54.44	50.86	48.63	52.95	54.7	54.43	48.98	46.55	57.01	56.3	56.3	56.96	55.35	56.04	52.52	52.07	51.34	49.91	52.96	52.96	50.69	52.49	49.56	52.54	49.22	49.25	53.46	55.06	49.27	58.89	59.64	66.47	65.45	51.57	53.09	59.5	52.97	52.1	52.1	52.1	52.1	52.1	58.98	52.69	54.11	59.2	58.77	58.77	51.63	54.32	51.29	52.12	54.41	56.63	57.44	56.12	51.1	54.13	56.3	57.33	57.64	61.85	54.52	62.08	56.97	58.34	57.2	51.2	56.66	56.04	51.6	56.02	50.53	52.5	53.16	53.32	56.57	56.23	43.49	52.01	51.05	53.71	51.51	46.32	47.89	50.46	45.66	45.66	45.66	50.62	52.67	51.36	55.95	46.69	48.22	53.69	50	48.93	48.27	46.79	45.88	46.96	51.91	50.02	52	50.12	45.19	49.27	52.09	50.25	51.2	55.77	50.25	57.34	56.29	56.57	53.05	52.58	54.7	55.25	48.68	50.63	46.63	50.41	47.54	48.03	53.68	51.21	44.79	54.32	58.72	60.86	54.48	47.24	47.24	56.42	55.37	52.55	52.55	52.16	47.23	54.67	56.77	55.01	48.95	54.51	56	56	50.77	48.41	52.54	51.9	53.61	49.8	47.58	47.98	44.45	47.5	51.66	53.83	55.46	48.13	52.67	57.68	52.57	53.31	51.55	50.09	53.1	53.98	49.06	54.06	54.06	51.29	49.49	49.49	47.65	52.87
zone2_00059	2	2026/04/28 18:44	5	0.1	53.17	50.27	54.2	50.14	50.44	54.45	50.23	48.82	54.79	54.27	53.61	50.79	48.2	53.33	54.42	51.13	51.92	54.44	50.86	48.63	52.95	54.7	54.43	48.98	46.55	57.01	56.3	56.3	56.96	55.35	56.04	52.52	52.07	51.34	49.91	52.96	52.96	50.69	52.49	49.56	52.54	49.22	49.25	53.46	55.06	53.22	54.36	51.83	50.15	53.68	51.57	53.09	59.5	52.97	52.1	52.1	52.1	52.1	52.1	58.98	52.69	54.11	59.2	58.77	58.77	51.63	54.32	51.29	52.12	54.41	56.63	57.44	56.12	51.1	54.13	56.3	57.33	57.64	61.85	54.52	62.08	56.97	58.34	57.2	51.2	56.66	56.04	51.6	56.02	50.53	52.5	53.16	53.32	56.57	56.23	56.23	56.23	56.23	56.23	52.91	46.32	47.89	50.46	45.66	45.66	45.66	50.62	52.67	51.36	55.95	46.69	48.22	53.69	50	48.93	48.27	46.79	45.88	46.96	51.91	50.02	52	50.12	45.19	49.27	52.09	50.25	51.2	55.77	50.25	57.34	56.29	56.57	53.05	52.58	54.7	55.25	48.68	50.63	46.63	50.41	47.54	48.03	53.68	51.21	51.21	48.39	47.65	53.14	55.29	47.24	47.24	56.42	55.37	52.55	52.55	52.16	47.23	54.67	56.77	55.01	48.95	54.51	56	56	50.77	48.41	52.54	51.9	53.61	49.8	47.58	47.98	44.45	47.5	51.66	53.83	55.46	48.13	52.67	57.68	52.57	53.31	51.55	50.09	53.1	53.98	49.06	54.06	54.06	51.29	49.49	49.49	47.65	52.87	53.09	48.73	50.62	51.67	52.48
zone2_00060	2	2026/04/28 18:44	5	0.1	54.45	50.23	48.82	54.79	54.27	53.61	50.79	48.2	53.33	54.42	51.13	51.92	54.44	50.86	48.63	52.95	54.7	54.43	48.98	46.55	57.01	56.3	56.3	56.96	55.35	56.04	52.52	52.07	51.34	49.91	52.96	52.96	50.69	52.49	49.56	52.54	49.22	49.25	53.46	55.06	53.22	54.36	51.83	50.15	53.68	49.04	56.65	51.43	50.52	54.78	52.1	52.1	52.1	52.1	58.98	52.69	54.11	59.2	58.77	58.77	51.63	54.32	51.29	52.12	54.41	56.63	57.44	56.12	51.1	54.13	56.3	57.33	57.64	61.85	54.52	62.08	56.97	58.34	57.2	51.2	56.66	56.04	51.6	56.02	50.53	52.5	53.16	53.32	56.57	56.23	56.23	56.23	56.23	56.23	52.91	54.22	55.27	49.18	54.53	53.06	45.66	50.62	52.67	51.36	55.95	46.69	48.22	53.69	50	48.93	48.27	46.79	45.88	46.96	51.91	50.02	52	50.12	45.19	49.27	52.09	50.25	51.2	55.77	50.25	57.34	56.29	56.57	53.05	52.58	54.7	55.25	48.68	50.63	46.63	50.41	47.54	48.03	53.68	51.21	51.21	48.39	47.65	53.14	55.29	53.33	48.87	47.12	49.29	52.43	52.55	52.16	47.23	54.67	56.77	55.01	48.95	54.51	56	56	50.77	48.41	52.54	51.9	53.61	49.8	47.58	47.98	44.45	47.5	51.66	53.83	55.46	48.13	52.67	57.68	52.57	53.31	51.55	50.09	53.1	53.98	49.06	54.06	54.06	51.29	49.49	49.49	47.65	52.87	53.09	48.73	50.62	51.67	52.48	50.68	53.95	50.1	48.56	54.07
zone2_00061	2	2026/04/28 18:45	5	0.1	53.61	50.79	48.2	53.33	54.42	51.13	51.92	54.44	50.86	48.63	52.95	54.7	54.43	48.98	46.55	57.01	56.3	56.3	56.96	55.35	56.04	52.52	52.07	51.34	49.91	52.96	52.96	50.69	52.49	49.56	52.54	49.22	49.25	53.46	55.06	53.22	54.36	51.83	50.15	53.68	49.04	56.65	51.43	50.52	54.78	54.84	54.22	55.35	56.72	57.67	52.69	54.11	59.2	58.77	58.77	51.63	54.32	51.29	52.12	54.41	56.63	57.44	56.12	51.1	54.13	56.3	57.33	57.64	61.85	54.52	62.08	56.97	58.34	57.2	51.2	56.66	56.04	51.6	56.02	50.53	52.5	53.16	53.32	56.57	56.23	56.23	56.23	56.23	56.23	52.91	54.22	55.27	49.18	54.53	53.06	59.89	57.72	56.95	54.3	55.18	46.69	48.22	53.69	50	48.93	48.27	46.79	45.88	46.96	51.91	50.02	52	50.12	45.19	49.27	52.09	50.25	51.2	55.77	50.25	57.34	56.29	56.57	53.05	52.58	54.7	55.25	48.68	50.63	46.63	50.41	47.54	48.03	53.68	51.21	51.21	48.39	47.65	53.14	55.29	53.33	48.87	47.12	49.29	52.43	55.87	50.31	49.27	49.27	49.27	55.01	48.95	54.51	56	56	50.77	48.41	52.54	51.9	53.61	49.8	47.58	47.98	44.45	47.5	51.66	53.83	55.46	48.13	52.67	57.68	52.57	53.31	51.55	50.09	53.1	53.98	49.06	54.06	54.06	51.29	49.49	49.49	47.65	52.87	53.09	48.73	50.62	51.67	52.48	50.68	53.95	50.1	48.56	54.07	53.36	53.25	53.82	52.18	53.04
zone2_00062	2	2026/04/28 18:45	5	0.1	51.13	51.92	54.44	50.86	48.63	52.95	54.7	54.43	48.98	46.55	57.01	56.3	56.3	56.96	55.35	56.04	52.52	52.07	51.34	49.91	52.96	52.96	50.69	52.49	49.56	52.54	49.22	49.25	53.46	55.06	53.22	54.36	51.83	50.15	53.68	49.04	56.65	51.43	50.52	54.78	54.84	54.22	55.35	56.72	57.67	59.22	59.22	55.68	54.28	55.46	51.63	54.32	51.29	52.12	54.41	56.63	57.44	56.12	51.1	54.13	56.3	57.33	57.64	61.85	54.52	62.08	56.97	58.34	57.2	51.2	56.66	56.04	51.6	56.02	50.53	52.5	53.16	53.32	56.57	56.23	56.23	56.23	56.23	56.23	52.91	54.22	55.27	49.18	54.53	53.06	59.89	57.72	56.95	54.3	55.18	54.95	56.95	53.02	54.84	55.79	48.27	46.79	45.88	46.96	51.91	50.02	52	50.12	45.19	49.27	52.09	50.25	51.2	55.77	50.25	57.34	56.29	56.57	53.05	52.58	54.7	55.25	48.68	50.63	46.63	50.41	47.54	48.03	53.68	51.21	51.21	48.39	47.65	53.14	55.29	53.33	48.87	47.12	49.29	52.43	55.87	50.31	49.27	49.27	49.27	49.27	51.73	47.06	51.21	53.24	50.77	48.41	52.54	51.9	53.61	49.8	47.58	47.98	44.45	47.5	51.66	53.83	55.46	48.13	52.67	57.68	52.57	53.31	51.55	50.09	53.1	53.98	49.06	54.06	54.06	51.29	49.49	49.49	47.65	52.87	53.09	48.73	50.62	51.67	52.48	50.68	53.95	50.1	48.56	54.07	53.36	53.25	53.82	52.18	53.04	52.69	49.36	48.8	55.56	54.46
zone2_00063	2	2026/04/28 18:45	5	0.1	52.95	54.7	54.43	48.98	46.55	57.01	56.3	56.3	56.96	55.35	56.04	52.52	52.07	51.34	49.91	52.96	52.96	50.69	52.49	49.56	52.54	49.22	49.25	53.46	55.06	53.22	54.36	51.83	50.15	53.68	49.04	56.65	51.43	50.52	54.78	54.84	54.22	55.35	56.72	57.67	59.22	59.22	55.68	54.28	55.46	54.87	49.85	55.12	50.76	55.5	56.63	57.44	56.12	51.1	54.13	56.3	57.33	57.64	61.85	54.52	62.08	56.97	58.34	57.2	51.2	56.66	56.04	51.6	56.02	50.53	52.5	53.16	53.32	56.57	56.23	56.23	56.23	56.23	56.23	52.91	54.22	55.27	49.18	54.53	53.06	59.89	57.72	56.95	54.3	55.18	54.95	56.95	53.02	54.84	55.79	55.79	55.79	55.79	55.79	62.6	50.02	52	50.12	45.19	49.27	52.09	50.25	51.2	55.77	50.25	57.34	56.29	56.57	53.05	52.58	54.7	55.25	48.68	50.63	46.63	50.41	47.54	48.03	53.68	51.21	51.21	48.39	47.65	53.14	55.29	53.33	48.87	47.12	49.29	52.43	55.87	50.31	49.27	49.27	49.27	49.27	51.73	47.06	51.21	53.24	54.39	52.47	56.54	53.58	53.68	49.8	47.58	47.98	44.45	47.5	51.66	53.83	55.46	48.13	52.67	57.68	52.57	53.31	51.55	50.09	53.1	53.98	49.06	54.06	54.06	51.29	49.49	49.49	47.65	52.87	53.09	48.73	50.62	51.67	52.48	50.68	53.95	50.1	48.56	54.07	53.36	53.25	53.82	52.18	53.04	52.69	49.36	48.8	55.56	54.46	60.1	54.89	55.5	55.08	54.69
zone2_00064	2	2026/04/28 18:45	5	0.1	57.01	56.3	56.3	56.96	55.35	56.04	52.52	52.07	51.34	49.91	52.96	52.96	50.69	52.49	49.56	52.54	49.22	49.25	53.46	55.06	53.22	54.36	51.83	50.15	53.68	49.04	56.65	51.43	50.52	54.78	54.84	54.22	55.35	56.72	57.67	59.22	59.22	55.68	54.28	55.46	54.87	49.85	55.12	50.76	55.5	55.22	54.23	56.18	56.16	56.16	56.3	57.33	57.64	61.85	54.52	62.08	56.97	58.34	57.2	51.2	56.66	56.04	51.6	56.02	50.53	52.5	53.16	53.32	56.57	56.23	56.23	56.23	56.23	56.23	52.91	54.22	55.27	49.18	54.53	53.06	59.89	57.72	56.95	54.3	55.18	54.95	56.95	53.02	54.84	55.79	55.79	55.79	55.79	55.79	62.6	61.52	61.52	56.2	57.33	57.33	52.09	50.25	51.2	55.77	50.25	57.34	56.29	56.57	53.05	52.58	54.7	55.25	48.68	50.63	46.63	50.41	47.54	48.03	53.68	51.21	51.21	48.39	47.65	53.14	55.29	53.33	48.87	47.12	49.29	52.43	55.87	50.31	49.27	49.27	49.27	49.27	51.73	47.06	51.21	53.24	54.39	52.47	56.54	53.58	53.68	53.68	54.44	54.44	54.44	51.85	51.66	53.83	55.46	48.13	52.67	57.68	52.57	53.31	51.55	50.09	53.1	53.98	49.06	54.06	54.06	51.29	49.49	49.49	47.65	52.87	53.09	48.73	50.62	51.67	52.48	50.68	53.95	50.1	48.56	54.07	53.36	53.25	53.82	52.18	53.04	52.69	49.36	48.8	55.56	54.46	60.1	54.89	55.5	55.08	54.69	53.93	56.02	48.78	48.88	53.58
zone2_00065	2	2026/04/28 18:45	5	0.1	56.04	52.52	52.07	51.34	49.91	52.96	52.96	50.69	52.49	49.56	52.54	49.22	49.25	53.46	55.06	53.22	54.36	51.83	50.15	53.68	49.04	56.65	51.43	50.52	54.78	54.84	54.22	55.35	56.72	57.67	59.22	59.22	55.68	54.28	55.46	54.87	49.85	55.12	50.76	55.5	55.22	54.23	56.18	56.16	56.16	59.08	56.71	57.31	54.09	49.19	62.08	56.97	58.34	57.2	51.2	56.66	56.04	51.6	56.02	50.53	52.5	53.16	53.32	56.57	56.23	56.23	56.23	56.23	56.23	52.91	54.22	55.27	49.18	54.53	53.06	59.89	57.72	56.95	54.3	55.18	54.95	56.95	53.02	54.84	55.79	55.79	55.79	55.79	55.79	62.6	61.52	61.52	56.2	57.33	57.33	57.33	57.33	57.33	58.22	61.13	57.34	56.29	56.57	53.05	52.58	54.7	55.25	48.68	50.63	46.63	50.41	47.54	48.03	53.68	51.21	51.21	48.39	47.65	53.14	55.29	53.33	48.87	47.12	49.29	52.43	55.87	50.31	49.27	49.27	49.27	49.27	51.73	47.06	51.21	53.24	54.39	52.47	56.54	53.58	53.68	53.68	54.44	54.44	54.44	51.85	51.85	51.85	53.88	52.63	48.81	57.68	52.57	53.31	51.55	50.09	53.1	53.98	49.06	54.06	54.06	51.29	49.49	49.49	47.65	52.87	53.09	48.73	50.62	51.67	52.48	50.68	53.95	50.1	48.56	54.07	53.36	53.25	53.82	52.18	53.04	52.69	49.36	48.8	55.56	54.46	60.1	54.89	55.5	55.08	54.69	53.93	56.02	48.78	48.88	53.58	54.44	53.44	53.51	52.07	48.78
zone2_00066	2	2026/04/28 18:45	5	0.1	52.96	52.96	50.69	52.49	49.56	52.54	49.22	49.25	53.46	55.06	53.22	54.36	51.83	50.15	53.68	49.04	56.65	51.43	50.52	54.78	54.84	54.22	55.35	56.72	57.67	59.22	59.22	55.68	54.28	55.46	54.87	49.85	55.12	50.76	55.5	55.22	54.23	56.18	56.16	56.16	59.08	56.71	57.31	54.09	49.19	56.2	54.33	50.5	50.77	49.73	56.66	56.04	51.6	56.02	50.53	52.5	53.16	53.32	56.57	56.23	56.23	56.23	56.23	56.23	52.91	54.22	55.27	49.18	54.53	53.06	59.89	57.72	56.95	54.3	55.18	54.95	56.95	53.02	54.84	55.79	55.79	55.79	55.79	55.79	62.6	61.52	61.52	56.2	57.33	57.33	57.33	57.33	57.33	58.22	61.13	52.24	57.28	53.14	53.14	53.14	54.7	55.25	48.68	50.63	46.63	50.41	47.54	48.03	53.68	51.21	51.21	48.39	47.65	53.14	55.29	53.33	48.87	47.12	49.29	52.43	55.87	50.31	49.27	49.27	49.27	49.27	51.73	47.06	51.21	53.24	54.39	52.47	56.54	53.58	53.68	53.68	54.44	54.44	54.44	51.85	51.85	51.85	53.88	52.63	48.81	48.27	48.08	47.05	47.92	50.24	53.1	53.98	49.06	54.06	54.06	51.29	49.49	49.49	47.65	52.87	53.09	48.73	50.62	51.67	52.48	50.68	53.95	50.1	48.56	54.07	53.36	53.25	53.82	52.18	53.04	52.69	49.36	48.8	55.56	54.46	60.1	54.89	55.5	55.08	54.69	53.93	56.02	48.78	48.88	53.58	54.44	53.44	53.51	52.07	48.78	50.17	48.57	48.38	48.38	53.65
zone2_00067	2	2026/04/28 18:45	5	0.1	52.54	49.22	49.25	53.46	55.06	53.22	54.36	51.83	50.15	53.68	49.04	56.65	51.43	50.52	54.78	54.84	54.22	55.35	56.72	57.67	59.22	59.22	55.68	54.28	55.46	54.87	49.85	55.12	50.76	55.5	55.22	54.23	56.18	56.16	56.16	59.08	56.71	57.31	54.09	49.19	56.2	54.33	50.5	50.77	49.73	51.9	51.9	50.38	55.05	48.89	52.5	53.16	53.32	56.57	56.23	56.23	56.23	56.23	56.23	52.91	54.22	55.27	49.18	54.53	53.06	59.89	57.72	56.95	54.3	55.18	54.95	56.95	53.02	54.84	55.79	55.79	55.79	55.79	55.79	62.6	61.52	61.52	56.2	57.33	57.33	57.33	57.33	57.33	58.22	61.13	52.24	57.28	53.14	53.14	53.14	53.14	53.14	53.14	51.9	58.34	50.41	47.54	48.03	53.68	51.21	51.21	48.39	47.65	53.14	55.29	53.33	48.87	47.12	49.29	52.43	55.87	50.31	49.27	49.27	49.27	49.27	51.73	47.06	51.21	53.24	54.39	52.47	56.54	53.58	53.68	53.68	54.44	54.44	54.44	51.85	51.85	51.85	53.88	52.63	48.81	48.27	48.08	47.05	47.92	50.24	46.8	56.11	54.12	54.11	49.58	51.29	49.49	49.49	47.65	52.87	53.09	48.73	50.62	51.67	52.48	50.68	53.95	50.1	48.56	54.07	53.36	53.25	53.82	52.18	53.04	52.69	49.36	48.8	55.56	54.46	60.1	54.89	55.5	55.08	54.69	53.93	56.02	48.78	48.88	53.58	54.44	53.44	53.51	52.07	48.78	50.17	48.57	48.38	48.38	53.65	47.35	50.19	56.91	56.91	56.91
zone2_00068	2	2026/04/28 18:45	5	0.1	53.22	54.36	51.83	50.15	53.68	49.04	56.65	51.43	50.52	54.78	54.84	54.22	55.35	56.72	57.67	59.22	59.22	55.68	54.28	55.46	54.87	49.85	55.12	50.76	55.5	55.22	54.23	56.18	56.16	56.16	59.08	56.71	57.31	54.09	49.19	56.2	54.33	50.5	50.77	49.73	51.9	51.9	50.38	55.05	48.89	56.79	55.68	50.97	57.99	57.03	56.23	56.23	56.23	56.23	52.91	54.22	55.27	49.18	54.53	53.06	59.89	57.72	56.95	54.3	55.18	54.95	56.95	53.02	54.84	55.79	55.79	55.79	55.79	55.79	62.6	61.52	61.52	56.2	57.33	57.33	57.33	57.33	57.33	58.22	61.13	52.24	57.28	53.14	53.14	53.14	53.14	53.14	53.14	51.9	58.34	53.9	59.59	55.44	58.34	56.2	51.21	48.39	47.65	53.14	55.29	53.33	48.87	47.12	49.29	52.43	55.87	50.31	49.27	49.27	49.27	49.27	51.73	47.06	51.21	53.24	54.39	52.47	56.54	53.58	53.68	53.68	54.44	54.44	54.44	51.85	51.85	51.85	53.88	52.63	48.81	48.27	48.08	47.05	47.92	50.24	46.8	56.11	54.12	54.11	49.58	49.69	56.15	52.44	54.7	53.91	53.09	48.73	50.62	51.67	52.48	50.68	53.95	50.1	48.56	54.07	53.36	53.25	53.82	52.18	53.04	52.69	49.36	48.8	55.56	54.46	60.1	54.89	55.5	55.08	54.69	53.93	56.02	48.78	48.88	53.58	54.44	53.44	53.51	52.07	48.78	50.17	48.57	48.38	48.38	53.65	47.35	50.19	56.91	56.91	56.91	54.44	54.44	54.44	54.44	54.44
zone2_00069	2	2026/04/28 18:45	5	0.1	49.04	56.65	51.43	50.52	54.78	54.84	54.22	55.35	56.72	57.67	59.22	59.22	55.68	54.28	55.46	54.87	49.85	55.12	50.76	55.5	55.22	54.23	56.18	56.16	56.16	59.08	56.71	57.31	54.09	49.19	56.2	54.33	50.5	50.77	49.73	51.9	51.9	50.38	55.05	48.89	56.79	55.68	50.97	57.99	57.03	54.36	52.87	59.45	57.93	56.13	54.22	55.27	49.18	54.53	53.06	59.89	57.72	56.95	54.3	55.18	54.95	56.95	53.02	54.84	55.79	55.79	55.79	55.79	55.79	62.6	61.52	61.52	56.2	57.33	57.33	57.33	57.33	57.33	58.22	61.13	52.24	57.28	53.14	53.14	53.14	53.14	53.14	53.14	51.9	58.34	53.9	59.59	55.44	58.34	56.2	54.88	50.62	63.03	60.84	60.27	53.33	48.87	47.12	49.29	52.43	55.87	50.31	49.27	49.27	49.27	49.27	51.73	47.06	51.21	53.24	54.39	52.47	56.54	53.58	53.68	53.68	54.44	54.44	54.44	51.85	51.85	51.85	53.88	52.63	48.81	48.27	48.08	47.05	47.92	50.24	46.8	56.11	54.12	54.11	49.58	49.69	56.15	52.44	54.7	53.91	50.23	57.82	56.09	56.94	53.4	50.68	53.95	50.1	48.56	54.07	53.36	53.25	53.82	52.18	53.04	52.69	49.36	48.8	55.56	54.46	60.1	54.89	55.5	55.08	54.69	53.93	56.02	48.78	48.88	53.58	54.44	53.44	53.51	52.07	48.78	50.17	48.57	48.38	48.38	53.65	47.35	50.19	56.91	56.91	56.91	54.44	54.44	54.44	54.44	54.44	54.44	54.44	49.8	55.18	59.39
zone2_00070	2	2026/04/28 18:45	5	0.1	54.84	54.22	55.35	56.72	57.67	59.22	59.22	55.68	54.28	55.46	54.87	49.85	55.12	50.76	55.5	55.22	54.23	56.18	56.16	56.16	59.08	56.71	57.31	54.09	49.19	56.2	54.33	50.5	50.77	49.73	51.9	51.9	50.38	55.05	48.89	56.79	55.68	50.97	57.99	57.03	54.36	52.87	59.45	57.93	56.13	53.1	53.05	53.05	52.89	53.81	59.89	57.72	56.95	54.3	55.18	54.95	56.95	53.02	54.84	55.79	55.79	55.79	55.79	55.79	62.6	61.52	61.52	56.2	57.33	57.33	57.33	57.33	57.33	58.22	61.13	52.24	57.28	53.14	53.14	53.14	53.14	53.14	53.14	51.9	58.34	53.9	59.59	55.44	58.34	56.2	54.88	50.62	63.03	60.84	60.27	56.09	54.81	54.81	54.81	54.81	55.87	50.31	49.27	49.27	49.27	49.27	51.73	47.06	51.21	53.24	54.39	52.47	56.54	53.58	53.68	53.68	54.44	54.44	54.44	51.85	51.85	51.85	53.88	52.63	48.81	48.27	48.08	47.05	47.92	50.24	46.8	56.11	54.12	54.11	49.58	49.69	56.15	52.44	54.7	53.91	50.23	57.82	56.09	56.94	53.4	50.73	49.64	56.41	51.53	48.68	53.36	53.25	53.82	52.18	53.04	52.69	49.36	48.8	55.56	54.46	60.1	54.89	55.5	55.08	54.69	53.93	56.02	48.78	48.88	53.58	54.44	53.44	53.51	52.07	48.78	50.17	48.57	48.38	48.38	53.65	47.35	50.19	56.91	56.91	56.91	54.44	54.44	54.44	54.44	54.44	54.44	54.44	49.8	55.18	59.39	57.65	56.02	52.03	52.03	56.22
zone2_00071	2	2026/04/28 18:45	5	0.1	59.22	59.22	55.68	54.28	55.46	54.87	49.85	55.12	50.76	55.5	55.22	54.23	56.18	56.16	56.16	59.08	56.71	57.31	54.09	49.19	56.2	54.33	50.5	50.77	49.73	51.9	51.9	50.38	55.05	48.89	56.79	55.68	50.97	57.99	57.03	54.36	52.87	59.45	57.93	56.13	53.1	53.05	53.05	52.89	53.81	52.58	48.88	48.04	56.14	56.2	54.95	56.95	53.02	54.84	55.79	55.79	55.79	55.79	55.79	62.6	61.52	61.52	56.2	57.33	57.33	57.33	57.33	57.33	58.22	61.13	52.24	57.28	53.14	53.14	53.14	53.14	53.14	53.14	51.9	58.34	53.9	59.59	55.44	58.34	56.2	54.88	50.62	63.03	60.84	60.27	56.09	54.81	54.81	54.81	54.81	54.81	53.53	48.76	58.95	57.75	49.27	51.73	47.06	51.21	53.24	54.39	52.47	56.54	53.58	53.68	53.68	54.44	54.44	54.44	51.85	51.85	51.85	53.88	52.63	48.81	48.27	48.08	47.05	47.92	50.24	46.8	56.11	54.12	54.11	49.58	49.69	56.15	52.44	54.7	53.91	50.23	57.82	56.09	56.94	53.4	50.73	49.64	56.41	51.53	48.68	42.9	46.7	53.38	55.89	51.39	52.69	49.36	48.8	55.56	54.46	60.1	54.89	55.5	55.08	54.69	53.93	56.02	48.78	48.88	53.58	54.44	53.44	53.51	52.07	48.78	50.17	48.57	48.38	48.38	53.65	47.35	50.19	56.91	56.91	56.91	54.44	54.44	54.44	54.44	54.44	54.44	54.44	49.8	55.18	59.39	57.65	56.02	52.03	52.03	56.22	52.23	52.23	52.51	46.24	47.4
zone2_00072	2	2026/04/28 18:45	5	0.1	54.87	49.85	55.12	50.76	55.5	55.22	54.23	56.18	56.16	56.16	59.08	56.71	57.31	54.09	49.19	56.2	54.33	50.5	50.77	49.73	51.9	51.9	50.38	55.05	48.89	56.79	55.68	50.97	57.99	57.03	54.36	52.87	59.45	57.93	56.13	53.1	53.05	53.05	52.89	53.81	52.58	48.88	48.04	56.14	56.2	54.92	56.8	56.31	56.8	55.53	55.79	55.79	55.79	55.79	62.6	61.52	61.52	56.2	57.33	57.33	57.33	57.33	57.33	58.22	61.13	52.24	57.28	53.14	53.14	53.14	53.14	53.14	53.14	51.9	58.34	53.9	59.59	55.44	58.34	56.2	54.88	50.62	63.03	60.84	60.27	56.09	54.81	54.81	54.81	54.81	54.81	53.53	48.76	58.95	57.75	60.04	57.26	57.67	55.48	56.48	54.39	52.47	56.54	53.58	53.68	53.68	54.44	54.44	54.44	51.85	51.85	51.85	53.88	52.63	48.81	48.27	48.08	47.05	47.92	50.24	46.8	56.11	54.12	54.11	49.58	49.69	56.15	52.44	54.7	53.91	50.23	57.82	56.09	56.94	53.4	50.73	49.64	56.41	51.53	48.68	42.9	46.7	53.38	55.89	51.39	55.52	51.78	54.91	51.13	50.94	60.1	54.89	55.5	55.08	54.69	53.93	56.02	48.78	48.88	53.58	54.44	53.44	53.51	52.07	48.78	50.17	48.57	48.38	48.38	53.65	47.35	50.19	56.91	56.91	56.91	54.44	54.44	54.44	54.44	54.44	54.44	54.44	49.8	55.18	59.39	57.65	56.02	52.03	52.03	56.22	52.23	52.23	52.51	46.24	47.4	54.84	55.63	56.46	55.38	54.09
zone2_00073	2	2026/04/28 18:45	5	0.1	55.22	54.23	56.18	56.16	56.16	59.08	56.71	57.31	54.09	49.19	56.2	54.33	50.5	50.77	49.73	51.9	51.9	50.38	55.05	48.89	56.79	55.68	50.97	57.99	57.03	54.36	52.87	59.45	57.93	56.13	53.1	53.05	53.05	52.89	53.81	52.58	48.88	48.04	56.14	56.2	54.92	56.8	56.31	56.8	55.53	57.79	57.95	54.12	50.19	49.74	61.52	61.52	56.2	57.33	57.33	57.33	57.33	57.33	58.22	61.13	52.24	57.28	53.14	53.14	53.14	53.14	53.14	53.14	51.9	58.34	53.9	59.59	55.44	58.34	56.2	54.88	50.62	63.03	60.84	60.27	56.09	54.81	54.81	54.81	54.81	54.81	53.53	48.76	58.95	57.75	60.04	57.26	57.67	55.48	56.48	58.92	58.43	54.66	53.21	52.54	53.68	54.44	54.44	54.44	51.85	51.85	51.85	53.88	52.63	48.81	48.27	48.08	47.05	47.92	50.24	46.8	56.11	54.12	54.11	49.58	49.69	56.15	52.44	54.7	53.91	50.23	57.82	56.09	56.94	53.4	50.73	49.64	56.41	51.53	48.68	42.9	46.7	53.38	55.89	51.39	55.52	51.78	54.91	51.13	50.94	51.94	51.41	49.64	48.74	47.65	53.93	56.02	48.78	48.88	53.58	54.44	53.44	53.51	52.07	48.78	50.17	48.57	48.38	48.38	53.65	47.35	50.19	56.91	56.91	56.91	54.44	54.44	54.44	54.44	54.44	54.44	54.44	49.8	55.18	59.39	57.65	56.02	52.03	52.03	56.22	52.23	52.23	52.51	46.24	47.4	54.84	55.63	56.46	55.38	54.09	52.43	53.23	53.55	57.55	49.63
zone2_00074	2	2026/04/28 18:45	5	0.1	59.08	56.71	57.31	54.09	49.19	56.2	54.33	50.5	50.77	49.73	51.9	51.9	50.38	55.05	48.89	56.79	55.68	50.97	57.99	57.03	54.36	52.87	59.45	57.93	56.13	53.1	53.05	53.05	52.89	53.81	52.58	48.88	48.04	56.14	56.2	54.92	56.8	56.31	56.8	55.53	57.79	57.95	54.12	50.19	49.74	56.23	56.43	56.88	57.05	49.13	57.33	57.33	57.33	58.22	61.13	52.24	57.28	53.14	53.14	53.14	53.14	53.14	53.14	51.9	58.34	53.9	59.59	55.44	58.34	56.2	54.88	50.62	63.03	60.84	60.27	56.09	54.81	54.81	54.81	54.81	54.81	53.53	48.76	58.95	57.75	60.04	57.26	57.67	55.48	56.48	58.92	58.43	54.66	53.21	52.54	56.64	55.19	57.19	58.17	51.78	51.85	51.85	53.88	52.63	48.81	48.27	48.08	47.05	47.92	50.24	46.8	56.11	54.12	54.11	49.58	49.69	56.15	52.44	54.7	53.91	50.23	57.82	56.09	56.94	53.4	50.73	49.64	56.41	51.53	48.68	42.9	46.7	53.38	55.89	51.39	55.52	51.78	54.91	51.13	50.94	51.94	51.41	49.64	48.74	47.65	53.4	51.56	53.62	51.62	48.77	54.44	53.44	53.51	52.07	48.78	50.17	48.57	48.38	48.38	53.65	47.35	50.19	56.91	56.91	56.91	54.44	54.44	54.44	54.44	54.44	54.44	54.44	49.8	55.18	59.39	57.65	56.02	52.03	52.03	56.22	52.23	52.23	52.51	46.24	47.4	54.84	55.63	56.46	55.38	54.09	52.43	53.23	53.55	57.55	49.63	49.32	52.93	55.35	55.64	55.3
zone2_00075	2	2026/04/28 18:45	5	0.1	56.2	54.33	50.5	50.77	49.73	51.9	51.9	50.38	55.05	48.89	56.79	55.68	50.97	57.99	57.03	54.36	52.87	59.45	57.93	56.13	53.1	53.05	53.05	52.89	53.81	52.58	48.88	48.04	56.14	56.2	54.92	56.8	56.31	56.8	55.53	57.79	57.95	54.12	50.19	49.74	56.23	56.43	56.88	57.05	49.13	54.07	53.24	53.11	52.35	51.39	52.24	57.28	53.14	53.14	53.14	53.14	53.14	53.14	51.9	58.34	53.9	59.59	55.44	58.34	56.2	54.88	50.62	63.03	60.84	60.27	56.09	54.81	54.81	54.81	54.81	54.81	53.53	48.76	58.95	57.75	60.04	57.26	57.67	55.48	56.48	58.92	58.43	54.66	53.21	52.54	56.64	55.19	57.19	58.17	51.78	57.98	55.23	56.12	54.39	53.68	48.27	48.08	47.05	47.92	50.24	46.8	56.11	54.12	54.11	49.58	49.69	56.15	52.44	54.7	53.91	50.23	57.82	56.09	56.94	53.4	50.73	49.64	56.41	51.53	48.68	42.9	46.7	53.38	55.89	51.39	55.52	51.78	54.91	51.13	50.94	51.94	51.41	49.64	48.74	47.65	53.4	51.56	53.62	51.62	48.77	52.71	50.08	52.58	51.44	48.95	50.17	48.57	48.38	48.38	53.65	47.35	50.19	56.91	56.91	56.91	54.44	54.44	54.44	54.44	54.44	54.44	54.44	49.8	55.18	59.39	57.65	56.02	52.03	52.03	56.22	52.23	52.23	52.51	46.24	47.4	54.84	55.63	56.46	55.38	54.09	52.43	53.23	53.55	57.55	49.63	49.32	52.93	55.35	55.64	55.3	51.48	50.29	53.72	55.18	49.13
zone2_00076	2	2026/04/28 18:45	5	0.1	51.9	51.9	50.38	55.05	48.89	56.79	55.68	50.97	57.99	57.03	54.36	52.87	59.45	57.93	56.13	53.1	53.05	53.05	52.89	53.81	52.58	48.88	48.04	56.14	56.2	54.92	56.8	56.31	56.8	55.53	57.79	57.95	54.12	50.19	49.74	56.23	56.43	56.88	57.05	49.13	54.07	53.24	53.11	52.35	51.39	51.03	55.25	60.3	56.42	54.92	53.14	53.14	53.14	51.9	58.34	53.9	59.59	55.44	58.34	56.2	54.88	50.62	63.03	60.84	60.27	56.09	54.81	54.81	54.81	54.81	54.81	53.53	48.76	58.95	57.75	60.04	57.26	57.67	55.48	56.48	58.92	58.43	54.66	53.21	52.54	56.64	55.19	57.19	58.17	51.78	57.98	55.23	56.12	54.39	53.68	58.81	60.66	60.52	60.52	60.52	46.8	56.11	54.12	54.11	49.58	49.69	56.15	52.44	54.7	53.91	50.23	57.82	56.09	56.94	53.4	50.73	49.64	56.41	51.53	48.68	42.9	46.7	53.38	55.89	51.39	55.52	51.78	54.91	51.13	50.94	51.94	51.41	49.64	48.74	47.65	53.4	51.56	53.62	51.62	48.77	52.71	50.08	52.58	51.44	48.95	55.45	51.55	53.11	52.71	48.86	47.35	50.19	56.91	56.91	56.91	54.44	54.44	54.44	54.44	54.44	54.44	54.44	49.8	55.18	59.39	57.65	56.02	52.03	52.03	56.22	52.23	52.23	52.51	46.24	47.4	54.84	55.63	56.46	55.38	54.09	52.43	53.23	53.55	57.55	49.63	49.32	52.93	55.35	55.64	55.3	51.48	50.29	53.72	55.18	49.13	52.74	60.16	58.59	56.27	49.75
zone2_00077	2	2026/04/28 18:45	5	0.1	56.79	55.68	50.97	57.99	57.03	54.36	52.87	59.45	57.93	56.13	53.1	53.05	53.05	52.89	53.81	52.58	48.88	48.04	56.14	56.2	54.92	56.8	56.31	56.8	55.53	57.79	57.95	54.12	50.19	49.74	56.23	56.43	56.88	57.05	49.13	54.07	53.24	53.11	52.35	51.39	51.03	55.25	60.3	56.42	54.92	51.75	53	55.41	50.24	48.81	53.9	59.59	55.44	58.34	56.2	54.88	50.62	63.03	60.84	60.27	56.09	54.81	54.81	54.81	54.81	54.81	53.53	48.76	58.95	57.75	60.04	57.26	57.67	55.48	56.48	58.92	58.43	54.66	53.21	52.54	56.64	55.19	57.19	58.17	51.78	57.98	55.23	56.12	54.39	53.68	58.81	60.66	60.52	60.52	60.52	60.52	60.52	55.19	50.88	49.39	49.69	56.15	52.44	54.7	53.91	50.23	57.82	56.09	56.94	53.4	50.73	49.64	56.41	51.53	48.68	42.9	46.7	53.38	55.89	51.39	55.52	51.78	54.91	51.13	50.94	51.94	51.41	49.64	48.74	47.65	53.4	51.56	53.62	51.62	48.77	52.71	50.08	52.58	51.44	48.95	55.45	51.55	53.11	52.71	48.86	47.76	49.06	50.09	48.4	46.69	54.44	54.44	54.44	54.44	54.44	54.44	54.44	49.8	55.18	59.39	57.65	56.02	52.03	52.03	56.22	52.23	52.23	52.51	46.24	47.4	54.84	55.63	56.46	55.38	54.09	52.43	53.23	53.55	57.55	49.63	49.32	52.93	55.35	55.64	55.3	51.48	50.29	53.72	55.18	49.13	52.74	60.16	58.59	56.27	49.75	50.61	51.08	50.73	47.35	44.5
zone2_00078	2	2026/04/28 18:45	5	0.1	54.36	52.87	59.45	57.93	56.13	53.1	53.05	53.05	52.89	53.81	52.58	48.88	48.04	56.14	56.2	54.92	56.8	56.31	56.8	55.53	57.79	57.95	54.12	50.19	49.74	56.23	56.43	56.88	57.05	49.13	54.07	53.24	53.11	52.35	51.39	51.03	55.25	60.3	56.42	54.92	51.75	53	55.41	50.24	48.81	48.81	48.81	50.11	51.94	51.99	54.88	50.62	63.03	60.84	60.27	56.09	54.81	54.81	54.81	54.81	54.81	53.53	48.76	58.95	57.75	60.04	57.26	57.67	55.48	56.48	58.92	58.43	54.66	53.21	52.54	56.64	55.19	57.19	58.17	51.78	57.98	55.23	56.12	54.39	53.68	58.81	60.66	60.52	60.52	60.52	60.52	60.52	55.19	50.88	49.39	47.85	52.08	52.08	52.08	50.98	50.23	57.82	56.09	56.94	53.4	50.73	49.64	56.41	51.53	48.68	42.9	46.7	53.38	55.89	51.39	55.52	51.78	54.91	51.13	50.94	51.94	51.41	49.64	48.74	47.65	53.4	51.56	53.62	51.62	48.77	52.71	50.08	52.58	51.44	48.95	55.45	51.55	53.11	52.71	48.86	47.76	49.06	50.09	48.4	46.69	46.69	46.69	46.69	46.69	48.79	54.44	54.44	49.8	55.18	59.39	57.65	56.02	52.03	52.03	56.22	52.23	52.23	52.51	46.24	47.4	54.84	55.63	56.46	55.38	54.09	52.43	53.23	53.55	57.55	49.63	49.32	52.93	55.35	55.64	55.3	51.48	50.29	53.72	55.18	49.13	52.74	60.16	58.59	56.27	49.75	50.61	51.08	50.73	47.35	44.5	45.2	50.44	50.25	48.94	52.74
zone2_00079	2	2026/04/28 18:45	5	0.1	53.1	53.05	53.05	52.89	53.81	52.58	48.88	48.04	56.14	56.2	54.92	56.8	56.31	56.8	55.53	57.79	57.95	54.12	50.19	49.74	56.23	56.43	56.88	57.05	49.13	54.07	53.24	53.11	52.35	51.39	51.03	55.25	60.3	56.42	54.92	51.75	53	55.41	50.24	48.81	48.81	48.81	50.11	51.94	51.99	52.87	53.1	50.73	50.73	57.61	56.09	54.81	54.81	54.81	54.81	54.81	53.53	48.76	58.95	57.75	60.04	57.26	57.67	55.48	56.48	58.92	58.43	54.66	53.21	52.54	56.64	55.19	57.19	58.17	51.78	57.98	55.23	56.12	54.39	53.68	58.81	60.66	60.52	60.52	60.52	60.52	60.52	55.19	50.88	49.39	47.85	52.08	52.08	52.08	50.98	53.32	52.82	53.43	51.99	60.58	50.73	49.64	56.41	51.53	48.68	42.9	46.7	53.38	55.89	51.39	55.52	51.78	54.91	51.13	50.94	51.94	51.41	49.64	48.74	47.65	53.4	51.56	53.62	51.62	48.77	52.71	50.08	52.58	51.44	48.95	55.45	51.55	53.11	52.71	48.86	47.76	49.06	50.09	48.4	46.69	46.69	46.69	46.69	46.69	48.79	48.79	48.79	52.65	52.65	52.65	57.65	56.02	52.03	52.03	56.22	52.23	52.23	52.51	46.24	47.4	54.84	55.63	56.46	55.38	54.09	52.43	53.23	53.55	57.55	49.63	49.32	52.93	55.35	55.64	55.3	51.48	50.29	53.72	55.18	49.13	52.74	60.16	58.59	56.27	49.75	50.61	51.08	50.73	47.35	44.5	45.2	50.44	50.25	48.94	52.74	53.87	52.06	50.84	51.27	56.68
zone2_00080	2	2026/04/28 18:45	5	0.1	52.58	48.88	48.04	56.14	56.2	54.92	56.8	56.31	56.8	55.53	57.79	57.95	54.12	50.19	49.74	56.23	56.43	56.88	57.05	49.13	54.07	53.24	53.11	52.35	51.39	51.03	55.25	60.3	56.42	54.92	51.75	53	55.41	50.24	48.81	48.81	48.81	50.11	51.94	51.99	52.87	53.1	50.73	50.73	57.61	55.16	53.12	51.32	54.95	57.44	54.81	53.53	48.76	58.95	57.75	60.04	57.26	57.67	55.48	56.48	58.92	58.43	54.66	53.21	52.54	56.64	55.19	57.19	58.17	51.78	57.98	55.23	56.12	54.39	53.68	58.81	60.66	60.52	60.52	60.52	60.52	60.52	55.19	50.88	49.39	47.85	52.08	52.08	52.08	50.98	53.32	52.82	53.43	51.99	60.58	58.21	58.01	58.01	58.01	58.01	42.9	46.7	53.38	55.89	51.39	55.52	51.78	54.91	51.13	50.94	51.94	51.41	49.64	48.74	47.65	53.4	51.56	53.62	51.62	48.77	52.71	50.08	52.58	51.44	48.95	55.45	51.55	53.11	52.71	48.86	47.76	49.06	50.09	48.4	46.69	46.69	46.69	46.69	46.69	48.79	48.79	48.79	52.65	52.65	52.65	55.18	55.18	55.18	56.66	56.66	52.23	52.23	52.51	46.24	47.4	54.84	55.63	56.46	55.38	54.09	52.43	53.23	53.55	57.55	49.63	49.32	52.93	55.35	55.64	55.3	51.48	50.29	53.72	55.18	49.13	52.74	60.16	58.59	56.27	49.75	50.61	51.08	50.73	47.35	44.5	45.2	50.44	50.25	48.94	52.74	53.87	52.06	50.84	51.27	56.68	59.1	58.94	58.71	56	51.55
zone2_00081	2	2026/04/28 18:45	5	0.1	54.92	56.8	56.31	56.8	55.53	57.79	57.95	54.12	50.19	49.74	56.23	56.43	56.88	57.05	49.13	54.07	53.24	53.11	52.35	51.39	51.03	55.25	60.3	56.42	54.92	51.75	53	55.41	50.24	48.81	48.81	48.81	50.11	51.94	51.99	52.87	53.1	50.73	50.73	57.61	55.16	53.12	51.32	54.95	57.44	59.23	56.32	56.05	58.14	57.43	60.04	57.26	57.67	55.48	56.48	58.92	58.43	54.66	53.21	52.54	56.64	55.19	57.19	58.17	51.78	57.98	55.23	56.12	54.39	53.68	58.81	60.66	60.52	60.52	60.52	60.52	60.52	55.19	50.88	49.39	47.85	52.08	52.08	52.08	50.98	53.32	52.82	53.43	51.99	60.58	58.21	58.01	58.01	58.01	58.01	59.28	66.33	69.16	63.71	60.06	55.52	51.78	54.91	51.13	50.94	51.94	51.41	49.64	48.74	47.65	53.4	51.56	53.62	51.62	48.77	52.71	50.08	52.58	51.44	48.95	55.45	51.55	53.11	52.71	48.86	47.76	49.06	50.09	48.4	46.69	46.69	46.69	46.69	46.69	48.79	48.79	48.79	52.65	52.65	52.65	55.18	55.18	55.18	56.66	56.66	56.66	54.1	57.7	53.64	53.95	54.84	55.63	56.46	55.38	54.09	52.43	53.23	53.55	57.55	49.63	49.32	52.93	55.35	55.64	55.3	51.48	50.29	53.72	55.18	49.13	52.74	60.16	58.59	56.27	49.75	50.61	51.08	50.73	47.35	44.5	45.2	50.44	50.25	48.94	52.74	53.87	52.06	50.84	51.27	56.68	59.1	58.94	58.71	56	51.55	56.16	59.49	61.81	58.66	59.23
zone2_00082	2	2026/04/28 18:45	5	0.1	57.79	57.95	54.12	50.19	49.74	56.23	56.43	56.88	57.05	49.13	54.07	53.24	53.11	52.35	51.39	51.03	55.25	60.3	56.42	54.92	51.75	53	55.41	50.24	48.81	48.81	48.81	50.11	51.94	51.99	52.87	53.1	50.73	50.73	57.61	55.16	53.12	51.32	54.95	57.44	59.23	56.32	56.05	58.14	57.43	57.93	57.47	59.01	56.36	55.11	58.92	58.43	54.66	53.21	52.54	56.64	55.19	57.19	58.17	51.78	57.98	55.23	56.12	54.39	53.68	58.81	60.66	60.52	60.52	60.52	60.52	60.52	55.19	50.88	49.39	47.85	52.08	52.08	52.08	50.98	53.32	52.82	53.43	51.99	60.58	58.21	58.01	58.01	58.01	58.01	59.28	66.33	69.16	63.71	60.06	60.06	60.06	60.06	60.06	60.06	51.94	51.41	49.64	48.74	47.65	53.4	51.56	53.62	51.62	48.77	52.71	50.08	52.58	51.44	48.95	55.45	51.55	53.11	52.71	48.86	47.76	49.06	50.09	48.4	46.69	46.69	46.69	46.69	46.69	48.79	48.79	48.79	52.65	52.65	52.65	55.18	55.18	55.18	56.66	56.66	56.66	54.1	57.7	53.64	53.95	50.22	49.18	48.71	46.79	51.86	52.43	53.23	53.55	57.55	49.63	49.32	52.93	55.35	55.64	55.3	51.48	50.29	53.72	55.18	49.13	52.74	60.16	58.59	56.27	49.75	50.61	51.08	50.73	47.35	44.5	45.2	50.44	50.25	48.94	52.74	53.87	52.06	50.84	51.27	56.68	59.1	58.94	58.71	56	51.55	56.16	59.49	61.81	58.66	59.23	53.17	51.39	50.69	48.44	53.81
zone2_00083	2	2026/04/28 18:45	5	0.1	56.23	56.43	56.88	57.05	49.13	54.07	53.24	53.11	52.35	51.39	51.03	55.25	60.3	56.42	54.92	51.75	53	55.41	50.24	48.81	48.81	48.81	50.11	51.94	51.99	52.87	53.1	50.73	50.73	57.61	55.16	53.12	51.32	54.95	57.44	59.23	56.32	56.05	58.14	57.43	57.93	57.47	59.01	56.36	55.11	51.44	51.87	51.77	54.75	56.56	56.64	55.19	57.19	58.17	51.78	57.98	55.23	56.12	54.39	53.68	58.81	60.66	60.52	60.52	60.52	60.52	60.52	55.19	50.88	49.39	47.85	52.08	52.08	52.08	50.98	53.32	52.82	53.43	51.99	60.58	58.21	58.01	58.01	58.01	58.01	59.28	66.33	69.16	63.71	60.06	60.06	60.06	60.06	60.06	60.06	59.95	59.95	57.16	56.12	54.35	53.4	51.56	53.62	51.62	48.77	52.71	50.08	52.58	51.44	48.95	55.45	51.55	53.11	52.71	48.86	47.76	49.06	50.09	48.4	46.69	46.69	46.69	46.69	46.69	48.79	48.79	48.79	52.65	52.65	52.65	55.18	55.18	55.18	56.66	56.66	56.66	54.1	57.7	53.64	53.95	50.22	49.18	48.71	46.79	51.86	49.58	48.04	52.55	53.62	52.06	49.32	52.93	55.35	55.64	55.3	51.48	50.29	53.72	55.18	49.13	52.74	60.16	58.59	56.27	49.75	50.61	51.08	50.73	47.35	44.5	45.2	50.44	50.25	48.94	52.74	53.87	52.06	50.84	51.27	56.68	59.1	58.94	58.71	56	51.55	56.16	59.49	61.81	58.66	59.23	53.17	51.39	50.69	48.44	53.81	50.04	56.19	52.84	53.57	52.94
zone2_00084	2	2026/04/28 18:45	5	0.1	54.07	53.24	53.11	52.35	51.39	51.03	55.25	60.3	56.42	54.92	51.75	53	55.41	50.24	48.81	48.81	48.81	50.11	51.94	51.99	52.87	53.1	50.73	50.73	57.61	55.16	53.12	51.32	54.95	57.44	59.23	56.32	56.05	58.14	57.43	57.93	57.47	59.01	56.36	55.11	51.44	51.87	51.77	54.75	56.56	56.35	55.82	55.41	56.3	54.78	57.98	55.23	56.12	54.39	53.68	58.81	60.66	60.52	60.52	60.52	60.52	60.52	55.19	50.88	49.39	47.85	52.08	52.08	52.08	50.98	53.32	52.82	53.43	51.99	60.58	58.21	58.01	58.01	58.01	58.01	59.28	66.33	69.16	63.71	60.06	60.06	60.06	60.06	60.06	60.06	59.95	59.95	57.16	56.12	54.35	57.21	57.5	57.49	57.49	57.49	52.71	50.08	52.58	51.44	48.95	55.45	51.55	53.11	52.71	48.86	47.76	49.06	50.09	48.4	46.69	46.69	46.69	46.69	46.69	48.79	48.79	48.79	52.65	52.65	52.65	55.18	55.18	55.18	56.66	56.66	56.66	54.1	57.7	53.64	53.95	50.22	49.18	48.71	46.79	51.86	49.58	48.04	52.55	53.62	52.06	53.73	55.61	55.07	51.81	53.23	51.48	50.29	53.72	55.18	49.13	52.74	60.16	58.59	56.27	49.75	50.61	51.08	50.73	47.35	44.5	45.2	50.44	50.25	48.94	52.74	53.87	52.06	50.84	51.27	56.68	59.1	58.94	58.71	56	51.55	56.16	59.49	61.81	58.66	59.23	53.17	51.39	50.69	48.44	53.81	50.04	56.19	52.84	53.57	52.94	55.22	55.86	53.58	54.13	54.88
zone2_00085	2	2026/04/28 18:45	5	0.1	51.03	55.25	60.3	56.42	54.92	51.75	53	55.41	50.24	48.81	48.81	48.81	50.11	51.94	51.99	52.87	53.1	50.73	50.73	57.61	55.16	53.12	51.32	54.95	57.44	59.23	56.32	56.05	58.14	57.43	57.93	57.47	59.01	56.36	55.11	51.44	51.87	51.77	54.75	56.56	56.35	55.82	55.41	56.3	54.78	60.58	58.36	59.05	57.42	57.42	58.81	60.66	60.52	60.52	60.52	60.52	60.52	55.19	50.88	49.39	47.85	52.08	52.08	52.08	50.98	53.32	52.82	53.43	51.99	60.58	58.21	58.01	58.01	58.01	58.01	59.28	66.33	69.16	63.71	60.06	60.06	60.06	60.06	60.06	60.06	59.95	59.95	57.16	56.12	54.35	57.21	57.5	57.49	57.49	57.49	57.49	62.63	62.63	62.63	62.63	55.45	51.55	53.11	52.71	48.86	47.76	49.06	50.09	48.4	46.69	46.69	46.69	46.69	46.69	48.79	48.79	48.79	52.65	52.65	52.65	55.18	55.18	55.18	56.66	56.66	56.66	54.1	57.7	53.64	53.95	50.22	49.18	48.71	46.79	51.86	49.58	48.04	52.55	53.62	52.06	53.73	55.61	55.07	51.81	53.23	58.15	54.43	53.39	54.73	55.17	52.74	60.16	58.59	56.27	49.75	50.61	51.08	50.73	47.35	44.5	45.2	50.44	50.25	48.94	52.74	53.87	52.06	50.84	51.27	56.68	59.1	58.94	58.71	56	51.55	56.16	59.49	61.81	58.66	59.23	53.17	51.39	50.69	48.44	53.81	50.04	56.19	52.84	53.57	52.94	55.22	55.86	53.58	54.13	54.88	60.54	60.35	61.93	58.44	57.13
zone2_00086	2	2026/04/28 18:45	5	0.1	51.75	53	55.41	50.24	48.81	48.81	48.81	50.11	51.94	51.99	52.87	53.1	50.73	50.73	57.61	55.16	53.12	51.32	54.95	57.44	59.23	56.32	56.05	58.14	57.43	57.93	57.47	59.01	56.36	55.11	51.44	51.87	51.77	54.75	56.56	56.35	55.82	55.41	56.3	54.78	60.58	58.36	59.05	57.42	57.42	56.74	57.35	55.79	52.97	52.12	60.52	60.52	55.19	50.88	49.39	47.85	52.08	52.08	52.08	50.98	53.32	52.82	53.43	51.99	60.58	58.21	58.01	58.01	58.01	58.01	59.28	66.33	69.16	63.71	60.06	60.06	60.06	60.06	60.06	60.06	59.95	59.95	57.16	56.12	54.35	57.21	57.5	57.49	57.49	57.49	57.49	62.63	62.63	62.63	62.63	62.63	62.63	62.63	56.03	56.03	47.76	49.06	50.09	48.4	46.69	46.69	46.69	46.69	46.69	48.79	48.79	48.79	52.65	52.65	52.65	55.18	55.18	55.18	56.66	56.66	56.66	54.1	57.7	53.64	53.95	50.22	49.18	48.71	46.79	51.86	49.58	48.04	52.55	53.62	52.06	53.73	55.61	55.07	51.81	53.23	58.15	54.43	53.39	54.73	55.17	53.6	53.26	50.23	50.19	52.14	50.61	51.08	50.73	47.35	44.5	45.2	50.44	50.25	48.94	52.74	53.87	52.06	50.84	51.27	56.68	59.1	58.94	58.71	56	51.55	56.16	59.49	61.81	58.66	59.23	53.17	51.39	50.69	48.44	53.81	50.04	56.19	52.84	53.57	52.94	55.22	55.86	53.58	54.13	54.88	60.54	60.35	61.93	58.44	57.13	56.99	54.1	52.46	52.45	53.04
zone2_00087	2	2026/04/28 18:45	5	0.1	48.81	48.81	50.11	51.94	51.99	52.87	53.1	50.73	50.73	57.61	55.16	53.12	51.32	54.95	57.44	59.23	56.32	56.05	58.14	57.43	57.93	57.47	59.01	56.36	55.11	51.44	51.87	51.77	54.75	56.56	56.35	55.82	55.41	56.3	54.78	60.58	58.36	59.05	57.42	57.42	56.74	57.35	55.79	52.97	52.12	56.24	61.1	56.95	55.38	53.86	47.85	52.08	52.08	52.08	50.98	53.32	52.82	53.43	51.99	60.58	58.21	58.01	58.01	58.01	58.01	59.28	66.33	69.16	63.71	60.06	60.06	60.06	60.06	60.06	60.06	59.95	59.95	57.16	56.12	54.35	57.21	57.5	57.49	57.49	57.49	57.49	62.63	62.63	62.63	62.63	62.63	62.63	62.63	56.03	56.03	58.5	55.52	55.52	55.52	55.52	46.69	46.69	46.69	46.69	48.79	48.79	48.79	52.65	52.65	52.65	55.18	55.18	55.18	56.66	56.66	56.66	54.1	57.7	53.64	53.95	50.22	49.18	48.71	46.79	51.86	49.58	48.04	52.55	53.62	52.06	53.73	55.61	55.07	51.81	53.23	58.15	54.43	53.39	54.73	55.17	53.6	53.26	50.23	50.19	52.14	55.58	54.41	50.62	49.02	47.85	45.2	50.44	50.25	48.94	52.74	53.87	52.06	50.84	51.27	56.68	59.1	58.94	58.71	56	51.55	56.16	59.49	61.81	58.66	59.23	53.17	51.39	50.69	48.44	53.81	50.04	56.19	52.84	53.57	52.94	55.22	55.86	53.58	54.13	54.88	60.54	60.35	61.93	58.44	57.13	56.99	54.1	52.46	52.45	53.04	54.66	51.79	50.95	48.91	49.78
zone2_00088	2	2026/04/28 18:45	5	0.1	52.87	53.1	50.73	50.73	57.61	55.16	53.12	51.32	54.95	57.44	59.23	56.32	56.05	58.14	57.43	57.93	57.47	59.01	56.36	55.11	51.44	51.87	51.77	54.75	56.56	56.35	55.82	55.41	56.3	54.78	60.58	58.36	59.05	57.42	57.42	56.74	57.35	55.79	52.97	52.12	56.24	61.1	56.95	55.38	53.86	50.52	51.16	56.49	56.49	59.54	53.32	52.82	53.43	51.99	60.58	58.21	58.01	58.01	58.01	58.01	59.28	66.33	69.16	63.71	60.06	60.06	60.06	60.06	60.06	60.06	59.95	59.95	57.16	56.12	54.35	57.21	57.5	57.49	57.49	57.49	57.49	62.63	62.63	62.63	62.63	62.63	62.63	62.63	56.03	56.03	58.5	55.52	55.52	55.52	55.52	55.52	57.41	57.41	56.04	57.58	48.79	48.79	52.65	52.65	52.65	55.18	55.18	55.18	56.66	56.66	56.66	54.1	57.7	53.64	53.95	50.22	49.18	48.71	46.79	51.86	49.58	48.04	52.55	53.62	52.06	53.73	55.61	55.07	51.81	53.23	58.15	54.43	53.39	54.73	55.17	53.6	53.26	50.23	50.19	52.14	55.58	54.41	50.62	49.02	47.85	52.89	54.98	53.82	54.17	51.24	53.87	52.06	50.84	51.27	56.68	59.1	58.94	58.71	56	51.55	56.16	59.49	61.81	58.66	59.23	53.17	51.39	50.69	48.44	53.81	50.04	56.19	52.84	53.57	52.94	55.22	55.86	53.58	54.13	54.88	60.54	60.35	61.93	58.44	57.13	56.99	54.1	52.46	52.45	53.04	54.66	51.79	50.95	48.91	49.78	53.86	56.62	54.35	57.99	54.09
zone2_00089	2	2026/04/28 18:45	5	0.1	55.16	53.12	51.32	54.95	57.44	59.23	56.32	56.05	58.14	57.43	57.93	57.47	59.01	56.36	55.11	51.44	51.87	51.77	54.75	56.56	56.35	55.82	55.41	56.3	54.78	60.58	58.36	59.05	57.42	57.42	56.74	57.35	55.79	52.97	52.12	56.24	61.1	56.95	55.38	53.86	50.52	51.16	56.49	56.49	59.54	56.24	53.76	52.94	57.48	57.25	58.21	58.01	58.01	58.01	58.01	59.28	66.33	69.16	63.71	60.06	60.06	60.06	60.06	60.06	60.06	59.95	59.95	57.16	56.12	54.35	57.21	57.5	57.49	57.49	57.49	57.49	62.63	62.63	62.63	62.63	62.63	62.63	62.63	56.03	56.03	58.5	55.52	55.52	55.52	55.52	55.52	57.41	57.41	56.04	57.58	57.58	57.58	57.58	58.97	58.97	55.18	55.18	55.18	56.66	56.66	56.66	54.1	57.7	53.64	53.95	50.22	49.18	48.71	46.79	51.86	49.58	48.04	52.55	53.62	52.06	53.73	55.61	55.07	51.81	53.23	58.15	54.43	53.39	54.73	55.17	53.6	53.26	50.23	50.19	52.14	55.58	54.41	50.62	49.02	47.85	52.89	54.98	53.82	54.17	51.24	52.71	55.73	50.51	53.84	52.69	59.1	58.94	58.71	56	51.55	56.16	59.49	61.81	58.66	59.23	53.17	51.39	50.69	48.44	53.81	50.04	56.19	52.84	53.57	52.94	55.22	55.86	53.58	54.13	54.88	60.54	60.35	61.93	58.44	57.13	56.99	54.1	52.46	52.45	53.04	54.66	51.79	50.95	48.91	49.78	53.86	56.62	54.35	57.99	54.09	55.05	53.22	49.91	53.28	52.87
zone2_00090	2	2026/04/28 18:45	5	0.1	59.23	56.32	56.05	58.14	57.43	57.93	57.47	59.01	56.36	55.11	51.44	51.87	51.77	54.75	56.56	56.35	55.82	55.41	56.3	54.78	60.58	58.36	59.05	57.42	57.42	56.74	57.35	55.79	52.97	52.12	56.24	61.1	56.95	55.38	53.86	50.52	51.16	56.49	56.49	59.54	56.24	53.76	52.94	57.48	57.25	55.69	55.1	52.44	49.41	49.41	59.28	66.33	69.16	63.71	60.06	60.06	60.06	60.06	60.06	60.06	59.95	59.95	57.16	56.12	54.35	57.21	57.5	57.49	57.49	57.49	57.49	62.63	62.63	62.63	62.63	62.63	62.63	62.63	56.03	56.03	58.5	55.52	55.52	55.52	55.52	55.52	57.41	57.41	56.04	57.58	57.58	57.58	57.58	58.97	58.97	58.97	58.97	52.08	56.5	58.62	56.66	54.1	57.7	53.64	53.95	50.22	49.18	48.71	46.79	51.86	49.58	48.04	52.55	53.62	52.06	53.73	55.61	55.07	51.81	53.23	58.15	54.43	53.39	54.73	55.17	53.6	53.26	50.23	50.19	52.14	55.58	54.41	50.62	49.02	47.85	52.89	54.98	53.82	54.17	51.24	52.71	55.73	50.51	53.84	52.69	48.72	49.8	49.19	52.21	53.36	56.16	59.49	61.81	58.66	59.23	53.17	51.39	50.69	48.44	53.81	50.04	56.19	52.84	53.57	52.94	55.22	55.86	53.58	54.13	54.88	60.54	60.35	61.93	58.44	57.13	56.99	54.1	52.46	52.45	53.04	54.66	51.79	50.95	48.91	49.78	53.86	56.62	54.35	57.99	54.09	55.05	53.22	49.91	53.28	52.87	50.09	49.44	49.98	52.22	52.22
zone2_00091	2	2026/04/28 18:45	5	0.1	57.93	57.47	59.01	56.36	55.11	51.44	51.87	51.77	54.75	56.56	56.35	55.82	55.41	56.3	54.78	60.58	58.36	59.05	57.42	57.42	56.74	57.35	55.79	52.97	52.12	56.24	61.1	56.95	55.38	53.86	50.52	51.16	56.49	56.49	59.54	56.24	53.76	52.94	57.48	57.25	55.69	55.1	52.44	49.41	49.41	56.26	57.46	55.67	52.09	55.67	60.06	60.06	60.06	60.06	60.06	59.95	59.95	57.16	56.12	54.35	57.21	57.5	57.49	57.49	57.49	57.49	62.63	62.63	62.63	62.63	62.63	62.63	62.63	56.03	56.03	58.5	55.52	55.52	55.52	55.52	55.52	57.41	57.41	56.04	57.58	57.58	57.58	57.58	58.97	58.97	58.97	58.97	52.08	56.5	58.62	56.97	55.21	55.21	55.21	55.21	50.22	49.18	48.71	46.79	51.86	49.58	48.04	52.55	53.62	52.06	53.73	55.61	55.07	51.81	53.23	58.15	54.43	53.39	54.73	55.17	53.6	53.26	50.23	50.19	52.14	55.58	54.41	50.62	49.02	47.85	52.89	54.98	53.82	54.17	51.24	52.71	55.73	50.51	53.84	52.69	48.72	49.8	49.19	52.21	53.36	51.82	52.61	50.12	49.77	53.25	53.17	51.39	50.69	48.44	53.81	50.04	56.19	52.84	53.57	52.94	55.22	55.86	53.58	54.13	54.88	60.54	60.35	61.93	58.44	57.13	56.99	54.1	52.46	52.45	53.04	54.66	51.79	50.95	48.91	49.78	53.86	56.62	54.35	57.99	54.09	55.05	53.22	49.91	53.28	52.87	50.09	49.44	49.98	52.22	52.22	54.24	54.04	48.83	54.03	54.97
zone2_00092	2	2026/04/28 18:45	5	0.1	51.44	51.87	51.77	54.75	56.56	56.35	55.82	55.41	56.3	54.78	60.58	58.36	59.05	57.42	57.42	56.74	57.35	55.79	52.97	52.12	56.24	61.1	56.95	55.38	53.86	50.52	51.16	56.49	56.49	59.54	56.24	53.76	52.94	57.48	57.25	55.69	55.1	52.44	49.41	49.41	56.26	57.46	55.67	52.09	55.67	56.67	56.67	56.2	52.78	52.78	59.95	59.95	57.16	56.12	54.35	57.21	57.5	57.49	57.49	57.49	57.49	62.63	62.63	62.63	62.63	62.63	62.63	62.63	56.03	56.03	58.5	55.52	55.52	55.52	55.52	55.52	57.41	57.41	56.04	57.58	57.58	57.58	57.58	58.97	58.97	58.97	58.97	52.08	56.5	58.62	56.97	55.21	55.21	55.21	55.21	55.21	55.21	58.34	58.34	58.34	49.58	48.04	52.55	53.62	52.06	53.73	55.61	55.07	51.81	53.23	58.15	54.43	53.39	54.73	55.17	53.6	53.26	50.23	50.19	52.14	55.58	54.41	50.62	49.02	47.85	52.89	54.98	53.82	54.17	51.24	52.71	55.73	50.51	53.84	52.69	48.72	49.8	49.19	52.21	53.36	51.82	52.61	50.12	49.77	53.25	53.25	53.25	54.18	54.18	54.18	50.04	56.19	52.84	53.57	52.94	55.22	55.86	53.58	54.13	54.88	60.54	60.35	61.93	58.44	57.13	56.99	54.1	52.46	52.45	53.04	54.66	51.79	50.95	48.91	49.78	53.86	56.62	54.35	57.99	54.09	55.05	53.22	49.91	53.28	52.87	50.09	49.44	49.98	52.22	52.22	54.24	54.04	48.83	54.03	54.97	53.67	52.9	50.32	57.89	55.76
zone2_00093	2	2026/04/28 18:45	5	0.1	56.35	55.82	55.41	56.3	54.78	60.58	58.36	59.05	57.42	57.42	56.74	57.35	55.79	52.97	52.12	56.24	61.1	56.95	55.38	53.86	50.52	51.16	56.49	56.49	59.54	56.24	53.76	52.94	57.48	57.25	55.69	55.1	52.44	49.41	49.41	56.26	57.46	55.67	52.09	55.67	56.67	56.67	56.2	52.78	52.78	51.35	50.99	54.67	56.12	54.73	57.21	57.5	57.49	57.49	57.49	57.49	62.63	62.63	62.63	62.63	62.63	62.63	62.63	56.03	56.03	58.5	55.52	55.52	55.52	55.52	55.52	57.41	57.41	56.04	57.58	57.58	57.58	57.58	58.97	58.97	58.97	58.97	52.08	56.5	58.62	56.97	55.21	55.21	55.21	55.21	55.21	55.21	58.34	58.34	58.34	58.34	59.53	55.08	65.91	63.32	53.73	55.61	55.07	51.81	53.23	58.15	54.43	53.39	54.73	55.17	53.6	53.26	50.23	50.19	52.14	55.58	54.41	50.62	49.02	47.85	52.89	54.98	53.82	54.17	51.24	52.71	55.73	50.51	53.84	52.69	48.72	49.8	49.19	52.21	53.36	51.82	52.61	50.12	49.77	53.25	53.25	53.25	54.18	54.18	54.18	53.08	51.34	54.25	53.29	55.09	55.22	55.86	53.58	54.13	54.88	60.54	60.35	61.93	58.44	57.13	56.99	54.1	52.46	52.45	53.04	54.66	51.79	50.95	48.91	49.78	53.86	56.62	54.35	57.99	54.09	55.05	53.22	49.91	53.28	52.87	50.09	49.44	49.98	52.22	52.22	54.24	54.04	48.83	54.03	54.97	53.67	52.9	50.32	57.89	55.76	55.24	60.32	58.57	55.11	59.14
zone2_00094	2	2026/04/28 18:45	5	0.1	60.58	58.36	59.05	57.42	57.42	56.74	57.35	55.79	52.97	52.12	56.24	61.1	56.95	55.38	53.86	50.52	51.16	56.49	56.49	59.54	56.24	53.76	52.94	57.48	57.25	55.69	55.1	52.44	49.41	49.41	56.26	57.46	55.67	52.09	55.67	56.67	56.67	56.2	52.78	52.78	51.35	50.99	54.67	56.12	54.73	55.65	56.59	56.04	49.68	48.08	57.49	62.63	62.63	62.63	62.63	62.63	62.63	62.63	56.03	56.03	58.5	55.52	55.52	55.52	55.52	55.52	57.41	57.41	56.04	57.58	57.58	57.58	57.58	58.97	58.97	58.97	58.97	52.08	56.5	58.62	56.97	55.21	55.21	55.21	55.21	55.21	55.21	58.34	58.34	58.34	58.34	59.53	55.08	65.91	63.32	52.74	53.66	52.1	52.24	54.47	58.15	54.43	53.39	54.73	55.17	53.6	53.26	50.23	50.19	52.14	55.58	54.41	50.62	49.02	47.85	52.89	54.98	53.82	54.17	51.24	52.71	55.73	50.51	53.84	52.69	48.72	49.8	49.19	52.21	53.36	51.82	52.61	50.12	49.77	53.25	53.25	53.25	54.18	54.18	54.18	53.08	51.34	54.25	53.29	55.09	52.2	48.39	45.22	52.86	49.1	60.54	60.35	61.93	58.44	57.13	56.99	54.1	52.46	52.45	53.04	54.66	51.79	50.95	48.91	49.78	53.86	56.62	54.35	57.99	54.09	55.05	53.22	49.91	53.28	52.87	50.09	49.44	49.98	52.22	52.22	54.24	54.04	48.83	54.03	54.97	53.67	52.9	50.32	57.89	55.76	55.24	60.32	58.57	55.11	59.14	52.45	51.74	48.7	52.61	50.16
zone2_00095	2	2026/04/28 18:45	5	0.1	56.74	57.35	55.79	52.97	52.12	56.24	61.1	56.95	55.38	53.86	50.52	51.16	56.49	56.49	59.54	56.24	53.76	52.94	57.48	57.25	55.69	55.1	52.44	49.41	49.41	56.26	57.46	55.67	52.09	55.67	56.67	56.67	56.2	52.78	52.78	51.35	50.99	54.67	56.12	54.73	55.65	56.59	56.04	49.68	48.08	51	50.31	50.31	53.65	54.62	62.63	62.63	62.63	56.03	56.03	58.5	55.52	55.52	55.52	55.52	55.52	57.41	57.41	56.04	57.58	57.58	57.58	57.58	58.97	58.97	58.97	58.97	52.08	56.5	58.62	56.97	55.21	55.21	55.21	55.21	55.21	55.21	58.34	58.34	58.34	58.34	59.53	55.08	65.91	63.32	52.74	53.66	52.1	52.24	54.47	53.34	55.96	55.96	55.96	55.96	53.6	53.26	50.23	50.19	52.14	55.58	54.41	50.62	49.02	47.85	52.89	54.98	53.82	54.17	51.24	52.71	55.73	50.51	53.84	52.69	48.72	49.8	49.19	52.21	53.36	51.82	52.61	50.12	49.77	53.25	53.25	53.25	54.18	54.18	54.18	53.08	51.34	54.25	53.29	55.09	52.2	48.39	45.22	52.86	49.1	47.27	53.06	53.88	48.59	52.52	56.99	54.1	52.46	52.45	53.04	54.66	51.79	50.95	48.91	49.78	53.86	56.62	54.35	57.99	54.09	55.05	53.22	49.91	53.28	52.87	50.09	49.44	49.98	52.22	52.22	54.24	54.04	48.83	54.03	54.97	53.67	52.9	50.32	57.89	55.76	55.24	60.32	58.57	55.11	59.14	52.45	51.74	48.7	52.61	50.16	49.59	55.48	56.27	51.02	52.62
zone2_00096	2	2026/04/28 18:45	5	0.1	56.24	61.1	56.95	55.38	53.86	50.52	51.16	56.49	56.49	59.54	56.24	53.76	52.94	57.48	57.25	55.69	55.1	52.44	49.41	49.41	56.26	57.46	55.67	52.09	55.67	56.67	56.67	56.2	52.78	52.78	51.35	50.99	54.67	56.12	54.73	55.65	56.59	56.04	49.68	48.08	51	50.31	50.31	53.65	54.62	53.83	51.26	53.62	53.62	54.47	58.5	55.52	55.52	55.52	55.52	55.52	57.41	57.41	56.04	57.58	57.58	57.58	57.58	58.97	58.97	58.97	58.97	52.08	56.5	58.62	56.97	55.21	55.21	55.21	55.21	55.21	55.21	58.34	58.34	58.34	58.34	59.53	55.08	65.91	63.32	52.74	53.66	52.1	52.24	54.47	53.34	55.96	55.96	55.96	55.96	55.96	55.96	58.16	58.16	58.16	55.58	54.41	50.62	49.02	47.85	52.89	54.98	53.82	54.17	51.24	52.71	55.73	50.51	53.84	52.69	48.72	49.8	49.19	52.21	53.36	51.82	52.61	50.12	49.77	53.25	53.25	53.25	54.18	54.18	54.18	53.08	51.34	54.25	53.29	55.09	52.2	48.39	45.22	52.86	49.1	47.27	53.06	53.88	48.59	52.52	53.21	53.21	52.83	52.83	52.83	54.66	51.79	50.95	48.91	49.78	53.86	56.62	54.35	57.99	54.09	55.05	53.22	49.91	53.28	52.87	50.09	49.44	49.98	52.22	52.22	54.24	54.04	48.83	54.03	54.97	53.67	52.9	50.32	57.89	55.76	55.24	60.32	58.57	55.11	59.14	52.45	51.74	48.7	52.61	50.16	49.59	55.48	56.27	51.02	52.62	51.36	53.72	53.13	54.28	54.65
zone2_00097	2	2026/04/28 18:45	5	0.1	50.52	51.16	56.49	56.49	59.54	56.24	53.76	52.94	57.48	57.25	55.69	55.1	52.44	49.41	49.41	56.26	57.46	55.67	52.09	55.67	56.67	56.67	56.2	52.78	52.78	51.35	50.99	54.67	56.12	54.73	55.65	56.59	56.04	49.68	48.08	51	50.31	50.31	53.65	54.62	53.83	51.26	53.62	53.62	54.47	54.05	54.81	55.69	57.02	57.21	55.52	57.41	57.41	56.04	57.58	57.58	57.58	57.58	58.97	58.97	58.97	58.97	52.08	56.5	58.62	56.97	55.21	55.21	55.21	55.21	55.21	55.21	58.34	58.34	58.34	58.34	59.53	55.08	65.91	63.32	52.74	53.66	52.1	52.24	54.47	53.34	55.96	55.96	55.96	55.96	55.96	55.96	58.16	58.16	58.16	58.16	61.2	61.2	61.2	61.2	52.89	54.98	53.82	54.17	51.24	52.71	55.73	50.51	53.84	52.69	48.72	49.8	49.19	52.21	53.36	51.82	52.61	50.12	49.77	53.25	53.25	53.25	54.18	54.18	54.18	53.08	51.34	54.25	53.29	55.09	52.2	48.39	45.22	52.86	49.1	47.27	53.06	53.88	48.59	52.52	53.21	53.21	52.83	52.83	52.83	53.89	53.89	53.89	51.02	51.02	53.86	56.62	54.35	57.99	54.09	55.05	53.22	49.91	53.28	52.87	50.09	49.44	49.98	52.22	52.22	54.24	54.04	48.83	54.03	54.97	53.67	52.9	50.32	57.89	55.76	55.24	60.32	58.57	55.11	59.14	52.45	51.74	48.7	52.61	50.16	49.59	55.48	56.27	51.02	52.62	51.36	53.72	53.13	54.28	54.65	53.48	55.47	58.58	56.28	57.19
zone2_00098	2	2026/04/28 18:45	5	0.1	56.24	53.76	52.94	57.48	57.25	55.69	55.1	52.44	49.41	49.41	56.26	57.46	55.67	52.09	55.67	56.67	56.67	56.2	52.78	52.78	51.35	50.99	54.67	56.12	54.73	55.65	56.59	56.04	49.68	48.08	51	50.31	50.31	53.65	54.62	53.83	51.26	53.62	53.62	54.47	54.05	54.81	55.69	57.02	57.21	55.86	56.45	56.95	57.06	59.71	57.58	57.58	57.58	58.97	58.97	58.97	58.97	52.08	56.5	58.62	56.97	55.21	55.21	55.21	55.21	55.21	55.21	58.34	58.34	58.34	58.34	59.53	55.08	65.91	63.32	52.74	53.66	52.1	52.24	54.47	53.34	55.96	55.96	55.96	55.96	55.96	55.96	58.16	58.16	58.16	58.16	61.2	61.2	61.2	61.2	61.21	61.21	61.21	55.16	55.16	52.71	55.73	50.51	53.84	52.69	48.72	49.8	49.19	52.21	53.36	51.82	52.61	50.12	49.77	53.25	53.25	53.25	54.18	54.18	54.18	53.08	51.34	54.25	53.29	55.09	52.2	48.39	45.22	52.86	49.1	47.27	53.06	53.88	48.59	52.52	53.21	53.21	52.83	52.83	52.83	53.89	53.89	53.89	51.02	51.02	51.02	55.95	54.56	51.91	51.3	55.05	53.22	49.91	53.28	52.87	50.09	49.44	49.98	52.22	52.22	54.24	54.04	48.83	54.03	54.97	53.67	52.9	50.32	57.89	55.76	55.24	60.32	58.57	55.11	59.14	52.45	51.74	48.7	52.61	50.16	49.59	55.48	56.27	51.02	52.62	51.36	53.72	53.13	54.28	54.65	53.48	55.47	58.58	56.28	57.19	57.71	59.51	55.14	51.15	53.02
zone2_00099	2	2026/04/28 18:45	5	0.1	55.69	55.1	52.44	49.41	49.41	56.26	57.46	55.67	52.09	55.67	56.67	56.67	56.2	52.78	52.78	51.35	50.99	54.67	56.12	54.73	55.65	56.59	56.04	49.68	48.08	51	50.31	50.31	53.65	54.62	53.83	51.26	53.62	53.62	54.47	54.05	54.81	55.69	57.02	57.21	55.86	56.45	56.95	57.06	59.71	56.73	59.32	59.32	57.09	56.99	58.97	58.97	52.08	56.5	58.62	56.97	55.21	55.21	55.21	55.21	55.21	55.21	58.34	58.34	58.34	58.34	59.53	55.08	65.91	63.32	52.74	53.66	52.1	52.24	54.47	53.34	55.96	55.96	55.96	55.96	55.96	55.96	58.16	58.16	58.16	58.16	61.2	61.2	61.2	61.2	61.21	61.21	61.21	55.16	55.16	55.16	55.16	57.18	57.18	55.66	48.72	49.8	49.19	52.21	53.36	51.82	52.61	50.12	49.77	53.25	53.25	53.25	54.18	54.18	54.18	53.08	51.34	54.25	53.29	55.09	52.2	48.39	45.22	52.86	49.1	47.27	53.06	53.88	48.59	52.52	53.21	53.21	52.83	52.83	52.83	53.89	53.89	53.89	51.02	51.02	51.02	55.95	54.56	51.91	51.3	52.28	53.97	52.72	51.44	54.35	50.09	49.44	49.98	52.22	52.22	54.24	54.04	48.83	54.03	54.97	53.67	52.9	50.32	57.89	55.76	55.24	60.32	58.57	55.11	59.14	52.45	51.74	48.7	52.61	50.16	49.59	55.48	56.27	51.02	52.62	51.36	53.72	53.13	54.28	54.65	53.48	55.47	58.58	56.28	57.19	57.71	59.51	55.14	51.15	53.02	56.38	57.06	54.51	48.68	54.64
zone2_00100	2	2026/04/28 18:45	5	0.1	56.26	57.46	55.67	52.09	55.67	56.67	56.67	56.2	52.78	52.78	51.35	50.99	54.67	56.12	54.73	55.65	56.59	56.04	49.68	48.08	51	50.31	50.31	53.65	54.62	53.83	51.26	53.62	53.62	54.47	54.05	54.81	55.69	57.02	57.21	55.86	56.45	56.95	57.06	59.71	56.73	59.32	59.32	57.09	56.99	54.82	54.52	56.77	54.31	54.29	56.97	55.21	55.21	55.21	55.21	55.21	55.21	58.34	58.34	58.34	58.34	59.53	55.08	65.91	63.32	52.74	53.66	52.1	52.24	54.47	53.34	55.96	55.96	55.96	55.96	55.96	55.96	58.16	58.16	58.16	58.16	61.2	61.2	61.2	61.2	61.21	61.21	61.21	55.16	55.16	55.16	55.16	57.18	57.18	55.66	57.68	57.45	56.59	59.98	59.98	51.82	52.61	50.12	49.77	53.25	53.25	53.25	54.18	54.18	54.18	53.08	51.34	54.25	53.29	55.09	52.2	48.39	45.22	52.86	49.1	47.27	53.06	53.88	48.59	52.52	53.21	53.21	52.83	52.83	52.83	53.89	53.89	53.89	51.02	51.02	51.02	55.95	54.56	51.91	51.3	52.28	53.97	52.72	51.44	54.35	51.96	50.21	53.55	53.23	53.66	54.24	54.04	48.83	54.03	54.97	53.67	52.9	50.32	57.89	55.76	55.24	60.32	58.57	55.11	59.14	52.45	51.74	48.7	52.61	50.16	49.59	55.48	56.27	51.02	52.62	51.36	53.72	53.13	54.28	54.65	53.48	55.47	58.58	56.28	57.19	57.71	59.51	55.14	51.15	53.02	56.38	57.06	54.51	48.68	54.64	54.43	54.03	55.76	55.27	57.06
zone3_00001	3	2026/04/28 18:45	5	0.1	54.2	58.93	52.58	52.52	55.76	56.34	56.88	54.05	54.53	55.1	54.65	53.19	54.01	53.86	52.18	55	57.76	53.76	56.69	53.91	53.97	53.39	51.79	56.52	53.13	55.66	56.15	52.92	51.59	54.87	57.63	51.84	52.38	56.43	56.6	54.42	54.22	50.69	50.48	52.29	58.22	58.54	51.2	52.98	50.2	49.66	54.27	53.36	53.15	49.9	59.58	58.97	53.91	54.56	61.14	60.28	60.75	58.8	58.35	58.35	58.35	58.35	58.35	58.35	56.94	59.89	57.05	59.42	62.69	60.5	58.63	57.1	60.4	64.18	60.92	67.45	63.3	62.77	60.42	62.53	65.29	60.79	62.02	68.26	62.88	66.7	66.3	61.34	63.63	65.73	68.66	70.1	64.14	64.8	63.24	61.07	66.53	66.93	64.07	66.7	54.73	53.39	50.05	50.34	54.87	54.63	53.48	52.15	54.09	56.36	53.28	53.02	53.69	52.53	50.83	55.27	55.52	52.3	54.12	55.11	51.54	48.87	51.07	54.62	51.76	53.2	54.25	50.11	48.42	51.12	53.1	49.16	48.16	55.69	50.61	50.69	52.02	48.32	50.05	55.47	56.47	56.1	48.74	51.83	47.91	47.12	50.89	52.88	48.68	49.86	56.3	56.52	50.54	52.71	53.61	57	53.86	53.33	53.53	54.17	53.45	52.5	51.9	50.82	50.03	52.62	56.83	51.66	57.84	54.1	53.32	49.79	54.81	54.78	52.65	58.17	57.5	53.27	52.11	54.52	57.5	50.66	49.44	59.84	55.55	51.63	56.34	48.95	52.71	57.96	57.54	58.58	51.33	53.53	51.36	51.44	56.73	55.86	52.49	52.4
zone3_00002	3	2026/04/28 18:45	5	0.1	56.34	56.88	54.05	54.53	55.1	54.65	53.19	54.01	53.86	52.18	55	57.76	53.76	56.69	53.91	53.97	53.39	51.79	56.52	53.13	55.66	56.15	52.92	51.59	54.87	57.63	51.84	52.38	56.43	56.6	54.42	54.22	50.69	50.48	52.29	58.22	58.54	51.2	52.98	50.2	49.66	54.27	53.36	53.15	49.9	56.49	55.66	52.19	51.15	51.27	60.28	60.75	58.8	58.35	58.35	58.35	58.35	58.35	58.35	56.94	59.89	57.05	59.42	62.69	60.5	58.63	57.1	60.4	64.18	60.92	67.45	63.3	62.77	60.42	62.53	65.29	60.79	62.02	68.26	62.88	66.7	66.3	61.34	63.63	65.73	68.66	70.1	64.14	64.8	63.24	61.07	66.53	66.93	64.07	66.7	68.21	67.33	65.13	63.03	65.17	54.63	53.48	52.15	54.09	56.36	53.28	53.02	53.69	52.53	50.83	55.27	55.52	52.3	54.12	55.11	51.54	48.87	51.07	54.62	51.76	53.2	54.25	50.11	48.42	51.12	53.1	49.16	48.16	55.69	50.61	50.69	52.02	48.32	50.05	55.47	56.47	56.1	48.74	51.83	47.91	47.12	50.89	52.88	48.68	49.86	55.66	53.48	52	47.98	50.17	57	53.86	53.33	53.53	54.17	53.45	52.5	51.9	50.82	50.03	52.62	56.83	51.66	57.84	54.1	53.32	49.79	54.81	54.78	52.65	58.17	57.5	53.27	52.11	54.52	57.5	50.66	49.44	59.84	55.55	51.63	56.34	48.95	52.71	57.96	57.54	58.58	51.33	53.53	51.36	51.44	56.73	55.86	52.49	52.4	55.48	56.94	54.34	53.14	52.96
zone3_00003	3	2026/04/28 18:45	5	0.1	54.65	53.19	54.01	53.86	52.18	55	57.76	53.76	56.69	53.91	53.97	53.39	51.79	56.52	53.13	55.66	56.15	52.92	51.59	54.87	57.63	51.84	52.38	56.43	56.6	54.42	54.22	50.69	50.48	52.29	58.22	58.54	51.2	52.98	50.2	49.66	54.27	53.36	53.15	49.9	56.49	55.66	52.19	51.15	51.27	50.77	48.31	53.19	48.94	48.94	58.35	58.35	58.35	58.35	56.94	59.89	57.05	59.42	62.69	60.5	58.63	57.1	60.4	64.18	60.92	67.45	63.3	62.77	60.42	62.53	65.29	60.79	62.02	68.26	62.88	66.7	66.3	61.34	63.63	65.73	68.66	70.1	64.14	64.8	63.24	61.07	66.53	66.93	64.07	66.7	68.21	67.33	65.13	63.03	65.17	64.9	64.9	64.9	64.9	63.09	53.28	53.02	53.69	52.53	50.83	55.27	55.52	52.3	54.12	55.11	51.54	48.87	51.07	54.62	51.76	53.2	54.25	50.11	48.42	51.12	53.1	49.16	48.16	55.69	50.61	50.69	52.02	48.32	50.05	55.47	56.47	56.1	48.74	51.83	47.91	47.12	50.89	52.88	48.68	49.86	55.66	53.48	52	47.98	50.17	47.44	51.07	50.76	47.4	49.17	53.45	52.5	51.9	50.82	50.03	52.62	56.83	51.66	57.84	54.1	53.32	49.79	54.81	54.78	52.65	58.17	57.5	53.27	52.11	54.52	57.5	50.66	49.44	59.84	55.55	51.63	56.34	48.95	52.71	57.96	57.54	58.58	51.33	53.53	51.36	51.44	56.73	55.86	52.49	52.4	55.48	56.94	54.34	53.14	52.96	50.31	56.77	58.78	50.55	55.79
zone3_00004	3	2026/04/28 18:45	5	0.1	55	57.76	53.76	56.69	53.91	53.97	53.39	51.79	56.52	53.13	55.66	56.15	52.92	51.59	54.87	57.63	51.84	52.38	56.43	56.6	54.42	54.22	50.69	50.48	52.29	58.22	58.54	51.2	52.98	50.2	49.66	54.27	53.36	53.15	49.9	56.49	55.66	52.19	51.15	51.27	50.77	48.31	53.19	48.94	48.94	52.23	52.97	52.46	53.22	48.42	59.89	57.05	59.42	62.69	60.5	58.63	57.1	60.4	64.18	60.92	67.45	63.3	62.77	60.42	62.53	65.29	60.79	62.02	68.26	62.88	66.7	66.3	61.34	63.63	65.73	68.66	70.1	64.14	64.8	63.24	61.07	66.53	66.93	64.07	66.7	68.21	67.33	65.13	63.03	65.17	64.9	64.9	64.9	64.9	63.09	63.09	63.09	66.05	62.92	71.91	55.27	55.52	52.3	54.12	55.11	51.54	48.87	51.07	54.62	51.76	53.2	54.25	50.11	48.42	51.12	53.1	49.16	48.16	55.69	50.61	50.69	52.02	48.32	50.05	55.47	56.47	56.1	48.74	51.83	47.91	47.12	50.89	52.88	48.68	49.86	55.66	53.48	52	47.98	50.17	47.44	51.07	50.76	47.4	49.17	50.94	51.36	51.39	48.24	53.46	52.62	56.83	51.66	57.84	54.1	53.32	49.79	54.81	54.78	52.65	58.17	57.5	53.27	52.11	54.52	57.5	50.66	49.44	59.84	55.55	51.63	56.34	48.95	52.71	57.96	57.54	58.58	51.33	53.53	51.36	51.44	56.73	55.86	52.49	52.4	55.48	56.94	54.34	53.14	52.96	50.31	56.77	58.78	50.55	55.79	55.24	55.99	51.42	52.9	57.49
zone3_00005	3	2026/04/28 18:45	5	0.1	53.97	53.39	51.79	56.52	53.13	55.66	56.15	52.92	51.59	54.87	57.63	51.84	52.38	56.43	56.6	54.42	54.22	50.69	50.48	52.29	58.22	58.54	51.2	52.98	50.2	49.66	54.27	53.36	53.15	49.9	56.49	55.66	52.19	51.15	51.27	50.77	48.31	53.19	48.94	48.94	52.23	52.97	52.46	53.22	48.42	53.72	53.81	54.35	53.8	57.86	58.63	57.1	60.4	64.18	60.92	67.45	63.3	62.77	60.42	62.53	65.29	60.79	62.02	68.26	62.88	66.7	66.3	61.34	63.63	65.73	68.66	70.1	64.14	64.8	63.24	61.07	66.53	66.93	64.07	66.7	68.21	67.33	65.13	63.03	65.17	64.9	64.9	64.9	64.9	63.09	63.09	63.09	66.05	62.92	71.91	68.92	68.49	73.06	68.42	72.04	51.54	48.87	51.07	54.62	51.76	53.2	54.25	50.11	48.42	51.12	53.1	49.16	48.16	55.69	50.61	50.69	52.02	48.32	50.05	55.47	56.47	56.1	48.74	51.83	47.91	47.12	50.89	52.88	48.68	49.86	55.66	53.48	52	47.98	50.17	47.44	51.07	50.76	47.4	49.17	50.94	51.36	51.39	48.24	53.46	53.1	51.46	56.24	53.36	54.87	53.32	49.79	54.81	54.78	52.65	58.17	57.5	53.27	52.11	54.52	57.5	50.66	49.44	59.84	55.55	51.63	56.34	48.95	52.71	57.96	57.54	58.58	51.33	53.53	51.36	51.44	56.73	55.86	52.49	52.4	55.48	56.94	54.34	53.14	52.96	50.31	56.77	58.78	50.55	55.79	55.24	55.99	51.42	52.9	57.49	55.72	54.69	58.37	56.29	56.02
zone3_00006	3	2026/04/28 18:45	5	0.1	55.66	56.15	52.92	51.59	54.87	57.63	51.84	52.38	56.43	56.6	54.42	54.22	50.69	50.48	52.29	58.22	58.54	51.2	52.98	50.2	49.66	54.27	53.36	53.15	49.9	56.49	55.66	52.19	51.15	51.27	50.77	48.31	53.19	48.94	48.94	52.23	52.97	52.46	53.22	48.42	53.72	53.81	54.35	53.8	57.86	57.46	54.64	57.05	50.59	50.61	67.45	63.3	62.77	60.42	62.53	65.29	60.79	62.02	68.26	62.88	66.7	66.3	61.34	63.63	65.73	68.66	70.1	64.14	64.8	63.24	61.07	66.53	66.93	64.07	66.7	68.21	67.33	65.13	63.03	65.17	64.9	64.9	64.9	64.9	63.09	63.09	63.09	66.05	62.92	71.91	68.92	68.49	73.06	68.42	72.04	72.16	70.91	68.14	66.06	65.33	53.2	54.25	50.11	48.42	51.12	53.1	49.16	48.16	55.69	50.61	50.69	52.02	48.32	50.05	55.47	56.47	56.1	48.74	51.83	47.91	47.12	50.89	52.88	48.68	49.86	55.66	53.48	52	47.98	50.17	47.44	51.07	50.76	47.4	49.17	50.94	51.36	51.39	48.24	53.46	53.1	51.46	56.24	53.36	54.87	55.15	53.83	52.34	48.13	50.7	58.17	57.5	53.27	52.11	54.52	57.5	50.66	49.44	59.84	55.55	51.63	56.34	48.95	52.71	57.96	57.54	58.58	51.33	53.53	51.36	51.44	56.73	55.86	52.49	52.4	55.48	56.94	54.34	53.14	52.96	50.31	56.77	58.78	50.55	55.79	55.24	55.99	51.42	52.9	57.49	55.72	54.69	58.37	56.29	56.02	56.35	55.81	56.73	52.62	53.37
zone3_00007	3	2026/04/28 18:45	5	0.1	57.63	51.84	52.38	56.43	56.6	54.42	54.22	50.69	50.48	52.29	58.22	58.54	51.2	52.98	50.2	49.66	54.27	53.36	53.15	49.9	56.49	55.66	52.19	51.15	51.27	50.77	48.31	53.19	48.94	48.94	52.23	52.97	52.46	53.22	48.42	53.72	53.81	54.35	53.8	57.86	57.46	54.64	57.05	50.59	50.61	38.49	33.85	37.02	33.96	33.13	65.29	60.79	62.02	68.26	62.88	66.7	66.3	61.34	63.63	65.73	68.66	70.1	64.14	64.8	63.24	61.07	66.53	66.93	64.07	66.7	68.21	67.33	65.13	63.03	65.17	64.9	64.9	64.9	64.9	63.09	63.09	63.09	66.05	62.92	71.91	68.92	68.49	73.06	68.42	72.04	72.16	70.91	68.14	66.06	65.33	37.37	36.44	38.7	44.44	52.24	53.1	49.16	48.16	55.69	50.61	50.69	52.02	48.32	50.05	55.47	56.47	56.1	48.74	51.83	47.91	47.12	50.89	52.88	48.68	49.86	55.66	53.48	52	47.98	50.17	47.44	51.07	50.76	47.4	49.17	50.94	51.36	51.39	48.24	53.46	53.1	51.46	56.24	53.36	54.87	55.15	53.83	52.34	48.13	50.7	35.02	32.58	38.92	36	34.47	57.5	50.66	49.44	59.84	55.55	51.63	56.34	48.95	52.71	57.96	57.54	58.58	51.33	53.53	51.36	51.44	56.73	55.86	52.49	52.4	55.48	56.94	54.34	53.14	52.96	50.31	56.77	58.78	50.55	55.79	55.24	55.99	51.42	52.9	57.49	55.72	54.69	58.37	56.29	56.02	56.35	55.81	56.73	52.62	53.37	34.81	32.48	31.83	31.99	33.03
zone3_00008	3	2026/04/28 18:45	5	0.1	54.42	54.22	50.69	50.48	52.29	58.22	58.54	51.2	52.98	50.2	49.66	54.27	53.36	53.15	49.9	56.49	55.66	52.19	51.15	51.27	50.77	48.31	53.19	48.94	48.94	52.23	52.97	52.46	53.22	48.42	53.72	53.81	54.35	53.8	57.86	57.46	54.64	57.05	50.59	50.61	38.49	33.85	37.02	33.96	33.13	50.11	48.73	47.14	47.91	49.76	66.7	66.3	61.34	63.63	65.73	68.66	70.1	64.14	64.8	63.24	61.07	66.53	66.93	64.07	66.7	68.21	67.33	65.13	63.03	65.17	64.9	64.9	64.9	64.9	63.09	63.09	63.09	66.05	62.92	71.91	68.92	68.49	73.06	68.42	72.04	72.16	70.91	68.14	66.06	65.33	37.37	36.44	38.7	44.44	52.24	64.96	63.97	63.86	61.91	64.35	50.69	52.02	48.32	50.05	55.47	56.47	56.1	48.74	51.83	47.91	47.12	50.89	52.88	48.68	49.86	55.66	53.48	52	47.98	50.17	47.44	51.07	50.76	47.4	49.17	50.94	51.36	51.39	48.24	53.46	53.1	51.46	56.24	53.36	54.87	55.15	53.83	52.34	48.13	50.7	35.02	32.58	38.92	36	34.47	47.98	48.1	47.85	44.78	48.29	51.63	56.34	48.95	52.71	57.96	57.54	58.58	51.33	53.53	51.36	51.44	56.73	55.86	52.49	52.4	55.48	56.94	54.34	53.14	52.96	50.31	56.77	58.78	50.55	55.79	55.24	55.99	51.42	52.9	57.49	55.72	54.69	58.37	56.29	56.02	56.35	55.81	56.73	52.62	53.37	34.81	32.48	31.83	31.99	33.03	53.17	50.37	49.59	48.54	50.51
zone3_00009	3	2026/04/28 18:45	5	0.1	58.22	58.54	51.2	52.98	50.2	49.66	54.27	53.36	53.15	49.9	56.49	55.66	52.19	51.15	51.27	50.77	48.31	53.19	48.94	48.94	52.23	52.97	52.46	53.22	48.42	53.72	53.81	54.35	53.8	57.86	57.46	54.64	57.05	50.59	50.61	38.49	33.85	37.02	33.96	33.13	50.11	48.73	47.14	47.91	49.76	48.51	46.8	45.08	47.72	44.95	68.66	70.1	64.14	64.8	63.24	61.07	66.53	66.93	64.07	66.7	68.21	67.33	65.13	63.03	65.17	64.9	64.9	64.9	64.9	63.09	63.09	63.09	66.05	62.92	71.91	68.92	68.49	73.06	68.42	72.04	72.16	70.91	68.14	66.06	65.33	37.37	36.44	38.7	44.44	52.24	64.96	63.97	63.86	61.91	64.35	63.39	60.99	64.96	66.62	58.29	56.47	56.1	48.74	51.83	47.91	47.12	50.89	52.88	48.68	49.86	55.66	53.48	52	47.98	50.17	47.44	51.07	50.76	47.4	49.17	50.94	51.36	51.39	48.24	53.46	53.1	51.46	56.24	53.36	54.87	55.15	53.83	52.34	48.13	50.7	35.02	32.58	38.92	36	34.47	47.98	48.1	47.85	44.78	48.29	47.59	46.7	47.57	48.79	45.07	57.54	58.58	51.33	53.53	51.36	51.44	56.73	55.86	52.49	52.4	55.48	56.94	54.34	53.14	52.96	50.31	56.77	58.78	50.55	55.79	55.24	55.99	51.42	52.9	57.49	55.72	54.69	58.37	56.29	56.02	56.35	55.81	56.73	52.62	53.37	34.81	32.48	31.83	31.99	33.03	53.17	50.37	49.59	48.54	50.51	50.06	50.22	49.74	51.44	47.95
zone3_00010	3	2026/04/28 18:45	5	0.1	49.66	54.27	53.36	53.15	49.9	56.49	55.66	52.19	51.15	51.27	50.77	48.31	53.19	48.94	48.94	52.23	52.97	52.46	53.22	48.42	53.72	53.81	54.35	53.8	57.86	57.46	54.64	57.05	50.59	50.61	38.49	33.85	37.02	33.96	33.13	50.11	48.73	47.14	47.91	49.76	48.51	46.8	45.08	47.72	44.95	48.69	47.87	42.52	48	47.47	61.07	66.53	66.93	64.07	66.7	68.21	67.33	65.13	63.03	65.17	64.9	64.9	64.9	64.9	63.09	63.09	63.09	66.05	62.92	71.91	68.92	68.49	73.06	68.42	72.04	72.16	70.91	68.14	66.06	65.33	37.37	36.44	38.7	44.44	52.24	64.96	63.97	63.86	61.91	64.35	63.39	60.99	64.96	66.62	58.29	61.37	62.94	59.62	62.55	62.73	47.12	50.89	52.88	48.68	49.86	55.66	53.48	52	47.98	50.17	47.44	51.07	50.76	47.4	49.17	50.94	51.36	51.39	48.24	53.46	53.1	51.46	56.24	53.36	54.87	55.15	53.83	52.34	48.13	50.7	35.02	32.58	38.92	36	34.47	47.98	48.1	47.85	44.78	48.29	47.59	46.7	47.57	48.79	45.07	47.82	49.21	43.63	47.41	46.76	51.44	56.73	55.86	52.49	52.4	55.48	56.94	54.34	53.14	52.96	50.31	56.77	58.78	50.55	55.79	55.24	55.99	51.42	52.9	57.49	55.72	54.69	58.37	56.29	56.02	56.35	55.81	56.73	52.62	53.37	34.81	32.48	31.83	31.99	33.03	53.17	50.37	49.59	48.54	50.51	50.06	50.22	49.74	51.44	47.95	49.21	49.9	45.86	50.16	49.75
zone3_00011	3	2026/04/28 18:45	5	0.1	56.49	55.66	52.19	51.15	51.27	50.77	48.31	53.19	48.94	48.94	52.23	52.97	52.46	53.22	48.42	53.72	53.81	54.35	53.8	57.86	57.46	54.64	57.05	50.59	50.61	38.49	33.85	37.02	33.96	33.13	50.11	48.73	47.14	47.91	49.76	48.51	46.8	45.08	47.72	44.95	48.69	47.87	42.52	48	47.47	47.47	42.75	45.33	46.65	44.24	68.21	67.33	65.13	63.03	65.17	64.9	64.9	64.9	64.9	63.09	63.09	63.09	66.05	62.92	71.91	68.92	68.49	73.06	68.42	72.04	72.16	70.91	68.14	66.06	65.33	37.37	36.44	38.7	44.44	52.24	64.96	63.97	63.86	61.91	64.35	63.39	60.99	64.96	66.62	58.29	61.37	62.94	59.62	62.55	62.73	62.25	54.23	55.71	54.26	53.93	55.66	53.48	52	47.98	50.17	47.44	51.07	50.76	47.4	49.17	50.94	51.36	51.39	48.24	53.46	53.1	51.46	56.24	53.36	54.87	55.15	53.83	52.34	48.13	50.7	35.02	32.58	38.92	36	34.47	47.98	48.1	47.85	44.78	48.29	47.59	46.7	47.57	48.79	45.07	47.82	49.21	43.63	47.41	46.76	42.49	41.88	45.08	45.43	41.44	55.48	56.94	54.34	53.14	52.96	50.31	56.77	58.78	50.55	55.79	55.24	55.99	51.42	52.9	57.49	55.72	54.69	58.37	56.29	56.02	56.35	55.81	56.73	52.62	53.37	34.81	32.48	31.83	31.99	33.03	53.17	50.37	49.59	48.54	50.51	50.06	50.22	49.74	51.44	47.95	49.21	49.9	45.86	50.16	49.75	42.56	45.06	46.63	44.46	43.45
zone3_00012	3	2026/04/28 18:45	5	0.1	50.77	48.31	53.19	48.94	48.94	52.23	52.97	52.46	53.22	48.42	53.72	53.81	54.35	53.8	57.86	57.46	54.64	57.05	50.59	50.61	38.49	33.85	37.02	33.96	33.13	50.11	48.73	47.14	47.91	49.76	48.51	46.8	45.08	47.72	44.95	48.69	47.87	42.52	48	47.47	47.47	42.75	45.33	46.65	44.24	42.65	52.64	51	51.58	47.53	64.9	64.9	64.9	64.9	63.09	63.09	63.09	66.05	62.92	71.91	68.92	68.49	73.06	68.42	72.04	72.16	70.91	68.14	66.06	65.33	37.37	36.44	38.7	44.44	52.24	64.96	63.97	63.86	61.91	64.35	63.39	60.99	64.96	66.62	58.29	61.37	62.94	59.62	62.55	62.73	62.25	54.23	55.71	54.26	53.93	61.35	61.11	58	57.25	59.28	47.44	51.07	50.76	47.4	49.17	50.94	51.36	51.39	48.24	53.46	53.1	51.46	56.24	53.36	54.87	55.15	53.83	52.34	48.13	50.7	35.02	32.58	38.92	36	34.47	47.98	48.1	47.85	44.78	48.29	47.59	46.7	47.57	48.79	45.07	47.82	49.21	43.63	47.41	46.76	42.49	41.88	45.08	45.43	41.44	44.14	50.79	48.12	46.87	46.38	50.31	56.77	58.78	50.55	55.79	55.24	55.99	51.42	52.9	57.49	55.72	54.69	58.37	56.29	56.02	56.35	55.81	56.73	52.62	53.37	34.81	32.48	31.83	31.99	33.03	53.17	50.37	49.59	48.54	50.51	50.06	50.22	49.74	51.44	47.95	49.21	49.9	45.86	50.16	49.75	42.56	45.06	46.63	44.46	43.45	44.73	51.36	49.7	48.32	50.96
zone3_00013	3	2026/04/28 18:45	5	0.1	52.23	52.97	52.46	53.22	48.42	53.72	53.81	54.35	53.8	57.86	57.46	54.64	57.05	50.59	50.61	38.49	33.85	37.02	33.96	33.13	50.11	48.73	47.14	47.91	49.76	48.51	46.8	45.08	47.72	44.95	48.69	47.87	42.52	48	47.47	47.47	42.75	45.33	46.65	44.24	42.65	52.64	51	51.58	47.53	51.28	50.45	47.96	49.29	49.64	63.09	63.09	66.05	62.92	71.91	68.92	68.49	73.06	68.42	72.04	72.16	70.91	68.14	66.06	65.33	37.37	36.44	38.7	44.44	52.24	64.96	63.97	63.86	61.91	64.35	63.39	60.99	64.96	66.62	58.29	61.37	62.94	59.62	62.55	62.73	62.25	54.23	55.71	54.26	53.93	61.35	61.11	58	57.25	59.28	58.05	55.83	55.8	59.91	58.36	50.94	51.36	51.39	48.24	53.46	53.1	51.46	56.24	53.36	54.87	55.15	53.83	52.34	48.13	50.7	35.02	32.58	38.92	36	34.47	47.98	48.1	47.85	44.78	48.29	47.59	46.7	47.57	48.79	45.07	47.82	49.21	43.63	47.41	46.76	42.49	41.88	45.08	45.43	41.44	44.14	50.79	48.12	46.87	46.38	46.67	45.21	48.65	48.65	47.24	55.24	55.99	51.42	52.9	57.49	55.72	54.69	58.37	56.29	56.02	56.35	55.81	56.73	52.62	53.37	34.81	32.48	31.83	31.99	33.03	53.17	50.37	49.59	48.54	50.51	50.06	50.22	49.74	51.44	47.95	49.21	49.9	45.86	50.16	49.75	42.56	45.06	46.63	44.46	43.45	44.73	51.36	49.7	48.32	50.96	50.15	48.14	48.31	53.21	52.82
zone3_00014	3	2026/04/28 18:45	5	0.1	53.72	53.81	54.35	53.8	57.86	57.46	54.64	57.05	50.59	50.61	38.49	33.85	37.02	33.96	33.13	50.11	48.73	47.14	47.91	49.76	48.51	46.8	45.08	47.72	44.95	48.69	47.87	42.52	48	47.47	47.47	42.75	45.33	46.65	44.24	42.65	52.64	51	51.58	47.53	51.28	50.45	47.96	49.29	49.64	47.66	49.6	51.25	44.29	42.52	68.92	68.49	73.06	68.42	72.04	72.16	70.91	68.14	66.06	65.33	37.37	36.44	38.7	44.44	52.24	64.96	63.97	63.86	61.91	64.35	63.39	60.99	64.96	66.62	58.29	61.37	62.94	59.62	62.55	62.73	62.25	54.23	55.71	54.26	53.93	61.35	61.11	58	57.25	59.28	58.05	55.83	55.8	59.91	58.36	54.73	55.03	56.89	51.41	50.74	53.1	51.46	56.24	53.36	54.87	55.15	53.83	52.34	48.13	50.7	35.02	32.58	38.92	36	34.47	47.98	48.1	47.85	44.78	48.29	47.59	46.7	47.57	48.79	45.07	47.82	49.21	43.63	47.41	46.76	42.49	41.88	45.08	45.43	41.44	44.14	50.79	48.12	46.87	46.38	46.67	45.21	48.65	48.65	47.24	42.03	47.54	48.15	45.7	42.67	55.72	54.69	58.37	56.29	56.02	56.35	55.81	56.73	52.62	53.37	34.81	32.48	31.83	31.99	33.03	53.17	50.37	49.59	48.54	50.51	50.06	50.22	49.74	51.44	47.95	49.21	49.9	45.86	50.16	49.75	42.56	45.06	46.63	44.46	43.45	44.73	51.36	49.7	48.32	50.96	50.15	48.14	48.31	53.21	52.82	51.69	49.54	50.33	44.74	44.38
zone3_00015	3	2026/04/28 18:45	5	0.1	57.46	54.64	57.05	50.59	50.61	38.49	33.85	37.02	33.96	33.13	50.11	48.73	47.14	47.91	49.76	48.51	46.8	45.08	47.72	44.95	48.69	47.87	42.52	48	47.47	47.47	42.75	45.33	46.65	44.24	42.65	52.64	51	51.58	47.53	51.28	50.45	47.96	49.29	49.64	47.66	49.6	51.25	44.29	42.52	44.27	43.72	48.65	51.79	49.49	72.16	70.91	68.14	66.06	65.33	37.37	36.44	38.7	44.44	52.24	64.96	63.97	63.86	61.91	64.35	63.39	60.99	64.96	66.62	58.29	61.37	62.94	59.62	62.55	62.73	62.25	54.23	55.71	54.26	53.93	61.35	61.11	58	57.25	59.28	58.05	55.83	55.8	59.91	58.36	54.73	55.03	56.89	51.41	50.74	53.16	52.31	52.31	52.31	52.31	55.15	53.83	52.34	48.13	50.7	35.02	32.58	38.92	36	34.47	47.98	48.1	47.85	44.78	48.29	47.59	46.7	47.57	48.79	45.07	47.82	49.21	43.63	47.41	46.76	42.49	41.88	45.08	45.43	41.44	44.14	50.79	48.12	46.87	46.38	46.67	45.21	48.65	48.65	47.24	42.03	47.54	48.15	45.7	42.67	45.71	48.97	48.29	48.24	48.87	56.35	55.81	56.73	52.62	53.37	34.81	32.48	31.83	31.99	33.03	53.17	50.37	49.59	48.54	50.51	50.06	50.22	49.74	51.44	47.95	49.21	49.9	45.86	50.16	49.75	42.56	45.06	46.63	44.46	43.45	44.73	51.36	49.7	48.32	50.96	50.15	48.14	48.31	53.21	52.82	51.69	49.54	50.33	44.74	44.38	46.04	51.62	51.37	49.57	49.06
zone3_00016	3	2026/04/28 18:45	5	0.1	38.49	33.85	37.02	33.96	33.13	50.11	48.73	47.14	47.91	49.76	48.51	46.8	45.08	47.72	44.95	48.69	47.87	42.52	48	47.47	47.47	42.75	45.33	46.65	44.24	42.65	52.64	51	51.58	47.53	51.28	50.45	47.96	49.29	49.64	47.66	49.6	51.25	44.29	42.52	44.27	43.72	48.65	51.79	49.49	49.55	53.59	53.04	51.33	51.72	37.37	36.44	38.7	44.44	52.24	64.96	63.97	63.86	61.91	64.35	63.39	60.99	64.96	66.62	58.29	61.37	62.94	59.62	62.55	62.73	62.25	54.23	55.71	54.26	53.93	61.35	61.11	58	57.25	59.28	58.05	55.83	55.8	59.91	58.36	54.73	55.03	56.89	51.41	50.74	53.16	52.31	52.31	52.31	52.31	56.65	59.51	57.76	57.54	54.15	35.02	32.58	38.92	36	34.47	47.98	48.1	47.85	44.78	48.29	47.59	46.7	47.57	48.79	45.07	47.82	49.21	43.63	47.41	46.76	42.49	41.88	45.08	45.43	41.44	44.14	50.79	48.12	46.87	46.38	46.67	45.21	48.65	48.65	47.24	42.03	47.54	48.15	45.7	42.67	45.71	48.97	48.29	48.24	48.87	47.68	51.07	49.5	50.07	46.36	34.81	32.48	31.83	31.99	33.03	53.17	50.37	49.59	48.54	50.51	50.06	50.22	49.74	51.44	47.95	49.21	49.9	45.86	50.16	49.75	42.56	45.06	46.63	44.46	43.45	44.73	51.36	49.7	48.32	50.96	50.15	48.14	48.31	53.21	52.82	51.69	49.54	50.33	44.74	44.38	46.04	51.62	51.37	49.57	49.06	50.2	55.15	52.69	50.27	49.23
zone3_00017	3	2026/04/28 18:45	5	0.1	50.11	48.73	47.14	47.91	49.76	48.51	46.8	45.08	47.72	44.95	48.69	47.87	42.52	48	47.47	47.47	42.75	45.33	46.65	44.24	42.65	52.64	51	51.58	47.53	51.28	50.45	47.96	49.29	49.64	47.66	49.6	51.25	44.29	42.52	44.27	43.72	48.65	51.79	49.49	49.55	53.59	53.04	51.33	51.72	52.5	52.5	46.2	46.58	47.64	64.96	63.97	63.86	61.91	64.35	63.39	60.99	64.96	66.62	58.29	61.37	62.94	59.62	62.55	62.73	62.25	54.23	55.71	54.26	53.93	61.35	61.11	58	57.25	59.28	58.05	55.83	55.8	59.91	58.36	54.73	55.03	56.89	51.41	50.74	53.16	52.31	52.31	52.31	52.31	56.65	59.51	57.76	57.54	54.15	57.37	60.31	57.73	54.41	54.41	47.98	48.1	47.85	44.78	48.29	47.59	46.7	47.57	48.79	45.07	47.82	49.21	43.63	47.41	46.76	42.49	41.88	45.08	45.43	41.44	44.14	50.79	48.12	46.87	46.38	46.67	45.21	48.65	48.65	47.24	42.03	47.54	48.15	45.7	42.67	45.71	48.97	48.29	48.24	48.87	47.68	51.07	49.5	50.07	46.36	48.15	49.13	47.58	45.56	47.14	53.17	50.37	49.59	48.54	50.51	50.06	50.22	49.74	51.44	47.95	49.21	49.9	45.86	50.16	49.75	42.56	45.06	46.63	44.46	43.45	44.73	51.36	49.7	48.32	50.96	50.15	48.14	48.31	53.21	52.82	51.69	49.54	50.33	44.74	44.38	46.04	51.62	51.37	49.57	49.06	50.2	55.15	52.69	50.27	49.23	51.85	54.45	49.61	46.19	51.79
zone3_00018	3	2026/04/28 18:45	5	0.1	48.51	46.8	45.08	47.72	44.95	48.69	47.87	42.52	48	47.47	47.47	42.75	45.33	46.65	44.24	42.65	52.64	51	51.58	47.53	51.28	50.45	47.96	49.29	49.64	47.66	49.6	51.25	44.29	42.52	44.27	43.72	48.65	51.79	49.49	49.55	53.59	53.04	51.33	51.72	52.5	52.5	46.2	46.58	47.64	49.83	50.06	50.18	45.83	50.32	63.39	60.99	64.96	66.62	58.29	61.37	62.94	59.62	62.55	62.73	62.25	54.23	55.71	54.26	53.93	61.35	61.11	58	57.25	59.28	58.05	55.83	55.8	59.91	58.36	54.73	55.03	56.89	51.41	50.74	53.16	52.31	52.31	52.31	52.31	56.65	59.51	57.76	57.54	54.15	57.37	60.31	57.73	54.41	54.41	54.41	54.41	58.98	58.98	58.48	47.59	46.7	47.57	48.79	45.07	47.82	49.21	43.63	47.41	46.76	42.49	41.88	45.08	45.43	41.44	44.14	50.79	48.12	46.87	46.38	46.67	45.21	48.65	48.65	47.24	42.03	47.54	48.15	45.7	42.67	45.71	48.97	48.29	48.24	48.87	47.68	51.07	49.5	50.07	46.36	48.15	49.13	47.58	45.56	47.14	46.29	49.49	48.41	44.09	47.87	50.06	50.22	49.74	51.44	47.95	49.21	49.9	45.86	50.16	49.75	42.56	45.06	46.63	44.46	43.45	44.73	51.36	49.7	48.32	50.96	50.15	48.14	48.31	53.21	52.82	51.69	49.54	50.33	44.74	44.38	46.04	51.62	51.37	49.57	49.06	50.2	55.15	52.69	50.27	49.23	51.85	54.45	49.61	46.19	51.79	48.87	48.47	48	47.46	51.8
zone3_00019	3	2026/04/28 18:45	5	0.1	48.69	47.87	42.52	48	47.47	47.47	42.75	45.33	46.65	44.24	42.65	52.64	51	51.58	47.53	51.28	50.45	47.96	49.29	49.64	47.66	49.6	51.25	44.29	42.52	44.27	43.72	48.65	51.79	49.49	49.55	53.59	53.04	51.33	51.72	52.5	52.5	46.2	46.58	47.64	49.83	50.06	50.18	45.83	50.32	49.12	50.52	46.75	49.34	42.71	61.37	62.94	59.62	62.55	62.73	62.25	54.23	55.71	54.26	53.93	61.35	61.11	58	57.25	59.28	58.05	55.83	55.8	59.91	58.36	54.73	55.03	56.89	51.41	50.74	53.16	52.31	52.31	52.31	52.31	56.65	59.51	57.76	57.54	54.15	57.37	60.31	57.73	54.41	54.41	54.41	54.41	58.98	58.98	58.48	58.22	56.43	52.2	52.17	53.91	47.82	49.21	43.63	47.41	46.76	42.49	41.88	45.08	45.43	41.44	44.14	50.79	48.12	46.87	46.38	46.67	45.21	48.65	48.65	47.24	42.03	47.54	48.15	45.7	42.67	45.71	48.97	48.29	48.24	48.87	47.68	51.07	49.5	50.07	46.36	48.15	49.13	47.58	45.56	47.14	46.29	49.49	48.41	44.09	47.87	48.99	46.59	46.72	46.72	46.72	49.21	49.9	45.86	50.16	49.75	42.56	45.06	46.63	44.46	43.45	44.73	51.36	49.7	48.32	50.96	50.15	48.14	48.31	53.21	52.82	51.69	49.54	50.33	44.74	44.38	46.04	51.62	51.37	49.57	49.06	50.2	55.15	52.69	50.27	49.23	51.85	54.45	49.61	46.19	51.79	48.87	48.47	48	47.46	51.8	49.42	47.69	46.4	44.57	45.51
zone3_00020	3	2026/04/28 18:45	5	0.1	47.47	42.75	45.33	46.65	44.24	42.65	52.64	51	51.58	47.53	51.28	50.45	47.96	49.29	49.64	47.66	49.6	51.25	44.29	42.52	44.27	43.72	48.65	51.79	49.49	49.55	53.59	53.04	51.33	51.72	52.5	52.5	46.2	46.58	47.64	49.83	50.06	50.18	45.83	50.32	49.12	50.52	46.75	49.34	42.71	46.44	45.42	49.68	52.34	50.52	62.25	54.23	55.71	54.26	53.93	61.35	61.11	58	57.25	59.28	58.05	55.83	55.8	59.91	58.36	54.73	55.03	56.89	51.41	50.74	53.16	52.31	52.31	52.31	52.31	56.65	59.51	57.76	57.54	54.15	57.37	60.31	57.73	54.41	54.41	54.41	54.41	58.98	58.98	58.48	58.22	56.43	52.2	52.17	53.91	53.36	60.36	63.14	61.01	60.26	42.49	41.88	45.08	45.43	41.44	44.14	50.79	48.12	46.87	46.38	46.67	45.21	48.65	48.65	47.24	42.03	47.54	48.15	45.7	42.67	45.71	48.97	48.29	48.24	48.87	47.68	51.07	49.5	50.07	46.36	48.15	49.13	47.58	45.56	47.14	46.29	49.49	48.41	44.09	47.87	48.99	46.59	46.72	46.72	46.72	46.72	48.49	51.83	51.04	47.82	42.56	45.06	46.63	44.46	43.45	44.73	51.36	49.7	48.32	50.96	50.15	48.14	48.31	53.21	52.82	51.69	49.54	50.33	44.74	44.38	46.04	51.62	51.37	49.57	49.06	50.2	55.15	52.69	50.27	49.23	51.85	54.45	49.61	46.19	51.79	48.87	48.47	48	47.46	51.8	49.42	47.69	46.4	44.57	45.51	44.73	52.72	53.2	52.9	49.51
zone3_00021	3	2026/04/28 18:45	5	0.1	42.65	52.64	51	51.58	47.53	51.28	50.45	47.96	49.29	49.64	47.66	49.6	51.25	44.29	42.52	44.27	43.72	48.65	51.79	49.49	49.55	53.59	53.04	51.33	51.72	52.5	52.5	46.2	46.58	47.64	49.83	50.06	50.18	45.83	50.32	49.12	50.52	46.75	49.34	42.71	46.44	45.42	49.68	52.34	50.52	49.7	52.97	51.24	51.07	50.21	61.35	61.11	58	57.25	59.28	58.05	55.83	55.8	59.91	58.36	54.73	55.03	56.89	51.41	50.74	53.16	52.31	52.31	52.31	52.31	56.65	59.51	57.76	57.54	54.15	57.37	60.31	57.73	54.41	54.41	54.41	54.41	58.98	58.98	58.48	58.22	56.43	52.2	52.17	53.91	53.36	60.36	63.14	61.01	60.26	60.52	60.75	57.85	59.88	60.74	44.14	50.79	48.12	46.87	46.38	46.67	45.21	48.65	48.65	47.24	42.03	47.54	48.15	45.7	42.67	45.71	48.97	48.29	48.24	48.87	47.68	51.07	49.5	50.07	46.36	48.15	49.13	47.58	45.56	47.14	46.29	49.49	48.41	44.09	47.87	48.99	46.59	46.72	46.72	46.72	46.72	48.49	51.83	51.04	47.82	48.79	49.26	50.5	49	50.33	44.73	51.36	49.7	48.32	50.96	50.15	48.14	48.31	53.21	52.82	51.69	49.54	50.33	44.74	44.38	46.04	51.62	51.37	49.57	49.06	50.2	55.15	52.69	50.27	49.23	51.85	54.45	49.61	46.19	51.79	48.87	48.47	48	47.46	51.8	49.42	47.69	46.4	44.57	45.51	44.73	52.72	53.2	52.9	49.51	48.91	50.67	50.33	50.57	51.75
zone3_00022	3	2026/04/28 18:45	5	0.1	51.28	50.45	47.96	49.29	49.64	47.66	49.6	51.25	44.29	42.52	44.27	43.72	48.65	51.79	49.49	49.55	53.59	53.04	51.33	51.72	52.5	52.5	46.2	46.58	47.64	49.83	50.06	50.18	45.83	50.32	49.12	50.52	46.75	49.34	42.71	46.44	45.42	49.68	52.34	50.52	49.7	52.97	51.24	51.07	50.21	50.66	52.53	52.75	50.27	49.67	58.05	55.83	55.8	59.91	58.36	54.73	55.03	56.89	51.41	50.74	53.16	52.31	52.31	52.31	52.31	56.65	59.51	57.76	57.54	54.15	57.37	60.31	57.73	54.41	54.41	54.41	54.41	58.98	58.98	58.48	58.22	56.43	52.2	52.17	53.91	53.36	60.36	63.14	61.01	60.26	60.52	60.75	57.85	59.88	60.74	61.9	59.24	63.51	61.41	61.57	46.67	45.21	48.65	48.65	47.24	42.03	47.54	48.15	45.7	42.67	45.71	48.97	48.29	48.24	48.87	47.68	51.07	49.5	50.07	46.36	48.15	49.13	47.58	45.56	47.14	46.29	49.49	48.41	44.09	47.87	48.99	46.59	46.72	46.72	46.72	46.72	48.49	51.83	51.04	47.82	48.79	49.26	50.5	49	50.33	49.57	48.82	49.66	48.03	47.74	50.15	48.14	48.31	53.21	52.82	51.69	49.54	50.33	44.74	44.38	46.04	51.62	51.37	49.57	49.06	50.2	55.15	52.69	50.27	49.23	51.85	54.45	49.61	46.19	51.79	48.87	48.47	48	47.46	51.8	49.42	47.69	46.4	44.57	45.51	44.73	52.72	53.2	52.9	49.51	48.91	50.67	50.33	50.57	51.75	50.64	48.92	50.48	50.82	49.48
zone3_00023	3	2026/04/28 18:45	5	0.1	47.66	49.6	51.25	44.29	42.52	44.27	43.72	48.65	51.79	49.49	49.55	53.59	53.04	51.33	51.72	52.5	52.5	46.2	46.58	47.64	49.83	50.06	50.18	45.83	50.32	49.12	50.52	46.75	49.34	42.71	46.44	45.42	49.68	52.34	50.52	49.7	52.97	51.24	51.07	50.21	50.66	52.53	52.75	50.27	49.67	49.67	48.67	48.62	53.88	50.4	54.73	55.03	56.89	51.41	50.74	53.16	52.31	52.31	52.31	52.31	56.65	59.51	57.76	57.54	54.15	57.37	60.31	57.73	54.41	54.41	54.41	54.41	58.98	58.98	58.48	58.22	56.43	52.2	52.17	53.91	53.36	60.36	63.14	61.01	60.26	60.52	60.75	57.85	59.88	60.74	61.9	59.24	63.51	61.41	61.57	60.82	59.14	58.94	64.85	62.16	42.03	47.54	48.15	45.7	42.67	45.71	48.97	48.29	48.24	48.87	47.68	51.07	49.5	50.07	46.36	48.15	49.13	47.58	45.56	47.14	46.29	49.49	48.41	44.09	47.87	48.99	46.59	46.72	46.72	46.72	46.72	48.49	51.83	51.04	47.82	48.79	49.26	50.5	49	50.33	49.57	48.82	49.66	48.03	47.74	46.62	48.05	46.26	50.8	49.23	51.69	49.54	50.33	44.74	44.38	46.04	51.62	51.37	49.57	49.06	50.2	55.15	52.69	50.27	49.23	51.85	54.45	49.61	46.19	51.79	48.87	48.47	48	47.46	51.8	49.42	47.69	46.4	44.57	45.51	44.73	52.72	53.2	52.9	49.51	48.91	50.67	50.33	50.57	51.75	50.64	48.92	50.48	50.82	49.48	49	47.82	51.6	52.73	51.39
zone3_00024	3	2026/04/28 18:45	5	0.1	44.27	43.72	48.65	51.79	49.49	49.55	53.59	53.04	51.33	51.72	52.5	52.5	46.2	46.58	47.64	49.83	50.06	50.18	45.83	50.32	49.12	50.52	46.75	49.34	42.71	46.44	45.42	49.68	52.34	50.52	49.7	52.97	51.24	51.07	50.21	50.66	52.53	52.75	50.27	49.67	49.67	48.67	48.62	53.88	50.4	49.42	49.99	50.02	51.07	50.64	53.16	52.31	52.31	52.31	52.31	56.65	59.51	57.76	57.54	54.15	57.37	60.31	57.73	54.41	54.41	54.41	54.41	58.98	58.98	58.48	58.22	56.43	52.2	52.17	53.91	53.36	60.36	63.14	61.01	60.26	60.52	60.75	57.85	59.88	60.74	61.9	59.24	63.51	61.41	61.57	60.82	59.14	58.94	64.85	62.16	62.3	61.63	62.66	58.38	59.74	45.71	48.97	48.29	48.24	48.87	47.68	51.07	49.5	50.07	46.36	48.15	49.13	47.58	45.56	47.14	46.29	49.49	48.41	44.09	47.87	48.99	46.59	46.72	46.72	46.72	46.72	48.49	51.83	51.04	47.82	48.79	49.26	50.5	49	50.33	49.57	48.82	49.66	48.03	47.74	46.62	48.05	46.26	50.8	49.23	47.63	48.2	49.27	48.89	50.11	46.04	51.62	51.37	49.57	49.06	50.2	55.15	52.69	50.27	49.23	51.85	54.45	49.61	46.19	51.79	48.87	48.47	48	47.46	51.8	49.42	47.69	46.4	44.57	45.51	44.73	52.72	53.2	52.9	49.51	48.91	50.67	50.33	50.57	51.75	50.64	48.92	50.48	50.82	49.48	49	47.82	51.6	52.73	51.39	53.35	50.01	51.8	49.61	50.38
zone3_00025	3	2026/04/28 18:45	5	0.1	49.55	53.59	53.04	51.33	51.72	52.5	52.5	46.2	46.58	47.64	49.83	50.06	50.18	45.83	50.32	49.12	50.52	46.75	49.34	42.71	46.44	45.42	49.68	52.34	50.52	49.7	52.97	51.24	51.07	50.21	50.66	52.53	52.75	50.27	49.67	49.67	48.67	48.62	53.88	50.4	49.42	49.99	50.02	51.07	50.64	50.64	51.14	49.29	52.98	46.26	56.65	59.51	57.76	57.54	54.15	57.37	60.31	57.73	54.41	54.41	54.41	54.41	58.98	58.98	58.48	58.22	56.43	52.2	52.17	53.91	53.36	60.36	63.14	61.01	60.26	60.52	60.75	57.85	59.88	60.74	61.9	59.24	63.51	61.41	61.57	60.82	59.14	58.94	64.85	62.16	62.3	61.63	62.66	58.38	59.74	56.97	60.07	63.58	61.52	57.26	47.68	51.07	49.5	50.07	46.36	48.15	49.13	47.58	45.56	47.14	46.29	49.49	48.41	44.09	47.87	48.99	46.59	46.72	46.72	46.72	46.72	48.49	51.83	51.04	47.82	48.79	49.26	50.5	49	50.33	49.57	48.82	49.66	48.03	47.74	46.62	48.05	46.26	50.8	49.23	47.63	48.2	49.27	48.89	50.11	47.29	48.72	47.37	50.19	44.46	50.2	55.15	52.69	50.27	49.23	51.85	54.45	49.61	46.19	51.79	48.87	48.47	48	47.46	51.8	49.42	47.69	46.4	44.57	45.51	44.73	52.72	53.2	52.9	49.51	48.91	50.67	50.33	50.57	51.75	50.64	48.92	50.48	50.82	49.48	49	47.82	51.6	52.73	51.39	53.35	50.01	51.8	49.61	50.38	50.34	49.04	47.79	52.04	45.83
zone3_00026	3	2026/04/28 18:45	5	0.1	52.5	52.5	46.2	46.58	47.64	49.83	50.06	50.18	45.83	50.32	49.12	50.52	46.75	49.34	42.71	46.44	45.42	49.68	52.34	50.52	49.7	52.97	51.24	51.07	50.21	50.66	52.53	52.75	50.27	49.67	49.67	48.67	48.62	53.88	50.4	49.42	49.99	50.02	51.07	50.64	50.64	51.14	49.29	52.98	46.26	47.01	46.58	43.62	47.8	47.6	57.37	60.31	57.73	54.41	54.41	54.41	54.41	58.98	58.98	58.48	58.22	56.43	52.2	52.17	53.91	53.36	60.36	63.14	61.01	60.26	60.52	60.75	57.85	59.88	60.74	61.9	59.24	63.51	61.41	61.57	60.82	59.14	58.94	64.85	62.16	62.3	61.63	62.66	58.38	59.74	56.97	60.07	63.58	61.52	57.26	57.73	52.87	59.49	60.94	56.27	48.15	49.13	47.58	45.56	47.14	46.29	49.49	48.41	44.09	47.87	48.99	46.59	46.72	46.72	46.72	46.72	48.49	51.83	51.04	47.82	48.79	49.26	50.5	49	50.33	49.57	48.82	49.66	48.03	47.74	46.62	48.05	46.26	50.8	49.23	47.63	48.2	49.27	48.89	50.11	47.29	48.72	47.37	50.19	44.46	43.8	44.23	43.54	46.33	44	51.85	54.45	49.61	46.19	51.79	48.87	48.47	48	47.46	51.8	49.42	47.69	46.4	44.57	45.51	44.73	52.72	53.2	52.9	49.51	48.91	50.67	50.33	50.57	51.75	50.64	48.92	50.48	50.82	49.48	49	47.82	51.6	52.73	51.39	53.35	50.01	51.8	49.61	50.38	50.34	49.04	47.79	52.04	45.83	46.94	42.74	44.3	47.93	46.8
zone3_00027	3	2026/04/28 18:45	5	0.1	49.83	50.06	50.18	45.83	50.32	49.12	50.52	46.75	49.34	42.71	46.44	45.42	49.68	52.34	50.52	49.7	52.97	51.24	51.07	50.21	50.66	52.53	52.75	50.27	49.67	49.67	48.67	48.62	53.88	50.4	49.42	49.99	50.02	51.07	50.64	50.64	51.14	49.29	52.98	46.26	47.01	46.58	43.62	47.8	47.6	43.6	54.56	49.85	51.76	50.79	54.41	54.41	58.98	58.98	58.48	58.22	56.43	52.2	52.17	53.91	53.36	60.36	63.14	61.01	60.26	60.52	60.75	57.85	59.88	60.74	61.9	59.24	63.51	61.41	61.57	60.82	59.14	58.94	64.85	62.16	62.3	61.63	62.66	58.38	59.74	56.97	60.07	63.58	61.52	57.26	57.73	52.87	59.49	60.94	56.27	71.67	63.32	57.47	64.24	62.06	46.29	49.49	48.41	44.09	47.87	48.99	46.59	46.72	46.72	46.72	46.72	48.49	51.83	51.04	47.82	48.79	49.26	50.5	49	50.33	49.57	48.82	49.66	48.03	47.74	46.62	48.05	46.26	50.8	49.23	47.63	48.2	49.27	48.89	50.11	47.29	48.72	47.37	50.19	44.46	43.8	44.23	43.54	46.33	44	41.77	49.27	47.48	50.69	49.41	48.87	48.47	48	47.46	51.8	49.42	47.69	46.4	44.57	45.51	44.73	52.72	53.2	52.9	49.51	48.91	50.67	50.33	50.57	51.75	50.64	48.92	50.48	50.82	49.48	49	47.82	51.6	52.73	51.39	53.35	50.01	51.8	49.61	50.38	50.34	49.04	47.79	52.04	45.83	46.94	42.74	44.3	47.93	46.8	51.29	51.14	47.83	52.94	50.99
zone3_00028	3	2026/04/28 18:45	5	0.1	49.12	50.52	46.75	49.34	42.71	46.44	45.42	49.68	52.34	50.52	49.7	52.97	51.24	51.07	50.21	50.66	52.53	52.75	50.27	49.67	49.67	48.67	48.62	53.88	50.4	49.42	49.99	50.02	51.07	50.64	50.64	51.14	49.29	52.98	46.26	47.01	46.58	43.62	47.8	47.6	43.6	54.56	49.85	51.76	50.79	48.87	47.06	49.07	52.1	54.55	58.22	56.43	52.2	52.17	53.91	53.36	60.36	63.14	61.01	60.26	60.52	60.75	57.85	59.88	60.74	61.9	59.24	63.51	61.41	61.57	60.82	59.14	58.94	64.85	62.16	62.3	61.63	62.66	58.38	59.74	56.97	60.07	63.58	61.52	57.26	57.73	52.87	59.49	60.94	56.27	71.67	63.32	57.47	64.24	62.06	58.29	60.16	52.05	62.71	64.98	48.99	46.59	46.72	46.72	46.72	46.72	48.49	51.83	51.04	47.82	48.79	49.26	50.5	49	50.33	49.57	48.82	49.66	48.03	47.74	46.62	48.05	46.26	50.8	49.23	47.63	48.2	49.27	48.89	50.11	47.29	48.72	47.37	50.19	44.46	43.8	44.23	43.54	46.33	44	41.77	49.27	47.48	50.69	49.41	46.96	48.16	44.1	51.91	50.76	49.42	47.69	46.4	44.57	45.51	44.73	52.72	53.2	52.9	49.51	48.91	50.67	50.33	50.57	51.75	50.64	48.92	50.48	50.82	49.48	49	47.82	51.6	52.73	51.39	53.35	50.01	51.8	49.61	50.38	50.34	49.04	47.79	52.04	45.83	46.94	42.74	44.3	47.93	46.8	51.29	51.14	47.83	52.94	50.99	48.8	47.32	44.56	52.43	47.05
zone3_00029	3	2026/04/28 18:45	5	0.1	46.44	45.42	49.68	52.34	50.52	49.7	52.97	51.24	51.07	50.21	50.66	52.53	52.75	50.27	49.67	49.67	48.67	48.62	53.88	50.4	49.42	49.99	50.02	51.07	50.64	50.64	51.14	49.29	52.98	46.26	47.01	46.58	43.62	47.8	47.6	43.6	54.56	49.85	51.76	50.79	48.87	47.06	49.07	52.1	54.55	56.11	49.2	51.82	52.24	48.94	53.36	60.36	63.14	61.01	60.26	60.52	60.75	57.85	59.88	60.74	61.9	59.24	63.51	61.41	61.57	60.82	59.14	58.94	64.85	62.16	62.3	61.63	62.66	58.38	59.74	56.97	60.07	63.58	61.52	57.26	57.73	52.87	59.49	60.94	56.27	71.67	63.32	57.47	64.24	62.06	58.29	60.16	52.05	62.71	64.98	65.85	63.95	63.25	64.41	64.15	46.72	48.49	51.83	51.04	47.82	48.79	49.26	50.5	49	50.33	49.57	48.82	49.66	48.03	47.74	46.62	48.05	46.26	50.8	49.23	47.63	48.2	49.27	48.89	50.11	47.29	48.72	47.37	50.19	44.46	43.8	44.23	43.54	46.33	44	41.77	49.27	47.48	50.69	49.41	46.96	48.16	44.1	51.91	50.76	47.46	50.35	51.26	52.02	47.85	44.73	52.72	53.2	52.9	49.51	48.91	50.67	50.33	50.57	51.75	50.64	48.92	50.48	50.82	49.48	49	47.82	51.6	52.73	51.39	53.35	50.01	51.8	49.61	50.38	50.34	49.04	47.79	52.04	45.83	46.94	42.74	44.3	47.93	46.8	51.29	51.14	47.83	52.94	50.99	48.8	47.32	44.56	52.43	47.05	53.22	49.04	48.79	53.53	49.18
zone3_00030	3	2026/04/28 18:45	5	0.1	49.7	52.97	51.24	51.07	50.21	50.66	52.53	52.75	50.27	49.67	49.67	48.67	48.62	53.88	50.4	49.42	49.99	50.02	51.07	50.64	50.64	51.14	49.29	52.98	46.26	47.01	46.58	43.62	47.8	47.6	43.6	54.56	49.85	51.76	50.79	48.87	47.06	49.07	52.1	54.55	56.11	49.2	51.82	52.24	48.94	49.36	46.68	49.68	43.09	47.82	60.52	60.75	57.85	59.88	60.74	61.9	59.24	63.51	61.41	61.57	60.82	59.14	58.94	64.85	62.16	62.3	61.63	62.66	58.38	59.74	56.97	60.07	63.58	61.52	57.26	57.73	52.87	59.49	60.94	56.27	71.67	63.32	57.47	64.24	62.06	58.29	60.16	52.05	62.71	64.98	65.85	63.95	63.25	64.41	64.15	63.18	65.9	65.4	63.71	61.44	48.79	49.26	50.5	49	50.33	49.57	48.82	49.66	48.03	47.74	46.62	48.05	46.26	50.8	49.23	47.63	48.2	49.27	48.89	50.11	47.29	48.72	47.37	50.19	44.46	43.8	44.23	43.54	46.33	44	41.77	49.27	47.48	50.69	49.41	46.96	48.16	44.1	51.91	50.76	47.46	50.35	51.26	52.02	47.85	52.6	52.04	50.16	46.88	47.46	48.91	50.67	50.33	50.57	51.75	50.64	48.92	50.48	50.82	49.48	49	47.82	51.6	52.73	51.39	53.35	50.01	51.8	49.61	50.38	50.34	49.04	47.79	52.04	45.83	46.94	42.74	44.3	47.93	46.8	51.29	51.14	47.83	52.94	50.99	48.8	47.32	44.56	52.43	47.05	53.22	49.04	48.79	53.53	49.18	54.42	45.9	52.1	46.43	49.64
zone3_00031	3	2026/04/28 18:45	5	0.1	50.66	52.53	52.75	50.27	49.67	49.67	48.67	48.62	53.88	50.4	49.42	49.99	50.02	51.07	50.64	50.64	51.14	49.29	52.98	46.26	47.01	46.58	43.62	47.8	47.6	43.6	54.56	49.85	51.76	50.79	48.87	47.06	49.07	52.1	54.55	56.11	49.2	51.82	52.24	48.94	49.36	46.68	49.68	43.09	47.82	46.3	45.26	49.58	44.17	54.51	61.9	59.24	63.51	61.41	61.57	60.82	59.14	58.94	64.85	62.16	62.3	61.63	62.66	58.38	59.74	56.97	60.07	63.58	61.52	57.26	57.73	52.87	59.49	60.94	56.27	71.67	63.32	57.47	64.24	62.06	58.29	60.16	52.05	62.71	64.98	65.85	63.95	63.25	64.41	64.15	63.18	65.9	65.4	63.71	61.44	59.65	57.95	56.86	65.03	66.71	49.57	48.82	49.66	48.03	47.74	46.62	48.05	46.26	50.8	49.23	47.63	48.2	49.27	48.89	50.11	47.29	48.72	47.37	50.19	44.46	43.8	44.23	43.54	46.33	44	41.77	49.27	47.48	50.69	49.41	46.96	48.16	44.1	51.91	50.76	47.46	50.35	51.26	52.02	47.85	52.6	52.04	50.16	46.88	47.46	45.49	46.11	44.64	42.56	53.21	50.64	48.92	50.48	50.82	49.48	49	47.82	51.6	52.73	51.39	53.35	50.01	51.8	49.61	50.38	50.34	49.04	47.79	52.04	45.83	46.94	42.74	44.3	47.93	46.8	51.29	51.14	47.83	52.94	50.99	48.8	47.32	44.56	52.43	47.05	53.22	49.04	48.79	53.53	49.18	54.42	45.9	52.1	46.43	49.64	48.8	48.42	45.72	43.84	54.71
zone3_00032	3	2026/04/28 18:45	5	0.1	49.67	48.67	48.62	53.88	50.4	49.42	49.99	50.02	51.07	50.64	50.64	51.14	49.29	52.98	46.26	47.01	46.58	43.62	47.8	47.6	43.6	54.56	49.85	51.76	50.79	48.87	47.06	49.07	52.1	54.55	56.11	49.2	51.82	52.24	48.94	49.36	46.68	49.68	43.09	47.82	46.3	45.26	49.58	44.17	54.51	50.66	48.07	48.1	52.49	50.91	60.82	59.14	58.94	64.85	62.16	62.3	61.63	62.66	58.38	59.74	56.97	60.07	63.58	61.52	57.26	57.73	52.87	59.49	60.94	56.27	71.67	63.32	57.47	64.24	62.06	58.29	60.16	52.05	62.71	64.98	65.85	63.95	63.25	64.41	64.15	63.18	65.9	65.4	63.71	61.44	59.65	57.95	56.86	65.03	66.71	63.18	60.87	64.51	63.91	62.48	46.62	48.05	46.26	50.8	49.23	47.63	48.2	49.27	48.89	50.11	47.29	48.72	47.37	50.19	44.46	43.8	44.23	43.54	46.33	44	41.77	49.27	47.48	50.69	49.41	46.96	48.16	44.1	51.91	50.76	47.46	50.35	51.26	52.02	47.85	52.6	52.04	50.16	46.88	47.46	45.49	46.11	44.64	42.56	53.21	51.03	47.48	46.91	50.98	48.93	49	47.82	51.6	52.73	51.39	53.35	50.01	51.8	49.61	50.38	50.34	49.04	47.79	52.04	45.83	46.94	42.74	44.3	47.93	46.8	51.29	51.14	47.83	52.94	50.99	48.8	47.32	44.56	52.43	47.05	53.22	49.04	48.79	53.53	49.18	54.42	45.9	52.1	46.43	49.64	48.8	48.42	45.72	43.84	54.71	51.11	50.24	49.61	49.3	50.29
zone3_00033	3	2026/04/28 18:45	5	0.1	49.42	49.99	50.02	51.07	50.64	50.64	51.14	49.29	52.98	46.26	47.01	46.58	43.62	47.8	47.6	43.6	54.56	49.85	51.76	50.79	48.87	47.06	49.07	52.1	54.55	56.11	49.2	51.82	52.24	48.94	49.36	46.68	49.68	43.09	47.82	46.3	45.26	49.58	44.17	54.51	50.66	48.07	48.1	52.49	50.91	48.3	48.86	48.57	46.93	51.41	62.3	61.63	62.66	58.38	59.74	56.97	60.07	63.58	61.52	57.26	57.73	52.87	59.49	60.94	56.27	71.67	63.32	57.47	64.24	62.06	58.29	60.16	52.05	62.71	64.98	65.85	63.95	63.25	64.41	64.15	63.18	65.9	65.4	63.71	61.44	59.65	57.95	56.86	65.03	66.71	63.18	60.87	64.51	63.91	62.48	59.47	59.03	59.01	59.72	61.43	47.63	48.2	49.27	48.89	50.11	47.29	48.72	47.37	50.19	44.46	43.8	44.23	43.54	46.33	44	41.77	49.27	47.48	50.69	49.41	46.96	48.16	44.1	51.91	50.76	47.46	50.35	51.26	52.02	47.85	52.6	52.04	50.16	46.88	47.46	45.49	46.11	44.64	42.56	53.21	51.03	47.48	46.91	50.98	48.93	47.59	46.04	46.89	51.45	50.1	53.35	50.01	51.8	49.61	50.38	50.34	49.04	47.79	52.04	45.83	46.94	42.74	44.3	47.93	46.8	51.29	51.14	47.83	52.94	50.99	48.8	47.32	44.56	52.43	47.05	53.22	49.04	48.79	53.53	49.18	54.42	45.9	52.1	46.43	49.64	48.8	48.42	45.72	43.84	54.71	51.11	50.24	49.61	49.3	50.29	49.8	49.31	45.91	46.54	51.22
zone3_00034	3	2026/04/28 18:45	5	0.1	50.64	51.14	49.29	52.98	46.26	47.01	46.58	43.62	47.8	47.6	43.6	54.56	49.85	51.76	50.79	48.87	47.06	49.07	52.1	54.55	56.11	49.2	51.82	52.24	48.94	49.36	46.68	49.68	43.09	47.82	46.3	45.26	49.58	44.17	54.51	50.66	48.07	48.1	52.49	50.91	48.3	48.86	48.57	46.93	51.41	48.14	44.2	42.07	42.02	40.6	56.97	60.07	63.58	61.52	57.26	57.73	52.87	59.49	60.94	56.27	71.67	63.32	57.47	64.24	62.06	58.29	60.16	52.05	62.71	64.98	65.85	63.95	63.25	64.41	64.15	63.18	65.9	65.4	63.71	61.44	59.65	57.95	56.86	65.03	66.71	63.18	60.87	64.51	63.91	62.48	59.47	59.03	59.01	59.72	61.43	57	58.38	57.43	55.49	55.49	47.29	48.72	47.37	50.19	44.46	43.8	44.23	43.54	46.33	44	41.77	49.27	47.48	50.69	49.41	46.96	48.16	44.1	51.91	50.76	47.46	50.35	51.26	52.02	47.85	52.6	52.04	50.16	46.88	47.46	45.49	46.11	44.64	42.56	53.21	51.03	47.48	46.91	50.98	48.93	47.59	46.04	46.89	51.45	50.1	45.65	42.24	41.85	40.4	45.54	50.34	49.04	47.79	52.04	45.83	46.94	42.74	44.3	47.93	46.8	51.29	51.14	47.83	52.94	50.99	48.8	47.32	44.56	52.43	47.05	53.22	49.04	48.79	53.53	49.18	54.42	45.9	52.1	46.43	49.64	48.8	48.42	45.72	43.84	54.71	51.11	50.24	49.61	49.3	50.29	49.8	49.31	45.91	46.54	51.22	49.07	44.85	46.15	40.91	44.48
zone3_00035	3	2026/04/28 18:45	5	0.1	47.01	46.58	43.62	47.8	47.6	43.6	54.56	49.85	51.76	50.79	48.87	47.06	49.07	52.1	54.55	56.11	49.2	51.82	52.24	48.94	49.36	46.68	49.68	43.09	47.82	46.3	45.26	49.58	44.17	54.51	50.66	48.07	48.1	52.49	50.91	48.3	48.86	48.57	46.93	51.41	48.14	44.2	42.07	42.02	40.6	40.84	47.13	45.14	46.17	44.83	57.73	52.87	59.49	60.94	56.27	71.67	63.32	57.47	64.24	62.06	58.29	60.16	52.05	62.71	64.98	65.85	63.95	63.25	64.41	64.15	63.18	65.9	65.4	63.71	61.44	59.65	57.95	56.86	65.03	66.71	63.18	60.87	64.51	63.91	62.48	59.47	59.03	59.01	59.72	61.43	57	58.38	57.43	55.49	55.49	55.49	55.49	55.49	55.49	55.49	43.8	44.23	43.54	46.33	44	41.77	49.27	47.48	50.69	49.41	46.96	48.16	44.1	51.91	50.76	47.46	50.35	51.26	52.02	47.85	52.6	52.04	50.16	46.88	47.46	45.49	46.11	44.64	42.56	53.21	51.03	47.48	46.91	50.98	48.93	47.59	46.04	46.89	51.45	50.1	45.65	42.24	41.85	40.4	45.54	43.17	44.2	43.85	40.76	49.2	46.94	42.74	44.3	47.93	46.8	51.29	51.14	47.83	52.94	50.99	48.8	47.32	44.56	52.43	47.05	53.22	49.04	48.79	53.53	49.18	54.42	45.9	52.1	46.43	49.64	48.8	48.42	45.72	43.84	54.71	51.11	50.24	49.61	49.3	50.29	49.8	49.31	45.91	46.54	51.22	49.07	44.85	46.15	40.91	44.48	44	44	43.16	46.68	47.21
zone3_00036	3	2026/04/28 18:45	5	0.1	43.6	54.56	49.85	51.76	50.79	48.87	47.06	49.07	52.1	54.55	56.11	49.2	51.82	52.24	48.94	49.36	46.68	49.68	43.09	47.82	46.3	45.26	49.58	44.17	54.51	50.66	48.07	48.1	52.49	50.91	48.3	48.86	48.57	46.93	51.41	48.14	44.2	42.07	42.02	40.6	40.84	47.13	45.14	46.17	44.83	43.74	42.56	47.45	44.83	38.32	71.67	63.32	57.47	64.24	62.06	58.29	60.16	52.05	62.71	64.98	65.85	63.95	63.25	64.41	64.15	63.18	65.9	65.4	63.71	61.44	59.65	57.95	56.86	65.03	66.71	63.18	60.87	64.51	63.91	62.48	59.47	59.03	59.01	59.72	61.43	57	58.38	57.43	55.49	55.49	55.49	55.49	55.49	55.49	55.49	55.49	55.49	55.49	60.9	60.9	41.77	49.27	47.48	50.69	49.41	46.96	48.16	44.1	51.91	50.76	47.46	50.35	51.26	52.02	47.85	52.6	52.04	50.16	46.88	47.46	45.49	46.11	44.64	42.56	53.21	51.03	47.48	46.91	50.98	48.93	47.59	46.04	46.89	51.45	50.1	45.65	42.24	41.85	40.4	45.54	43.17	44.2	43.85	40.76	49.2	47.27	45.98	39.86	45.25	47.66	51.29	51.14	47.83	52.94	50.99	48.8	47.32	44.56	52.43	47.05	53.22	49.04	48.79	53.53	49.18	54.42	45.9	52.1	46.43	49.64	48.8	48.42	45.72	43.84	54.71	51.11	50.24	49.61	49.3	50.29	49.8	49.31	45.91	46.54	51.22	49.07	44.85	46.15	40.91	44.48	44	44	43.16	46.68	47.21	44.49	43.31	44.69	49.44	47.86
zone3_00037	3	2026/04/28 18:45	5	0.1	48.87	47.06	49.07	52.1	54.55	56.11	49.2	51.82	52.24	48.94	49.36	46.68	49.68	43.09	47.82	46.3	45.26	49.58	44.17	54.51	50.66	48.07	48.1	52.49	50.91	48.3	48.86	48.57	46.93	51.41	48.14	44.2	42.07	42.02	40.6	40.84	47.13	45.14	46.17	44.83	43.74	42.56	47.45	44.83	38.32	46.43	46.43	51.85	48.67	50.96	58.29	60.16	52.05	62.71	64.98	65.85	63.95	63.25	64.41	64.15	63.18	65.9	65.4	63.71	61.44	59.65	57.95	56.86	65.03	66.71	63.18	60.87	64.51	63.91	62.48	59.47	59.03	59.01	59.72	61.43	57	58.38	57.43	55.49	55.49	55.49	55.49	55.49	55.49	55.49	55.49	55.49	55.49	60.9	60.9	60.9	60.9	56.27	56.27	56.27	46.96	48.16	44.1	51.91	50.76	47.46	50.35	51.26	52.02	47.85	52.6	52.04	50.16	46.88	47.46	45.49	46.11	44.64	42.56	53.21	51.03	47.48	46.91	50.98	48.93	47.59	46.04	46.89	51.45	50.1	45.65	42.24	41.85	40.4	45.54	43.17	44.2	43.85	40.76	49.2	47.27	45.98	39.86	45.25	47.66	45.12	45.73	47.66	44.77	42.52	48.8	47.32	44.56	52.43	47.05	53.22	49.04	48.79	53.53	49.18	54.42	45.9	52.1	46.43	49.64	48.8	48.42	45.72	43.84	54.71	51.11	50.24	49.61	49.3	50.29	49.8	49.31	45.91	46.54	51.22	49.07	44.85	46.15	40.91	44.48	44	44	43.16	46.68	47.21	44.49	43.31	44.69	49.44	47.86	42.5	38.21	48.79	49.94	48.16
zone3_00038	3	2026/04/28 18:45	5	0.1	56.11	49.2	51.82	52.24	48.94	49.36	46.68	49.68	43.09	47.82	46.3	45.26	49.58	44.17	54.51	50.66	48.07	48.1	52.49	50.91	48.3	48.86	48.57	46.93	51.41	48.14	44.2	42.07	42.02	40.6	40.84	47.13	45.14	46.17	44.83	43.74	42.56	47.45	44.83	38.32	46.43	46.43	51.85	48.67	50.96	49.4	48.36	53.83	47.76	44.22	65.85	63.95	63.25	64.41	64.15	63.18	65.9	65.4	63.71	61.44	59.65	57.95	56.86	65.03	66.71	63.18	60.87	64.51	63.91	62.48	59.47	59.03	59.01	59.72	61.43	57	58.38	57.43	55.49	55.49	55.49	55.49	55.49	55.49	55.49	55.49	55.49	55.49	60.9	60.9	60.9	60.9	56.27	56.27	56.27	60.61	57.27	58.63	54.71	54.1	47.46	50.35	51.26	52.02	47.85	52.6	52.04	50.16	46.88	47.46	45.49	46.11	44.64	42.56	53.21	51.03	47.48	46.91	50.98	48.93	47.59	46.04	46.89	51.45	50.1	45.65	42.24	41.85	40.4	45.54	43.17	44.2	43.85	40.76	49.2	47.27	45.98	39.86	45.25	47.66	45.12	45.73	47.66	44.77	42.52	47.61	44.67	44.17	40.43	41.38	53.22	49.04	48.79	53.53	49.18	54.42	45.9	52.1	46.43	49.64	48.8	48.42	45.72	43.84	54.71	51.11	50.24	49.61	49.3	50.29	49.8	49.31	45.91	46.54	51.22	49.07	44.85	46.15	40.91	44.48	44	44	43.16	46.68	47.21	44.49	43.31	44.69	49.44	47.86	42.5	38.21	48.79	49.94	48.16	48.21	47.04	55.34	47.92	47.04
zone3_00039	3	2026/04/28 18:45	5	0.1	49.36	46.68	49.68	43.09	47.82	46.3	45.26	49.58	44.17	54.51	50.66	48.07	48.1	52.49	50.91	48.3	48.86	48.57	46.93	51.41	48.14	44.2	42.07	42.02	40.6	40.84	47.13	45.14	46.17	44.83	43.74	42.56	47.45	44.83	38.32	46.43	46.43	51.85	48.67	50.96	49.4	48.36	53.83	47.76	44.22	43.87	43.31	44.24	50.55	52.73	63.18	65.9	65.4	63.71	61.44	59.65	57.95	56.86	65.03	66.71	63.18	60.87	64.51	63.91	62.48	59.47	59.03	59.01	59.72	61.43	57	58.38	57.43	55.49	55.49	55.49	55.49	55.49	55.49	55.49	55.49	55.49	55.49	60.9	60.9	60.9	60.9	56.27	56.27	56.27	60.61	57.27	58.63	54.71	54.1	62.03	62.77	60.33	61.29	58.38	52.6	52.04	50.16	46.88	47.46	45.49	46.11	44.64	42.56	53.21	51.03	47.48	46.91	50.98	48.93	47.59	46.04	46.89	51.45	50.1	45.65	42.24	41.85	40.4	45.54	43.17	44.2	43.85	40.76	49.2	47.27	45.98	39.86	45.25	47.66	45.12	45.73	47.66	44.77	42.52	47.61	44.67	44.17	40.43	41.38	47.12	44.26	45.11	45.8	44.37	54.42	45.9	52.1	46.43	49.64	48.8	48.42	45.72	43.84	54.71	51.11	50.24	49.61	49.3	50.29	49.8	49.31	45.91	46.54	51.22	49.07	44.85	46.15	40.91	44.48	44	44	43.16	46.68	47.21	44.49	43.31	44.69	49.44	47.86	42.5	38.21	48.79	49.94	48.16	48.21	47.04	55.34	47.92	47.04	49.51	50.89	46.19	49.62	46.73
zone3_00040	3	2026/04/28 18:45	5	0.1	46.3	45.26	49.58	44.17	54.51	50.66	48.07	48.1	52.49	50.91	48.3	48.86	48.57	46.93	51.41	48.14	44.2	42.07	42.02	40.6	40.84	47.13	45.14	46.17	44.83	43.74	42.56	47.45	44.83	38.32	46.43	46.43	51.85	48.67	50.96	49.4	48.36	53.83	47.76	44.22	43.87	43.31	44.24	50.55	52.73	48.76	54.96	51.78	47.32	47.14	59.65	57.95	56.86	65.03	66.71	63.18	60.87	64.51	63.91	62.48	59.47	59.03	59.01	59.72	61.43	57	58.38	57.43	55.49	55.49	55.49	55.49	55.49	55.49	55.49	55.49	55.49	55.49	60.9	60.9	60.9	60.9	56.27	56.27	56.27	60.61	57.27	58.63	54.71	54.1	62.03	62.77	60.33	61.29	58.38	68.73	64.67	63.38	60.07	62.74	45.49	46.11	44.64	42.56	53.21	51.03	47.48	46.91	50.98	48.93	47.59	46.04	46.89	51.45	50.1	45.65	42.24	41.85	40.4	45.54	43.17	44.2	43.85	40.76	49.2	47.27	45.98	39.86	45.25	47.66	45.12	45.73	47.66	44.77	42.52	47.61	44.67	44.17	40.43	41.38	47.12	44.26	45.11	45.8	44.37	54.35	50.1	49.98	45.02	47.59	48.8	48.42	45.72	43.84	54.71	51.11	50.24	49.61	49.3	50.29	49.8	49.31	45.91	46.54	51.22	49.07	44.85	46.15	40.91	44.48	44	44	43.16	46.68	47.21	44.49	43.31	44.69	49.44	47.86	42.5	38.21	48.79	49.94	48.16	48.21	47.04	55.34	47.92	47.04	49.51	50.89	46.19	49.62	46.73	55.07	52.84	50.22	49.22	48.1
zone3_00041	3	2026/04/28 18:45	5	0.1	50.66	48.07	48.1	52.49	50.91	48.3	48.86	48.57	46.93	51.41	48.14	44.2	42.07	42.02	40.6	40.84	47.13	45.14	46.17	44.83	43.74	42.56	47.45	44.83	38.32	46.43	46.43	51.85	48.67	50.96	49.4	48.36	53.83	47.76	44.22	43.87	43.31	44.24	50.55	52.73	48.76	54.96	51.78	47.32	47.14	50	52.54	49.91	50	49.07	63.18	60.87	64.51	63.91	62.48	59.47	59.03	59.01	59.72	61.43	57	58.38	57.43	55.49	55.49	55.49	55.49	55.49	55.49	55.49	55.49	55.49	55.49	60.9	60.9	60.9	60.9	56.27	56.27	56.27	60.61	57.27	58.63	54.71	54.1	62.03	62.77	60.33	61.29	58.38	68.73	64.67	63.38	60.07	62.74	63.83	61.54	62.45	62.9	64.02	51.03	47.48	46.91	50.98	48.93	47.59	46.04	46.89	51.45	50.1	45.65	42.24	41.85	40.4	45.54	43.17	44.2	43.85	40.76	49.2	47.27	45.98	39.86	45.25	47.66	45.12	45.73	47.66	44.77	42.52	47.61	44.67	44.17	40.43	41.38	47.12	44.26	45.11	45.8	44.37	54.35	50.1	49.98	45.02	47.59	49.62	49.4	47.06	49.85	48.28	51.11	50.24	49.61	49.3	50.29	49.8	49.31	45.91	46.54	51.22	49.07	44.85	46.15	40.91	44.48	44	44	43.16	46.68	47.21	44.49	43.31	44.69	49.44	47.86	42.5	38.21	48.79	49.94	48.16	48.21	47.04	55.34	47.92	47.04	49.51	50.89	46.19	49.62	46.73	55.07	52.84	50.22	49.22	48.1	49.83	51.11	48.22	50.42	49.91
zone3_00042	3	2026/04/28 18:45	5	0.1	48.3	48.86	48.57	46.93	51.41	48.14	44.2	42.07	42.02	40.6	40.84	47.13	45.14	46.17	44.83	43.74	42.56	47.45	44.83	38.32	46.43	46.43	51.85	48.67	50.96	49.4	48.36	53.83	47.76	44.22	43.87	43.31	44.24	50.55	52.73	48.76	54.96	51.78	47.32	47.14	50	52.54	49.91	50	49.07	52.28	50.59	47.82	46.58	46.25	59.47	59.03	59.01	59.72	61.43	57	58.38	57.43	55.49	55.49	55.49	55.49	55.49	55.49	55.49	55.49	55.49	55.49	60.9	60.9	60.9	60.9	56.27	56.27	56.27	60.61	57.27	58.63	54.71	54.1	62.03	62.77	60.33	61.29	58.38	68.73	64.67	63.38	60.07	62.74	63.83	61.54	62.45	62.9	64.02	66.92	60.24	60.24	56.89	57.37	47.59	46.04	46.89	51.45	50.1	45.65	42.24	41.85	40.4	45.54	43.17	44.2	43.85	40.76	49.2	47.27	45.98	39.86	45.25	47.66	45.12	45.73	47.66	44.77	42.52	47.61	44.67	44.17	40.43	41.38	47.12	44.26	45.11	45.8	44.37	54.35	50.1	49.98	45.02	47.59	49.62	49.4	47.06	49.85	48.28	49.89	46.4	45.46	44.45	43.38	49.8	49.31	45.91	46.54	51.22	49.07	44.85	46.15	40.91	44.48	44	44	43.16	46.68	47.21	44.49	43.31	44.69	49.44	47.86	42.5	38.21	48.79	49.94	48.16	48.21	47.04	55.34	47.92	47.04	49.51	50.89	46.19	49.62	46.73	55.07	52.84	50.22	49.22	48.1	49.83	51.11	48.22	50.42	49.91	51.6	49.54	48.16	47.97	46.8
zone3_00043	3	2026/04/28 18:45	5	0.1	48.14	44.2	42.07	42.02	40.6	40.84	47.13	45.14	46.17	44.83	43.74	42.56	47.45	44.83	38.32	46.43	46.43	51.85	48.67	50.96	49.4	48.36	53.83	47.76	44.22	43.87	43.31	44.24	50.55	52.73	48.76	54.96	51.78	47.32	47.14	50	52.54	49.91	50	49.07	52.28	50.59	47.82	46.58	46.25	44.03	49.68	44.72	49.6	45.84	57	58.38	57.43	55.49	55.49	55.49	55.49	55.49	55.49	55.49	55.49	55.49	55.49	60.9	60.9	60.9	60.9	56.27	56.27	56.27	60.61	57.27	58.63	54.71	54.1	62.03	62.77	60.33	61.29	58.38	68.73	64.67	63.38	60.07	62.74	63.83	61.54	62.45	62.9	64.02	66.92	60.24	60.24	56.89	57.37	57.92	55.48	58.18	56.63	55.24	45.65	42.24	41.85	40.4	45.54	43.17	44.2	43.85	40.76	49.2	47.27	45.98	39.86	45.25	47.66	45.12	45.73	47.66	44.77	42.52	47.61	44.67	44.17	40.43	41.38	47.12	44.26	45.11	45.8	44.37	54.35	50.1	49.98	45.02	47.59	49.62	49.4	47.06	49.85	48.28	49.89	46.4	45.46	44.45	43.38	43.68	44.19	45.48	47.31	44.01	49.07	44.85	46.15	40.91	44.48	44	44	43.16	46.68	47.21	44.49	43.31	44.69	49.44	47.86	42.5	38.21	48.79	49.94	48.16	48.21	47.04	55.34	47.92	47.04	49.51	50.89	46.19	49.62	46.73	55.07	52.84	50.22	49.22	48.1	49.83	51.11	48.22	50.42	49.91	51.6	49.54	48.16	47.97	46.8	44.56	44.81	47.03	49.42	44.53
zone3_00044	3	2026/04/28 18:45	5	0.1	40.84	47.13	45.14	46.17	44.83	43.74	42.56	47.45	44.83	38.32	46.43	46.43	51.85	48.67	50.96	49.4	48.36	53.83	47.76	44.22	43.87	43.31	44.24	50.55	52.73	48.76	54.96	51.78	47.32	47.14	50	52.54	49.91	50	49.07	52.28	50.59	47.82	46.58	46.25	44.03	49.68	44.72	49.6	45.84	41.71	51.92	45.86	50.48	47.85	55.49	55.49	55.49	55.49	55.49	55.49	55.49	55.49	60.9	60.9	60.9	60.9	56.27	56.27	56.27	60.61	57.27	58.63	54.71	54.1	62.03	62.77	60.33	61.29	58.38	68.73	64.67	63.38	60.07	62.74	63.83	61.54	62.45	62.9	64.02	66.92	60.24	60.24	56.89	57.37	57.92	55.48	58.18	56.63	55.24	53.82	61.14	56.79	62.03	60.77	43.17	44.2	43.85	40.76	49.2	47.27	45.98	39.86	45.25	47.66	45.12	45.73	47.66	44.77	42.52	47.61	44.67	44.17	40.43	41.38	47.12	44.26	45.11	45.8	44.37	54.35	50.1	49.98	45.02	47.59	49.62	49.4	47.06	49.85	48.28	49.89	46.4	45.46	44.45	43.38	43.68	44.19	45.48	47.31	44.01	46.85	47.87	44.76	48.46	47.36	44	44	43.16	46.68	47.21	44.49	43.31	44.69	49.44	47.86	42.5	38.21	48.79	49.94	48.16	48.21	47.04	55.34	47.92	47.04	49.51	50.89	46.19	49.62	46.73	55.07	52.84	50.22	49.22	48.1	49.83	51.11	48.22	50.42	49.91	51.6	49.54	48.16	47.97	46.8	44.56	44.81	47.03	49.42	44.53	45.48	51.72	47.22	48.74	51.03
zone3_00045	3	2026/04/28 18:45	5	0.1	43.74	42.56	47.45	44.83	38.32	46.43	46.43	51.85	48.67	50.96	49.4	48.36	53.83	47.76	44.22	43.87	43.31	44.24	50.55	52.73	48.76	54.96	51.78	47.32	47.14	50	52.54	49.91	50	49.07	52.28	50.59	47.82	46.58	46.25	44.03	49.68	44.72	49.6	45.84	41.71	51.92	45.86	50.48	47.85	47.82	53.02	51.33	47.15	53.54	55.49	55.49	55.49	60.9	60.9	60.9	60.9	56.27	56.27	56.27	60.61	57.27	58.63	54.71	54.1	62.03	62.77	60.33	61.29	58.38	68.73	64.67	63.38	60.07	62.74	63.83	61.54	62.45	62.9	64.02	66.92	60.24	60.24	56.89	57.37	57.92	55.48	58.18	56.63	55.24	53.82	61.14	56.79	62.03	60.77	61.94	59.56	60.33	62.81	64.91	47.27	45.98	39.86	45.25	47.66	45.12	45.73	47.66	44.77	42.52	47.61	44.67	44.17	40.43	41.38	47.12	44.26	45.11	45.8	44.37	54.35	50.1	49.98	45.02	47.59	49.62	49.4	47.06	49.85	48.28	49.89	46.4	45.46	44.45	43.38	43.68	44.19	45.48	47.31	44.01	46.85	47.87	44.76	48.46	47.36	48.49	51.83	50.78	48.54	51.09	44.49	43.31	44.69	49.44	47.86	42.5	38.21	48.79	49.94	48.16	48.21	47.04	55.34	47.92	47.04	49.51	50.89	46.19	49.62	46.73	55.07	52.84	50.22	49.22	48.1	49.83	51.11	48.22	50.42	49.91	51.6	49.54	48.16	47.97	46.8	44.56	44.81	47.03	49.42	44.53	45.48	51.72	47.22	48.74	51.03	51.4	55.38	53.3	50.2	54.38
zone3_00046	3	2026/04/28 18:45	5	0.1	46.43	46.43	51.85	48.67	50.96	49.4	48.36	53.83	47.76	44.22	43.87	43.31	44.24	50.55	52.73	48.76	54.96	51.78	47.32	47.14	50	52.54	49.91	50	49.07	52.28	50.59	47.82	46.58	46.25	44.03	49.68	44.72	49.6	45.84	41.71	51.92	45.86	50.48	47.85	47.82	53.02	51.33	47.15	53.54	51.43	50.79	47.07	51.36	49.82	60.9	60.9	56.27	56.27	56.27	60.61	57.27	58.63	54.71	54.1	62.03	62.77	60.33	61.29	58.38	68.73	64.67	63.38	60.07	62.74	63.83	61.54	62.45	62.9	64.02	66.92	60.24	60.24	56.89	57.37	57.92	55.48	58.18	56.63	55.24	53.82	61.14	56.79	62.03	60.77	61.94	59.56	60.33	62.81	64.91	61.19	62.38	57.2	63.34	62.06	45.12	45.73	47.66	44.77	42.52	47.61	44.67	44.17	40.43	41.38	47.12	44.26	45.11	45.8	44.37	54.35	50.1	49.98	45.02	47.59	49.62	49.4	47.06	49.85	48.28	49.89	46.4	45.46	44.45	43.38	43.68	44.19	45.48	47.31	44.01	46.85	47.87	44.76	48.46	47.36	48.49	51.83	50.78	48.54	51.09	51.48	49.93	46.82	50.07	49.24	42.5	38.21	48.79	49.94	48.16	48.21	47.04	55.34	47.92	47.04	49.51	50.89	46.19	49.62	46.73	55.07	52.84	50.22	49.22	48.1	49.83	51.11	48.22	50.42	49.91	51.6	49.54	48.16	47.97	46.8	44.56	44.81	47.03	49.42	44.53	45.48	51.72	47.22	48.74	51.03	51.4	55.38	53.3	50.2	54.38	55.42	52.16	47.24	50.94	48.97
zone3_00047	3	2026/04/28 18:45	5	0.1	49.4	48.36	53.83	47.76	44.22	43.87	43.31	44.24	50.55	52.73	48.76	54.96	51.78	47.32	47.14	50	52.54	49.91	50	49.07	52.28	50.59	47.82	46.58	46.25	44.03	49.68	44.72	49.6	45.84	41.71	51.92	45.86	50.48	47.85	47.82	53.02	51.33	47.15	53.54	51.43	50.79	47.07	51.36	49.82	46.83	46.21	52.89	49.99	45.84	60.61	57.27	58.63	54.71	54.1	62.03	62.77	60.33	61.29	58.38	68.73	64.67	63.38	60.07	62.74	63.83	61.54	62.45	62.9	64.02	66.92	60.24	60.24	56.89	57.37	57.92	55.48	58.18	56.63	55.24	53.82	61.14	56.79	62.03	60.77	61.94	59.56	60.33	62.81	64.91	61.19	62.38	57.2	63.34	62.06	59.47	55.64	67.24	63.64	60.32	47.61	44.67	44.17	40.43	41.38	47.12	44.26	45.11	45.8	44.37	54.35	50.1	49.98	45.02	47.59	49.62	49.4	47.06	49.85	48.28	49.89	46.4	45.46	44.45	43.38	43.68	44.19	45.48	47.31	44.01	46.85	47.87	44.76	48.46	47.36	48.49	51.83	50.78	48.54	51.09	51.48	49.93	46.82	50.07	49.24	48.06	47.05	49.97	53.28	46.66	48.21	47.04	55.34	47.92	47.04	49.51	50.89	46.19	49.62	46.73	55.07	52.84	50.22	49.22	48.1	49.83	51.11	48.22	50.42	49.91	51.6	49.54	48.16	47.97	46.8	44.56	44.81	47.03	49.42	44.53	45.48	51.72	47.22	48.74	51.03	51.4	55.38	53.3	50.2	54.38	55.42	52.16	47.24	50.94	48.97	46	48.69	53.83	52.49	47.49
zone3_00048	3	2026/04/28 18:45	5	0.1	43.87	43.31	44.24	50.55	52.73	48.76	54.96	51.78	47.32	47.14	50	52.54	49.91	50	49.07	52.28	50.59	47.82	46.58	46.25	44.03	49.68	44.72	49.6	45.84	41.71	51.92	45.86	50.48	47.85	47.82	53.02	51.33	47.15	53.54	51.43	50.79	47.07	51.36	49.82	46.83	46.21	52.89	49.99	45.84	44.07	50.19	55.39	51.7	47.39	62.03	62.77	60.33	61.29	58.38	68.73	64.67	63.38	60.07	62.74	63.83	61.54	62.45	62.9	64.02	66.92	60.24	60.24	56.89	57.37	57.92	55.48	58.18	56.63	55.24	53.82	61.14	56.79	62.03	60.77	61.94	59.56	60.33	62.81	64.91	61.19	62.38	57.2	63.34	62.06	59.47	55.64	67.24	63.64	60.32	55.31	65.52	63.14	60.65	63.61	47.12	44.26	45.11	45.8	44.37	54.35	50.1	49.98	45.02	47.59	49.62	49.4	47.06	49.85	48.28	49.89	46.4	45.46	44.45	43.38	43.68	44.19	45.48	47.31	44.01	46.85	47.87	44.76	48.46	47.36	48.49	51.83	50.78	48.54	51.09	51.48	49.93	46.82	50.07	49.24	48.06	47.05	49.97	53.28	46.66	43.34	51.89	54.39	54.39	54.39	49.51	50.89	46.19	49.62	46.73	55.07	52.84	50.22	49.22	48.1	49.83	51.11	48.22	50.42	49.91	51.6	49.54	48.16	47.97	46.8	44.56	44.81	47.03	49.42	44.53	45.48	51.72	47.22	48.74	51.03	51.4	55.38	53.3	50.2	54.38	55.42	52.16	47.24	50.94	48.97	46	48.69	53.83	52.49	47.49	48.59	53.15	54.48	50.36	53.11
zone3_00049	3	2026/04/28 18:45	5	0.1	48.76	54.96	51.78	47.32	47.14	50	52.54	49.91	50	49.07	52.28	50.59	47.82	46.58	46.25	44.03	49.68	44.72	49.6	45.84	41.71	51.92	45.86	50.48	47.85	47.82	53.02	51.33	47.15	53.54	51.43	50.79	47.07	51.36	49.82	46.83	46.21	52.89	49.99	45.84	44.07	50.19	55.39	51.7	47.39	50.18	49.77	50.75	50.66	48.61	68.73	64.67	63.38	60.07	62.74	63.83	61.54	62.45	62.9	64.02	66.92	60.24	60.24	56.89	57.37	57.92	55.48	58.18	56.63	55.24	53.82	61.14	56.79	62.03	60.77	61.94	59.56	60.33	62.81	64.91	61.19	62.38	57.2	63.34	62.06	59.47	55.64	67.24	63.64	60.32	55.31	65.52	63.14	60.65	63.61	65.36	64.07	63.91	62.81	58.51	54.35	50.1	49.98	45.02	47.59	49.62	49.4	47.06	49.85	48.28	49.89	46.4	45.46	44.45	43.38	43.68	44.19	45.48	47.31	44.01	46.85	47.87	44.76	48.46	47.36	48.49	51.83	50.78	48.54	51.09	51.48	49.93	46.82	50.07	49.24	48.06	47.05	49.97	53.28	46.66	43.34	51.89	54.39	54.39	54.39	54.39	50.86	49.81	48.55	48.07	55.07	52.84	50.22	49.22	48.1	49.83	51.11	48.22	50.42	49.91	51.6	49.54	48.16	47.97	46.8	44.56	44.81	47.03	49.42	44.53	45.48	51.72	47.22	48.74	51.03	51.4	55.38	53.3	50.2	54.38	55.42	52.16	47.24	50.94	48.97	46	48.69	53.83	52.49	47.49	48.59	53.15	54.48	50.36	53.11	55.72	52.9	56.15	55.73	52.04
zone3_00050	3	2026/04/28 18:45	5	0.1	50	52.54	49.91	50	49.07	52.28	50.59	47.82	46.58	46.25	44.03	49.68	44.72	49.6	45.84	41.71	51.92	45.86	50.48	47.85	47.82	53.02	51.33	47.15	53.54	51.43	50.79	47.07	51.36	49.82	46.83	46.21	52.89	49.99	45.84	44.07	50.19	55.39	51.7	47.39	50.18	49.77	50.75	50.66	48.61	46.04	43.01	49.58	43.7	45.55	63.83	61.54	62.45	62.9	64.02	66.92	60.24	60.24	56.89	57.37	57.92	55.48	58.18	56.63	55.24	53.82	61.14	56.79	62.03	60.77	61.94	59.56	60.33	62.81	64.91	61.19	62.38	57.2	63.34	62.06	59.47	55.64	67.24	63.64	60.32	55.31	65.52	63.14	60.65	63.61	65.36	64.07	63.91	62.81	58.51	56.47	62.88	61.29	55.69	59.92	49.62	49.4	47.06	49.85	48.28	49.89	46.4	45.46	44.45	43.38	43.68	44.19	45.48	47.31	44.01	46.85	47.87	44.76	48.46	47.36	48.49	51.83	50.78	48.54	51.09	51.48	49.93	46.82	50.07	49.24	48.06	47.05	49.97	53.28	46.66	43.34	51.89	54.39	54.39	54.39	54.39	50.86	49.81	48.55	48.07	43.44	46.26	48.63	43.48	45.08	49.83	51.11	48.22	50.42	49.91	51.6	49.54	48.16	47.97	46.8	44.56	44.81	47.03	49.42	44.53	45.48	51.72	47.22	48.74	51.03	51.4	55.38	53.3	50.2	54.38	55.42	52.16	47.24	50.94	48.97	46	48.69	53.83	52.49	47.49	48.59	53.15	54.48	50.36	53.11	55.72	52.9	56.15	55.73	52.04	46.2	45.44	51.47	47.46	46.54
zone3_00051	3	2026/04/28 18:45	5	0.1	52.28	50.59	47.82	46.58	46.25	44.03	49.68	44.72	49.6	45.84	41.71	51.92	45.86	50.48	47.85	47.82	53.02	51.33	47.15	53.54	51.43	50.79	47.07	51.36	49.82	46.83	46.21	52.89	49.99	45.84	44.07	50.19	55.39	51.7	47.39	50.18	49.77	50.75	50.66	48.61	46.04	43.01	49.58	43.7	45.55	49.68	51.14	47.31	50.26	45.94	66.92	60.24	60.24	56.89	57.37	57.92	55.48	58.18	56.63	55.24	53.82	61.14	56.79	62.03	60.77	61.94	59.56	60.33	62.81	64.91	61.19	62.38	57.2	63.34	62.06	59.47	55.64	67.24	63.64	60.32	55.31	65.52	63.14	60.65	63.61	65.36	64.07	63.91	62.81	58.51	56.47	62.88	61.29	55.69	59.92	63.05	65.35	57.41	64.73	61.23	49.89	46.4	45.46	44.45	43.38	43.68	44.19	45.48	47.31	44.01	46.85	47.87	44.76	48.46	47.36	48.49	51.83	50.78	48.54	51.09	51.48	49.93	46.82	50.07	49.24	48.06	47.05	49.97	53.28	46.66	43.34	51.89	54.39	54.39	54.39	54.39	50.86	49.81	48.55	48.07	43.44	46.26	48.63	43.48	45.08	48.68	42.68	47.93	50.29	44.46	51.6	49.54	48.16	47.97	46.8	44.56	44.81	47.03	49.42	44.53	45.48	51.72	47.22	48.74	51.03	51.4	55.38	53.3	50.2	54.38	55.42	52.16	47.24	50.94	48.97	46	48.69	53.83	52.49	47.49	48.59	53.15	54.48	50.36	53.11	55.72	52.9	56.15	55.73	52.04	46.2	45.44	51.47	47.46	46.54	52.24	49.29	53.73	51.2	47.94
zone3_00052	3	2026/04/28 18:45	5	0.1	44.03	49.68	44.72	49.6	45.84	41.71	51.92	45.86	50.48	47.85	47.82	53.02	51.33	47.15	53.54	51.43	50.79	47.07	51.36	49.82	46.83	46.21	52.89	49.99	45.84	44.07	50.19	55.39	51.7	47.39	50.18	49.77	50.75	50.66	48.61	46.04	43.01	49.58	43.7	45.55	49.68	51.14	47.31	50.26	45.94	48.75	49.05	52.67	46.24	41.98	57.92	55.48	58.18	56.63	55.24	53.82	61.14	56.79	62.03	60.77	61.94	59.56	60.33	62.81	64.91	61.19	62.38	57.2	63.34	62.06	59.47	55.64	67.24	63.64	60.32	55.31	65.52	63.14	60.65	63.61	65.36	64.07	63.91	62.81	58.51	56.47	62.88	61.29	55.69	59.92	63.05	65.35	57.41	64.73	61.23	64.23	61.85	64.11	59.44	55.63	43.68	44.19	45.48	47.31	44.01	46.85	47.87	44.76	48.46	47.36	48.49	51.83	50.78	48.54	51.09	51.48	49.93	46.82	50.07	49.24	48.06	47.05	49.97	53.28	46.66	43.34	51.89	54.39	54.39	54.39	54.39	50.86	49.81	48.55	48.07	43.44	46.26	48.63	43.48	45.08	48.68	42.68	47.93	50.29	44.46	50.27	47.94	51.33	46.25	41.48	44.56	44.81	47.03	49.42	44.53	45.48	51.72	47.22	48.74	51.03	51.4	55.38	53.3	50.2	54.38	55.42	52.16	47.24	50.94	48.97	46	48.69	53.83	52.49	47.49	48.59	53.15	54.48	50.36	53.11	55.72	52.9	56.15	55.73	52.04	46.2	45.44	51.47	47.46	46.54	52.24	49.29	53.73	51.2	47.94	50.27	49.11	51.3	47.35	46.22
zone3_00053	3	2026/04/28 18:45	5	0.1	41.71	51.92	45.86	50.48	47.85	47.82	53.02	51.33	47.15	53.54	51.43	50.79	47.07	51.36	49.82	46.83	46.21	52.89	49.99	45.84	44.07	50.19	55.39	51.7	47.39	50.18	49.77	50.75	50.66	48.61	46.04	43.01	49.58	43.7	45.55	49.68	51.14	47.31	50.26	45.94	48.75	49.05	52.67	46.24	41.98	54.43	56.19	53.23	53.77	50.55	53.82	61.14	56.79	62.03	60.77	61.94	59.56	60.33	62.81	64.91	61.19	62.38	57.2	63.34	62.06	59.47	55.64	67.24	63.64	60.32	55.31	65.52	63.14	60.65	63.61	65.36	64.07	63.91	62.81	58.51	56.47	62.88	61.29	55.69	59.92	63.05	65.35	57.41	64.73	61.23	64.23	61.85	64.11	59.44	55.63	71.63	66.9	66.08	68.1	64.6	46.85	47.87	44.76	48.46	47.36	48.49	51.83	50.78	48.54	51.09	51.48	49.93	46.82	50.07	49.24	48.06	47.05	49.97	53.28	46.66	43.34	51.89	54.39	54.39	54.39	54.39	50.86	49.81	48.55	48.07	43.44	46.26	48.63	43.48	45.08	48.68	42.68	47.93	50.29	44.46	50.27	47.94	51.33	46.25	41.48	55.45	51.65	51.85	52.61	50.28	45.48	51.72	47.22	48.74	51.03	51.4	55.38	53.3	50.2	54.38	55.42	52.16	47.24	50.94	48.97	46	48.69	53.83	52.49	47.49	48.59	53.15	54.48	50.36	53.11	55.72	52.9	56.15	55.73	52.04	46.2	45.44	51.47	47.46	46.54	52.24	49.29	53.73	51.2	47.94	50.27	49.11	51.3	47.35	46.22	55.63	56.42	54.71	54.39	54.22
zone3_00054	3	2026/04/28 18:45	5	0.1	47.82	53.02	51.33	47.15	53.54	51.43	50.79	47.07	51.36	49.82	46.83	46.21	52.89	49.99	45.84	44.07	50.19	55.39	51.7	47.39	50.18	49.77	50.75	50.66	48.61	46.04	43.01	49.58	43.7	45.55	49.68	51.14	47.31	50.26	45.94	48.75	49.05	52.67	46.24	41.98	54.43	56.19	53.23	53.77	50.55	50.5	50.81	46.98	48.96	45.01	61.94	59.56	60.33	62.81	64.91	61.19	62.38	57.2	63.34	62.06	59.47	55.64	67.24	63.64	60.32	55.31	65.52	63.14	60.65	63.61	65.36	64.07	63.91	62.81	58.51	56.47	62.88	61.29	55.69	59.92	63.05	65.35	57.41	64.73	61.23	64.23	61.85	64.11	59.44	55.63	71.63	66.9	66.08	68.1	64.6	63.16	56.94	64.36	59.68	56.25	48.49	51.83	50.78	48.54	51.09	51.48	49.93	46.82	50.07	49.24	48.06	47.05	49.97	53.28	46.66	43.34	51.89	54.39	54.39	54.39	54.39	50.86	49.81	48.55	48.07	43.44	46.26	48.63	43.48	45.08	48.68	42.68	47.93	50.29	44.46	50.27	47.94	51.33	46.25	41.48	55.45	51.65	51.85	52.61	50.28	48.44	45.47	50.52	47.35	42.7	51.4	55.38	53.3	50.2	54.38	55.42	52.16	47.24	50.94	48.97	46	48.69	53.83	52.49	47.49	48.59	53.15	54.48	50.36	53.11	55.72	52.9	56.15	55.73	52.04	46.2	45.44	51.47	47.46	46.54	52.24	49.29	53.73	51.2	47.94	50.27	49.11	51.3	47.35	46.22	55.63	56.42	54.71	54.39	54.22	52.17	50.69	50.57	48.66	45.68
zone3_00055	3	2026/04/28 18:45	5	0.1	51.43	50.79	47.07	51.36	49.82	46.83	46.21	52.89	49.99	45.84	44.07	50.19	55.39	51.7	47.39	50.18	49.77	50.75	50.66	48.61	46.04	43.01	49.58	43.7	45.55	49.68	51.14	47.31	50.26	45.94	48.75	49.05	52.67	46.24	41.98	54.43	56.19	53.23	53.77	50.55	50.5	50.81	46.98	48.96	45.01	51.79	53.72	48.62	50.42	47.14	61.19	62.38	57.2	63.34	62.06	59.47	55.64	67.24	63.64	60.32	55.31	65.52	63.14	60.65	63.61	65.36	64.07	63.91	62.81	58.51	56.47	62.88	61.29	55.69	59.92	63.05	65.35	57.41	64.73	61.23	64.23	61.85	64.11	59.44	55.63	71.63	66.9	66.08	68.1	64.6	63.16	56.94	64.36	59.68	56.25	63.06	64.55	64.8	64.1	58.21	51.48	49.93	46.82	50.07	49.24	48.06	47.05	49.97	53.28	46.66	43.34	51.89	54.39	54.39	54.39	54.39	50.86	49.81	48.55	48.07	43.44	46.26	48.63	43.48	45.08	48.68	42.68	47.93	50.29	44.46	50.27	47.94	51.33	46.25	41.48	55.45	51.65	51.85	52.61	50.28	48.44	45.47	50.52	47.35	42.7	50.2	47.15	50.81	51.21	46.14	55.42	52.16	47.24	50.94	48.97	46	48.69	53.83	52.49	47.49	48.59	53.15	54.48	50.36	53.11	55.72	52.9	56.15	55.73	52.04	46.2	45.44	51.47	47.46	46.54	52.24	49.29	53.73	51.2	47.94	50.27	49.11	51.3	47.35	46.22	55.63	56.42	54.71	54.39	54.22	52.17	50.69	50.57	48.66	45.68	53.75	51.08	56.17	48.74	47.29
zone3_00056	3	2026/04/28 18:45	5	0.1	46.83	46.21	52.89	49.99	45.84	44.07	50.19	55.39	51.7	47.39	50.18	49.77	50.75	50.66	48.61	46.04	43.01	49.58	43.7	45.55	49.68	51.14	47.31	50.26	45.94	48.75	49.05	52.67	46.24	41.98	54.43	56.19	53.23	53.77	50.55	50.5	50.81	46.98	48.96	45.01	51.79	53.72	48.62	50.42	47.14	46.75	46.98	47.89	47.61	54.72	59.47	55.64	67.24	63.64	60.32	55.31	65.52	63.14	60.65	63.61	65.36	64.07	63.91	62.81	58.51	56.47	62.88	61.29	55.69	59.92	63.05	65.35	57.41	64.73	61.23	64.23	61.85	64.11	59.44	55.63	71.63	66.9	66.08	68.1	64.6	63.16	56.94	64.36	59.68	56.25	63.06	64.55	64.8	64.1	58.21	59.76	59.76	59.76	59.76	59.76	48.06	47.05	49.97	53.28	46.66	43.34	51.89	54.39	54.39	54.39	54.39	50.86	49.81	48.55	48.07	43.44	46.26	48.63	43.48	45.08	48.68	42.68	47.93	50.29	44.46	50.27	47.94	51.33	46.25	41.48	55.45	51.65	51.85	52.61	50.28	48.44	45.47	50.52	47.35	42.7	50.2	47.15	50.81	51.21	46.14	45.99	48.37	48.33	57.2	52.56	46	48.69	53.83	52.49	47.49	48.59	53.15	54.48	50.36	53.11	55.72	52.9	56.15	55.73	52.04	46.2	45.44	51.47	47.46	46.54	52.24	49.29	53.73	51.2	47.94	50.27	49.11	51.3	47.35	46.22	55.63	56.42	54.71	54.39	54.22	52.17	50.69	50.57	48.66	45.68	53.75	51.08	56.17	48.74	47.29	48.09	50.11	48.69	58.03	54.55
zone3_00057	3	2026/04/28 18:45	5	0.1	44.07	50.19	55.39	51.7	47.39	50.18	49.77	50.75	50.66	48.61	46.04	43.01	49.58	43.7	45.55	49.68	51.14	47.31	50.26	45.94	48.75	49.05	52.67	46.24	41.98	54.43	56.19	53.23	53.77	50.55	50.5	50.81	46.98	48.96	45.01	51.79	53.72	48.62	50.42	47.14	46.75	46.98	47.89	47.61	54.72	53.65	47.83	47.83	48.13	53.7	55.31	65.52	63.14	60.65	63.61	65.36	64.07	63.91	62.81	58.51	56.47	62.88	61.29	55.69	59.92	63.05	65.35	57.41	64.73	61.23	64.23	61.85	64.11	59.44	55.63	71.63	66.9	66.08	68.1	64.6	63.16	56.94	64.36	59.68	56.25	63.06	64.55	64.8	64.1	58.21	59.76	59.76	59.76	59.76	59.76	59.76	68.85	69.39	70.33	67.58	43.34	51.89	54.39	54.39	54.39	54.39	50.86	49.81	48.55	48.07	43.44	46.26	48.63	43.48	45.08	48.68	42.68	47.93	50.29	44.46	50.27	47.94	51.33	46.25	41.48	55.45	51.65	51.85	52.61	50.28	48.44	45.47	50.52	47.35	42.7	50.2	47.15	50.81	51.21	46.14	45.99	48.37	48.33	57.2	52.56	51.32	47.24	46.59	51.3	49.83	48.59	53.15	54.48	50.36	53.11	55.72	52.9	56.15	55.73	52.04	46.2	45.44	51.47	47.46	46.54	52.24	49.29	53.73	51.2	47.94	50.27	49.11	51.3	47.35	46.22	55.63	56.42	54.71	54.39	54.22	52.17	50.69	50.57	48.66	45.68	53.75	51.08	56.17	48.74	47.29	48.09	50.11	48.69	58.03	54.55	53.81	50.02	48.43	49.59	53.37
zone3_00058	3	2026/04/28 18:45	5	0.1	50.18	49.77	50.75	50.66	48.61	46.04	43.01	49.58	43.7	45.55	49.68	51.14	47.31	50.26	45.94	48.75	49.05	52.67	46.24	41.98	54.43	56.19	53.23	53.77	50.55	50.5	50.81	46.98	48.96	45.01	51.79	53.72	48.62	50.42	47.14	46.75	46.98	47.89	47.61	54.72	53.65	47.83	47.83	48.13	53.7	55.57	50.75	51.71	52.28	54.15	65.36	64.07	63.91	62.81	58.51	56.47	62.88	61.29	55.69	59.92	63.05	65.35	57.41	64.73	61.23	64.23	61.85	64.11	59.44	55.63	71.63	66.9	66.08	68.1	64.6	63.16	56.94	64.36	59.68	56.25	63.06	64.55	64.8	64.1	58.21	59.76	59.76	59.76	59.76	59.76	59.76	68.85	69.39	70.33	67.58	58.66	64.64	59.61	63.56	66.35	54.39	50.86	49.81	48.55	48.07	43.44	46.26	48.63	43.48	45.08	48.68	42.68	47.93	50.29	44.46	50.27	47.94	51.33	46.25	41.48	55.45	51.65	51.85	52.61	50.28	48.44	45.47	50.52	47.35	42.7	50.2	47.15	50.81	51.21	46.14	45.99	48.37	48.33	57.2	52.56	51.32	47.24	46.59	51.3	49.83	49.83	49.85	48.5	51.79	51.97	55.72	52.9	56.15	55.73	52.04	46.2	45.44	51.47	47.46	46.54	52.24	49.29	53.73	51.2	47.94	50.27	49.11	51.3	47.35	46.22	55.63	56.42	54.71	54.39	54.22	52.17	50.69	50.57	48.66	45.68	53.75	51.08	56.17	48.74	47.29	48.09	50.11	48.69	58.03	54.55	53.81	50.02	48.43	49.59	53.37	53.37	54.13	52.05	50.25	55.68
zone3_00059	3	2026/04/28 18:45	5	0.1	46.04	43.01	49.58	43.7	45.55	49.68	51.14	47.31	50.26	45.94	48.75	49.05	52.67	46.24	41.98	54.43	56.19	53.23	53.77	50.55	50.5	50.81	46.98	48.96	45.01	51.79	53.72	48.62	50.42	47.14	46.75	46.98	47.89	47.61	54.72	53.65	47.83	47.83	48.13	53.7	55.57	50.75	51.71	52.28	54.15	54.15	56.7	58.83	50.36	48.87	56.47	62.88	61.29	55.69	59.92	63.05	65.35	57.41	64.73	61.23	64.23	61.85	64.11	59.44	55.63	71.63	66.9	66.08	68.1	64.6	63.16	56.94	64.36	59.68	56.25	63.06	64.55	64.8	64.1	58.21	59.76	59.76	59.76	59.76	59.76	59.76	68.85	69.39	70.33	67.58	58.66	64.64	59.61	63.56	66.35	66.05	71.17	60.55	63	60.77	43.44	46.26	48.63	43.48	45.08	48.68	42.68	47.93	50.29	44.46	50.27	47.94	51.33	46.25	41.48	55.45	51.65	51.85	52.61	50.28	48.44	45.47	50.52	47.35	42.7	50.2	47.15	50.81	51.21	46.14	45.99	48.37	48.33	57.2	52.56	51.32	47.24	46.59	51.3	49.83	49.83	49.85	48.5	51.79	51.97	51	53.82	48.16	49.8	47.79	46.2	45.44	51.47	47.46	46.54	52.24	49.29	53.73	51.2	47.94	50.27	49.11	51.3	47.35	46.22	55.63	56.42	54.71	54.39	54.22	52.17	50.69	50.57	48.66	45.68	53.75	51.08	56.17	48.74	47.29	48.09	50.11	48.69	58.03	54.55	53.81	50.02	48.43	49.59	53.37	53.37	54.13	52.05	50.25	55.68	55.68	55.68	50.67	49.64	56.71
zone3_00060	3	2026/04/28 18:45	5	0.1	49.68	51.14	47.31	50.26	45.94	48.75	49.05	52.67	46.24	41.98	54.43	56.19	53.23	53.77	50.55	50.5	50.81	46.98	48.96	45.01	51.79	53.72	48.62	50.42	47.14	46.75	46.98	47.89	47.61	54.72	53.65	47.83	47.83	48.13	53.7	55.57	50.75	51.71	52.28	54.15	54.15	56.7	58.83	50.36	48.87	46.06	50.52	56.57	54.78	49.86	63.05	65.35	57.41	64.73	61.23	64.23	61.85	64.11	59.44	55.63	71.63	66.9	66.08	68.1	64.6	63.16	56.94	64.36	59.68	56.25	63.06	64.55	64.8	64.1	58.21	59.76	59.76	59.76	59.76	59.76	59.76	68.85	69.39	70.33	67.58	58.66	64.64	59.61	63.56	66.35	66.05	71.17	60.55	63	60.77	61.91	72.06	71.32	71.77	70.21	48.68	42.68	47.93	50.29	44.46	50.27	47.94	51.33	46.25	41.48	55.45	51.65	51.85	52.61	50.28	48.44	45.47	50.52	47.35	42.7	50.2	47.15	50.81	51.21	46.14	45.99	48.37	48.33	57.2	52.56	51.32	47.24	46.59	51.3	49.83	49.83	49.85	48.5	51.79	51.97	51	53.82	48.16	49.8	47.79	46.52	54.02	53.76	55.05	52.52	52.24	49.29	53.73	51.2	47.94	50.27	49.11	51.3	47.35	46.22	55.63	56.42	54.71	54.39	54.22	52.17	50.69	50.57	48.66	45.68	53.75	51.08	56.17	48.74	47.29	48.09	50.11	48.69	58.03	54.55	53.81	50.02	48.43	49.59	53.37	53.37	54.13	52.05	50.25	55.68	55.68	55.68	50.67	49.64	56.71	46.33	52.81	55.19	53.8	53.06
zone3_00061	3	2026/04/28 18:45	5	0.1	48.75	49.05	52.67	46.24	41.98	54.43	56.19	53.23	53.77	50.55	50.5	50.81	46.98	48.96	45.01	51.79	53.72	48.62	50.42	47.14	46.75	46.98	47.89	47.61	54.72	53.65	47.83	47.83	48.13	53.7	55.57	50.75	51.71	52.28	54.15	54.15	56.7	58.83	50.36	48.87	46.06	50.52	56.57	54.78	49.86	52.44	52.33	50.83	48.33	50.24	64.23	61.85	64.11	59.44	55.63	71.63	66.9	66.08	68.1	64.6	63.16	56.94	64.36	59.68	56.25	63.06	64.55	64.8	64.1	58.21	59.76	59.76	59.76	59.76	59.76	59.76	68.85	69.39	70.33	67.58	58.66	64.64	59.61	63.56	66.35	66.05	71.17	60.55	63	60.77	61.91	72.06	71.32	71.77	70.21	67.4	64.16	66.91	62.87	62.89	50.27	47.94	51.33	46.25	41.48	55.45	51.65	51.85	52.61	50.28	48.44	45.47	50.52	47.35	42.7	50.2	47.15	50.81	51.21	46.14	45.99	48.37	48.33	57.2	52.56	51.32	47.24	46.59	51.3	49.83	49.83	49.85	48.5	51.79	51.97	51	53.82	48.16	49.8	47.79	46.52	54.02	53.76	55.05	52.52	53.09	51.58	49.37	46.4	47.66	50.27	49.11	51.3	47.35	46.22	55.63	56.42	54.71	54.39	54.22	52.17	50.69	50.57	48.66	45.68	53.75	51.08	56.17	48.74	47.29	48.09	50.11	48.69	58.03	54.55	53.81	50.02	48.43	49.59	53.37	53.37	54.13	52.05	50.25	55.68	55.68	55.68	50.67	49.64	56.71	46.33	52.81	55.19	53.8	53.06	50.34	57.23	49.74	45.81	49.99
zone3_00062	3	2026/04/28 18:45	5	0.1	54.43	56.19	53.23	53.77	50.55	50.5	50.81	46.98	48.96	45.01	51.79	53.72	48.62	50.42	47.14	46.75	46.98	47.89	47.61	54.72	53.65	47.83	47.83	48.13	53.7	55.57	50.75	51.71	52.28	54.15	54.15	56.7	58.83	50.36	48.87	46.06	50.52	56.57	54.78	49.86	52.44	52.33	50.83	48.33	50.24	46.17	51.1	56.55	54.67	54.56	71.63	66.9	66.08	68.1	64.6	63.16	56.94	64.36	59.68	56.25	63.06	64.55	64.8	64.1	58.21	59.76	59.76	59.76	59.76	59.76	59.76	68.85	69.39	70.33	67.58	58.66	64.64	59.61	63.56	66.35	66.05	71.17	60.55	63	60.77	61.91	72.06	71.32	71.77	70.21	67.4	64.16	66.91	62.87	62.89	58.23	68.73	67.5	70.41	70.7	55.45	51.65	51.85	52.61	50.28	48.44	45.47	50.52	47.35	42.7	50.2	47.15	50.81	51.21	46.14	45.99	48.37	48.33	57.2	52.56	51.32	47.24	46.59	51.3	49.83	49.83	49.85	48.5	51.79	51.97	51	53.82	48.16	49.8	47.79	46.52	54.02	53.76	55.05	52.52	53.09	51.58	49.37	46.4	47.66	45.28	45.1	54.64	50.97	51.62	55.63	56.42	54.71	54.39	54.22	52.17	50.69	50.57	48.66	45.68	53.75	51.08	56.17	48.74	47.29	48.09	50.11	48.69	58.03	54.55	53.81	50.02	48.43	49.59	53.37	53.37	54.13	52.05	50.25	55.68	55.68	55.68	50.67	49.64	56.71	46.33	52.81	55.19	53.8	53.06	50.34	57.23	49.74	45.81	49.99	45.62	47.57	53.2	56.12	53.16
zone3_00063	3	2026/04/28 18:45	5	0.1	50.5	50.81	46.98	48.96	45.01	51.79	53.72	48.62	50.42	47.14	46.75	46.98	47.89	47.61	54.72	53.65	47.83	47.83	48.13	53.7	55.57	50.75	51.71	52.28	54.15	54.15	56.7	58.83	50.36	48.87	46.06	50.52	56.57	54.78	49.86	52.44	52.33	50.83	48.33	50.24	46.17	51.1	56.55	54.67	54.56	52.75	52.75	46.02	50.38	51.82	63.16	56.94	64.36	59.68	56.25	63.06	64.55	64.8	64.1	58.21	59.76	59.76	59.76	59.76	59.76	59.76	68.85	69.39	70.33	67.58	58.66	64.64	59.61	63.56	66.35	66.05	71.17	60.55	63	60.77	61.91	72.06	71.32	71.77	70.21	67.4	64.16	66.91	62.87	62.89	58.23	68.73	67.5	70.41	70.7	70.81	70.81	63.34	61.83	64.48	48.44	45.47	50.52	47.35	42.7	50.2	47.15	50.81	51.21	46.14	45.99	48.37	48.33	57.2	52.56	51.32	47.24	46.59	51.3	49.83	49.83	49.85	48.5	51.79	51.97	51	53.82	48.16	49.8	47.79	46.52	54.02	53.76	55.05	52.52	53.09	51.58	49.37	46.4	47.66	45.28	45.1	54.64	50.97	51.62	50.14	48.53	52.37	50.65	48.71	52.17	50.69	50.57	48.66	45.68	53.75	51.08	56.17	48.74	47.29	48.09	50.11	48.69	58.03	54.55	53.81	50.02	48.43	49.59	53.37	53.37	54.13	52.05	50.25	55.68	55.68	55.68	50.67	49.64	56.71	46.33	52.81	55.19	53.8	53.06	50.34	57.23	49.74	45.81	49.99	45.62	47.57	53.2	56.12	53.16	54.53	53.1	53.73	53.61	51.59
zone3_00064	3	2026/04/28 18:45	5	0.1	51.79	53.72	48.62	50.42	47.14	46.75	46.98	47.89	47.61	54.72	53.65	47.83	47.83	48.13	53.7	55.57	50.75	51.71	52.28	54.15	54.15	56.7	58.83	50.36	48.87	46.06	50.52	56.57	54.78	49.86	52.44	52.33	50.83	48.33	50.24	46.17	51.1	56.55	54.67	54.56	52.75	52.75	46.02	50.38	51.82	51.33	51.45	47.55	44.78	46.01	63.06	64.55	64.8	64.1	58.21	59.76	59.76	59.76	59.76	59.76	59.76	68.85	69.39	70.33	67.58	58.66	64.64	59.61	63.56	66.35	66.05	71.17	60.55	63	60.77	61.91	72.06	71.32	71.77	70.21	67.4	64.16	66.91	62.87	62.89	58.23	68.73	67.5	70.41	70.7	70.81	70.81	63.34	61.83	64.48	63.7	62.22	54.23	54.77	65.57	50.2	47.15	50.81	51.21	46.14	45.99	48.37	48.33	57.2	52.56	51.32	47.24	46.59	51.3	49.83	49.83	49.85	48.5	51.79	51.97	51	53.82	48.16	49.8	47.79	46.52	54.02	53.76	55.05	52.52	53.09	51.58	49.37	46.4	47.66	45.28	45.1	54.64	50.97	51.62	50.14	48.53	52.37	50.65	48.71	49.42	47.68	44.94	45.32	51.5	53.75	51.08	56.17	48.74	47.29	48.09	50.11	48.69	58.03	54.55	53.81	50.02	48.43	49.59	53.37	53.37	54.13	52.05	50.25	55.68	55.68	55.68	50.67	49.64	56.71	46.33	52.81	55.19	53.8	53.06	50.34	57.23	49.74	45.81	49.99	45.62	47.57	53.2	56.12	53.16	54.53	53.1	53.73	53.61	51.59	49.56	49.42	51.28	52.64	47.09
zone3_00065	3	2026/04/28 18:45	5	0.1	46.75	46.98	47.89	47.61	54.72	53.65	47.83	47.83	48.13	53.7	55.57	50.75	51.71	52.28	54.15	54.15	56.7	58.83	50.36	48.87	46.06	50.52	56.57	54.78	49.86	52.44	52.33	50.83	48.33	50.24	46.17	51.1	56.55	54.67	54.56	52.75	52.75	46.02	50.38	51.82	51.33	51.45	47.55	44.78	46.01	56.43	56.43	56.35	45.98	45.88	59.76	59.76	59.76	59.76	59.76	59.76	68.85	69.39	70.33	67.58	58.66	64.64	59.61	63.56	66.35	66.05	71.17	60.55	63	60.77	61.91	72.06	71.32	71.77	70.21	67.4	64.16	66.91	62.87	62.89	58.23	68.73	67.5	70.41	70.7	70.81	70.81	63.34	61.83	64.48	63.7	62.22	54.23	54.77	65.57	69.16	68.62	57.01	53.41	67.73	45.99	48.37	48.33	57.2	52.56	51.32	47.24	46.59	51.3	49.83	49.83	49.85	48.5	51.79	51.97	51	53.82	48.16	49.8	47.79	46.52	54.02	53.76	55.05	52.52	53.09	51.58	49.37	46.4	47.66	45.28	45.1	54.64	50.97	51.62	50.14	48.53	52.37	50.65	48.71	49.42	47.68	44.94	45.32	51.5	55.73	54.99	44.91	42.61	47.96	48.09	50.11	48.69	58.03	54.55	53.81	50.02	48.43	49.59	53.37	53.37	54.13	52.05	50.25	55.68	55.68	55.68	50.67	49.64	56.71	46.33	52.81	55.19	53.8	53.06	50.34	57.23	49.74	45.81	49.99	45.62	47.57	53.2	56.12	53.16	54.53	53.1	53.73	53.61	51.59	49.56	49.42	51.28	52.64	47.09	45.79	52.49	59.87	56.57	44.73
zone3_00066	3	2026/04/28 18:45	5	0.1	53.65	47.83	47.83	48.13	53.7	55.57	50.75	51.71	52.28	54.15	54.15	56.7	58.83	50.36	48.87	46.06	50.52	56.57	54.78	49.86	52.44	52.33	50.83	48.33	50.24	46.17	51.1	56.55	54.67	54.56	52.75	52.75	46.02	50.38	51.82	51.33	51.45	47.55	44.78	46.01	56.43	56.43	56.35	45.98	45.88	59.03	57.14	50.87	47.32	53.5	59.76	68.85	69.39	70.33	67.58	58.66	64.64	59.61	63.56	66.35	66.05	71.17	60.55	63	60.77	61.91	72.06	71.32	71.77	70.21	67.4	64.16	66.91	62.87	62.89	58.23	68.73	67.5	70.41	70.7	70.81	70.81	63.34	61.83	64.48	63.7	62.22	54.23	54.77	65.57	69.16	68.62	57.01	53.41	67.73	67.42	70.53	68.76	59.65	71.13	51.32	47.24	46.59	51.3	49.83	49.83	49.85	48.5	51.79	51.97	51	53.82	48.16	49.8	47.79	46.52	54.02	53.76	55.05	52.52	53.09	51.58	49.37	46.4	47.66	45.28	45.1	54.64	50.97	51.62	50.14	48.53	52.37	50.65	48.71	49.42	47.68	44.94	45.32	51.5	55.73	54.99	44.91	42.61	47.96	54.87	51.17	52.82	47.22	50.61	53.81	50.02	48.43	49.59	53.37	53.37	54.13	52.05	50.25	55.68	55.68	55.68	50.67	49.64	56.71	46.33	52.81	55.19	53.8	53.06	50.34	57.23	49.74	45.81	49.99	45.62	47.57	53.2	56.12	53.16	54.53	53.1	53.73	53.61	51.59	49.56	49.42	51.28	52.64	47.09	45.79	52.49	59.87	56.57	44.73	45.59	43.41	56.26	49.6	54.69
zone3_00067	3	2026/04/28 18:45	5	0.1	55.57	50.75	51.71	52.28	54.15	54.15	56.7	58.83	50.36	48.87	46.06	50.52	56.57	54.78	49.86	52.44	52.33	50.83	48.33	50.24	46.17	51.1	56.55	54.67	54.56	52.75	52.75	46.02	50.38	51.82	51.33	51.45	47.55	44.78	46.01	56.43	56.43	56.35	45.98	45.88	59.03	57.14	50.87	47.32	53.5	53.39	51.85	56.07	54.09	53.87	58.66	64.64	59.61	63.56	66.35	66.05	71.17	60.55	63	60.77	61.91	72.06	71.32	71.77	70.21	67.4	64.16	66.91	62.87	62.89	58.23	68.73	67.5	70.41	70.7	70.81	70.81	63.34	61.83	64.48	63.7	62.22	54.23	54.77	65.57	69.16	68.62	57.01	53.41	67.73	67.42	70.53	68.76	59.65	71.13	69.21	58.35	65.19	67.63	67.41	49.83	49.85	48.5	51.79	51.97	51	53.82	48.16	49.8	47.79	46.52	54.02	53.76	55.05	52.52	53.09	51.58	49.37	46.4	47.66	45.28	45.1	54.64	50.97	51.62	50.14	48.53	52.37	50.65	48.71	49.42	47.68	44.94	45.32	51.5	55.73	54.99	44.91	42.61	47.96	54.87	51.17	52.82	47.22	50.61	54.11	46.13	53.53	50.88	52.42	53.37	54.13	52.05	50.25	55.68	55.68	55.68	50.67	49.64	56.71	46.33	52.81	55.19	53.8	53.06	50.34	57.23	49.74	45.81	49.99	45.62	47.57	53.2	56.12	53.16	54.53	53.1	53.73	53.61	51.59	49.56	49.42	51.28	52.64	47.09	45.79	52.49	59.87	56.57	44.73	45.59	43.41	56.26	49.6	54.69	54.83	48.38	54.37	55.91	54.51
zone3_00068	3	2026/04/28 18:45	5	0.1	54.15	56.7	58.83	50.36	48.87	46.06	50.52	56.57	54.78	49.86	52.44	52.33	50.83	48.33	50.24	46.17	51.1	56.55	54.67	54.56	52.75	52.75	46.02	50.38	51.82	51.33	51.45	47.55	44.78	46.01	56.43	56.43	56.35	45.98	45.88	59.03	57.14	50.87	47.32	53.5	53.39	51.85	56.07	54.09	53.87	51.08	46.74	48.97	57.2	55.59	66.05	71.17	60.55	63	60.77	61.91	72.06	71.32	71.77	70.21	67.4	64.16	66.91	62.87	62.89	58.23	68.73	67.5	70.41	70.7	70.81	70.81	63.34	61.83	64.48	63.7	62.22	54.23	54.77	65.57	69.16	68.62	57.01	53.41	67.73	67.42	70.53	68.76	59.65	71.13	69.21	58.35	65.19	67.63	67.41	62.09	55.56	61.77	67.46	68.17	51	53.82	48.16	49.8	47.79	46.52	54.02	53.76	55.05	52.52	53.09	51.58	49.37	46.4	47.66	45.28	45.1	54.64	50.97	51.62	50.14	48.53	52.37	50.65	48.71	49.42	47.68	44.94	45.32	51.5	55.73	54.99	44.91	42.61	47.96	54.87	51.17	52.82	47.22	50.61	54.11	46.13	53.53	50.88	52.42	50.11	44.19	46.02	50.93	51.5	55.68	55.68	50.67	49.64	56.71	46.33	52.81	55.19	53.8	53.06	50.34	57.23	49.74	45.81	49.99	45.62	47.57	53.2	56.12	53.16	54.53	53.1	53.73	53.61	51.59	49.56	49.42	51.28	52.64	47.09	45.79	52.49	59.87	56.57	44.73	45.59	43.41	56.26	49.6	54.69	54.83	48.38	54.37	55.91	54.51	53.04	46.82	49.59	55.02	57.11
zone3_00069	3	2026/04/28 18:46	5	0.1	46.06	50.52	56.57	54.78	49.86	52.44	52.33	50.83	48.33	50.24	46.17	51.1	56.55	54.67	54.56	52.75	52.75	46.02	50.38	51.82	51.33	51.45	47.55	44.78	46.01	56.43	56.43	56.35	45.98	45.88	59.03	57.14	50.87	47.32	53.5	53.39	51.85	56.07	54.09	53.87	51.08	46.74	48.97	57.2	55.59	56.8	54.99	49.61	47.27	52.81	61.91	72.06	71.32	71.77	70.21	67.4	64.16	66.91	62.87	62.89	58.23	68.73	67.5	70.41	70.7	70.81	70.81	63.34	61.83	64.48	63.7	62.22	54.23	54.77	65.57	69.16	68.62	57.01	53.41	67.73	67.42	70.53	68.76	59.65	71.13	69.21	58.35	65.19	67.63	67.41	62.09	55.56	61.77	67.46	68.17	68.57	56.49	58.72	68.14	59.63	46.52	54.02	53.76	55.05	52.52	53.09	51.58	49.37	46.4	47.66	45.28	45.1	54.64	50.97	51.62	50.14	48.53	52.37	50.65	48.71	49.42	47.68	44.94	45.32	51.5	55.73	54.99	44.91	42.61	47.96	54.87	51.17	52.82	47.22	50.61	54.11	46.13	53.53	50.88	52.42	50.11	44.19	46.02	50.93	51.5	52.52	44.18	47.56	51.53	45.2	46.33	52.81	55.19	53.8	53.06	50.34	57.23	49.74	45.81	49.99	45.62	47.57	53.2	56.12	53.16	54.53	53.1	53.73	53.61	51.59	49.56	49.42	51.28	52.64	47.09	45.79	52.49	59.87	56.57	44.73	45.59	43.41	56.26	49.6	54.69	54.83	48.38	54.37	55.91	54.51	53.04	46.82	49.59	55.02	57.11	60.73	59.14	49.04	56.28	52.45
zone3_00070	3	2026/04/28 18:46	5	0.1	52.44	52.33	50.83	48.33	50.24	46.17	51.1	56.55	54.67	54.56	52.75	52.75	46.02	50.38	51.82	51.33	51.45	47.55	44.78	46.01	56.43	56.43	56.35	45.98	45.88	59.03	57.14	50.87	47.32	53.5	53.39	51.85	56.07	54.09	53.87	51.08	46.74	48.97	57.2	55.59	56.8	54.99	49.61	47.27	52.81	52.73	48.97	49.21	55.6	53.59	67.4	64.16	66.91	62.87	62.89	58.23	68.73	67.5	70.41	70.7	70.81	70.81	63.34	61.83	64.48	63.7	62.22	54.23	54.77	65.57	69.16	68.62	57.01	53.41	67.73	67.42	70.53	68.76	59.65	71.13	69.21	58.35	65.19	67.63	67.41	62.09	55.56	61.77	67.46	68.17	68.57	56.49	58.72	68.14	59.63	64.49	60.63	63.85	69.05	68.63	53.09	51.58	49.37	46.4	47.66	45.28	45.1	54.64	50.97	51.62	50.14	48.53	52.37	50.65	48.71	49.42	47.68	44.94	45.32	51.5	55.73	54.99	44.91	42.61	47.96	54.87	51.17	52.82	47.22	50.61	54.11	46.13	53.53	50.88	52.42	50.11	44.19	46.02	50.93	51.5	52.52	44.18	47.56	51.53	45.2	50.03	46.35	45.61	54.4	52.98	50.34	57.23	49.74	45.81	49.99	45.62	47.57	53.2	56.12	53.16	54.53	53.1	53.73	53.61	51.59	49.56	49.42	51.28	52.64	47.09	45.79	52.49	59.87	56.57	44.73	45.59	43.41	56.26	49.6	54.69	54.83	48.38	54.37	55.91	54.51	53.04	46.82	49.59	55.02	57.11	60.73	59.14	49.04	56.28	52.45	49.9	50.72	47.49	55.5	53.6
zone3_00071	3	2026/04/28 18:46	5	0.1	46.17	51.1	56.55	54.67	54.56	52.75	52.75	46.02	50.38	51.82	51.33	51.45	47.55	44.78	46.01	56.43	56.43	56.35	45.98	45.88	59.03	57.14	50.87	47.32	53.5	53.39	51.85	56.07	54.09	53.87	51.08	46.74	48.97	57.2	55.59	56.8	54.99	49.61	47.27	52.81	52.73	48.97	49.21	55.6	53.59	53.36	52.37	47.92	55.23	53.48	58.23	68.73	67.5	70.41	70.7	70.81	70.81	63.34	61.83	64.48	63.7	62.22	54.23	54.77	65.57	69.16	68.62	57.01	53.41	67.73	67.42	70.53	68.76	59.65	71.13	69.21	58.35	65.19	67.63	67.41	62.09	55.56	61.77	67.46	68.17	68.57	56.49	58.72	68.14	59.63	64.49	60.63	63.85	69.05	68.63	60.47	64.82	58.76	72.4	69.96	45.28	45.1	54.64	50.97	51.62	50.14	48.53	52.37	50.65	48.71	49.42	47.68	44.94	45.32	51.5	55.73	54.99	44.91	42.61	47.96	54.87	51.17	52.82	47.22	50.61	54.11	46.13	53.53	50.88	52.42	50.11	44.19	46.02	50.93	51.5	52.52	44.18	47.56	51.53	45.2	50.03	46.35	45.61	54.4	52.98	49.44	46.88	44.33	51.86	49.48	45.62	47.57	53.2	56.12	53.16	54.53	53.1	53.73	53.61	51.59	49.56	49.42	51.28	52.64	47.09	45.79	52.49	59.87	56.57	44.73	45.59	43.41	56.26	49.6	54.69	54.83	48.38	54.37	55.91	54.51	53.04	46.82	49.59	55.02	57.11	60.73	59.14	49.04	56.28	52.45	49.9	50.72	47.49	55.5	53.6	56.96	51.93	45.48	56.43	53.95
zone3_00072	3	2026/04/28 18:46	5	0.1	52.75	52.75	46.02	50.38	51.82	51.33	51.45	47.55	44.78	46.01	56.43	56.43	56.35	45.98	45.88	59.03	57.14	50.87	47.32	53.5	53.39	51.85	56.07	54.09	53.87	51.08	46.74	48.97	57.2	55.59	56.8	54.99	49.61	47.27	52.81	52.73	48.97	49.21	55.6	53.59	53.36	52.37	47.92	55.23	53.48	52.39	49.85	49	48.61	46.12	70.81	70.81	63.34	61.83	64.48	63.7	62.22	54.23	54.77	65.57	69.16	68.62	57.01	53.41	67.73	67.42	70.53	68.76	59.65	71.13	69.21	58.35	65.19	67.63	67.41	62.09	55.56	61.77	67.46	68.17	68.57	56.49	58.72	68.14	59.63	64.49	60.63	63.85	69.05	68.63	60.47	64.82	58.76	72.4	69.96	63.63	63.95	58.87	60.57	61.09	50.14	48.53	52.37	50.65	48.71	49.42	47.68	44.94	45.32	51.5	55.73	54.99	44.91	42.61	47.96	54.87	51.17	52.82	47.22	50.61	54.11	46.13	53.53	50.88	52.42	50.11	44.19	46.02	50.93	51.5	52.52	44.18	47.56	51.53	45.2	50.03	46.35	45.61	54.4	52.98	49.44	46.88	44.33	51.86	49.48	50.85	48.16	47.01	46.32	46.03	54.53	53.1	53.73	53.61	51.59	49.56	49.42	51.28	52.64	47.09	45.79	52.49	59.87	56.57	44.73	45.59	43.41	56.26	49.6	54.69	54.83	48.38	54.37	55.91	54.51	53.04	46.82	49.59	55.02	57.11	60.73	59.14	49.04	56.28	52.45	49.9	50.72	47.49	55.5	53.6	56.96	51.93	45.48	56.43	53.95	52.42	49.02	50.22	45.52	46.68
zone3_00073	3	2026/04/28 18:46	5	0.1	51.33	51.45	47.55	44.78	46.01	56.43	56.43	56.35	45.98	45.88	59.03	57.14	50.87	47.32	53.5	53.39	51.85	56.07	54.09	53.87	51.08	46.74	48.97	57.2	55.59	56.8	54.99	49.61	47.27	52.81	52.73	48.97	49.21	55.6	53.59	53.36	52.37	47.92	55.23	53.48	52.39	49.85	49	48.61	46.12	49.69	50.58	56.25	55.56	48.85	63.7	62.22	54.23	54.77	65.57	69.16	68.62	57.01	53.41	67.73	67.42	70.53	68.76	59.65	71.13	69.21	58.35	65.19	67.63	67.41	62.09	55.56	61.77	67.46	68.17	68.57	56.49	58.72	68.14	59.63	64.49	60.63	63.85	69.05	68.63	60.47	64.82	58.76	72.4	69.96	63.63	63.95	58.87	60.57	61.09	61.34	67.83	66.02	65.64	55.76	49.42	47.68	44.94	45.32	51.5	55.73	54.99	44.91	42.61	47.96	54.87	51.17	52.82	47.22	50.61	54.11	46.13	53.53	50.88	52.42	50.11	44.19	46.02	50.93	51.5	52.52	44.18	47.56	51.53	45.2	50.03	46.35	45.61	54.4	52.98	49.44	46.88	44.33	51.86	49.48	50.85	48.16	47.01	46.32	46.03	48.18	52.24	50.83	53.1	48.78	49.56	49.42	51.28	52.64	47.09	45.79	52.49	59.87	56.57	44.73	45.59	43.41	56.26	49.6	54.69	54.83	48.38	54.37	55.91	54.51	53.04	46.82	49.59	55.02	57.11	60.73	59.14	49.04	56.28	52.45	49.9	50.72	47.49	55.5	53.6	56.96	51.93	45.48	56.43	53.95	52.42	49.02	50.22	45.52	46.68	46.68	45.33	49.74	56.68	51.09
zone3_00074	3	2026/04/28 18:46	5	0.1	56.43	56.43	56.35	45.98	45.88	59.03	57.14	50.87	47.32	53.5	53.39	51.85	56.07	54.09	53.87	51.08	46.74	48.97	57.2	55.59	56.8	54.99	49.61	47.27	52.81	52.73	48.97	49.21	55.6	53.59	53.36	52.37	47.92	55.23	53.48	52.39	49.85	49	48.61	46.12	49.69	50.58	56.25	55.56	48.85	44.21	55.02	53.09	55.12	52.02	69.16	68.62	57.01	53.41	67.73	67.42	70.53	68.76	59.65	71.13	69.21	58.35	65.19	67.63	67.41	62.09	55.56	61.77	67.46	68.17	68.57	56.49	58.72	68.14	59.63	64.49	60.63	63.85	69.05	68.63	60.47	64.82	58.76	72.4	69.96	63.63	63.95	58.87	60.57	61.09	61.34	67.83	66.02	65.64	55.76	60.26	64.93	63.13	63.14	66.49	55.73	54.99	44.91	42.61	47.96	54.87	51.17	52.82	47.22	50.61	54.11	46.13	53.53	50.88	52.42	50.11	44.19	46.02	50.93	51.5	52.52	44.18	47.56	51.53	45.2	50.03	46.35	45.61	54.4	52.98	49.44	46.88	44.33	51.86	49.48	50.85	48.16	47.01	46.32	46.03	48.18	52.24	50.83	53.1	48.78	44.73	51.51	51.58	52.91	51.23	45.79	52.49	59.87	56.57	44.73	45.59	43.41	56.26	49.6	54.69	54.83	48.38	54.37	55.91	54.51	53.04	46.82	49.59	55.02	57.11	60.73	59.14	49.04	56.28	52.45	49.9	50.72	47.49	55.5	53.6	56.96	51.93	45.48	56.43	53.95	52.42	49.02	50.22	45.52	46.68	46.68	45.33	49.74	56.68	51.09	43.23	57.11	52.11	52.6	55.33
zone3_00075	3	2026/04/28 18:46	5	0.1	59.03	57.14	50.87	47.32	53.5	53.39	51.85	56.07	54.09	53.87	51.08	46.74	48.97	57.2	55.59	56.8	54.99	49.61	47.27	52.81	52.73	48.97	49.21	55.6	53.59	53.36	52.37	47.92	55.23	53.48	52.39	49.85	49	48.61	46.12	49.69	50.58	56.25	55.56	48.85	44.21	55.02	53.09	55.12	52.02	50.05	51.9	51.97	55.7	55.63	67.42	70.53	68.76	59.65	71.13	69.21	58.35	65.19	67.63	67.41	62.09	55.56	61.77	67.46	68.17	68.57	56.49	58.72	68.14	59.63	64.49	60.63	63.85	69.05	68.63	60.47	64.82	58.76	72.4	69.96	63.63	63.95	58.87	60.57	61.09	61.34	67.83	66.02	65.64	55.76	60.26	64.93	63.13	63.14	66.49	65.43	69.5	68.88	69.86	69.82	54.87	51.17	52.82	47.22	50.61	54.11	46.13	53.53	50.88	52.42	50.11	44.19	46.02	50.93	51.5	52.52	44.18	47.56	51.53	45.2	50.03	46.35	45.61	54.4	52.98	49.44	46.88	44.33	51.86	49.48	50.85	48.16	47.01	46.32	46.03	48.18	52.24	50.83	53.1	48.78	44.73	51.51	51.58	52.91	51.23	49.82	51.27	51.49	53.32	53.4	45.59	43.41	56.26	49.6	54.69	54.83	48.38	54.37	55.91	54.51	53.04	46.82	49.59	55.02	57.11	60.73	59.14	49.04	56.28	52.45	49.9	50.72	47.49	55.5	53.6	56.96	51.93	45.48	56.43	53.95	52.42	49.02	50.22	45.52	46.68	46.68	45.33	49.74	56.68	51.09	43.23	57.11	52.11	52.6	55.33	55.05	53.68	51.94	55.21	54.35
zone3_00076	3	2026/04/28 18:46	5	0.1	53.39	51.85	56.07	54.09	53.87	51.08	46.74	48.97	57.2	55.59	56.8	54.99	49.61	47.27	52.81	52.73	48.97	49.21	55.6	53.59	53.36	52.37	47.92	55.23	53.48	52.39	49.85	49	48.61	46.12	49.69	50.58	56.25	55.56	48.85	44.21	55.02	53.09	55.12	52.02	50.05	51.9	51.97	55.7	55.63	51.53	51.39	50.73	47.93	49.05	69.21	58.35	65.19	67.63	67.41	62.09	55.56	61.77	67.46	68.17	68.57	56.49	58.72	68.14	59.63	64.49	60.63	63.85	69.05	68.63	60.47	64.82	58.76	72.4	69.96	63.63	63.95	58.87	60.57	61.09	61.34	67.83	66.02	65.64	55.76	60.26	64.93	63.13	63.14	66.49	65.43	69.5	68.88	69.86	69.82	63.99	70.34	70.04	63.48	64.25	54.11	46.13	53.53	50.88	52.42	50.11	44.19	46.02	50.93	51.5	52.52	44.18	47.56	51.53	45.2	50.03	46.35	45.61	54.4	52.98	49.44	46.88	44.33	51.86	49.48	50.85	48.16	47.01	46.32	46.03	48.18	52.24	50.83	53.1	48.78	44.73	51.51	51.58	52.91	51.23	49.82	51.27	51.49	53.32	53.4	47.89	54.01	52.79	46.95	50.35	54.83	48.38	54.37	55.91	54.51	53.04	46.82	49.59	55.02	57.11	60.73	59.14	49.04	56.28	52.45	49.9	50.72	47.49	55.5	53.6	56.96	51.93	45.48	56.43	53.95	52.42	49.02	50.22	45.52	46.68	46.68	45.33	49.74	56.68	51.09	43.23	57.11	52.11	52.6	55.33	55.05	53.68	51.94	55.21	54.35	49.23	55.12	56.73	50.08	53.5
zone3_00077	3	2026/04/28 18:46	5	0.1	51.08	46.74	48.97	57.2	55.59	56.8	54.99	49.61	47.27	52.81	52.73	48.97	49.21	55.6	53.59	53.36	52.37	47.92	55.23	53.48	52.39	49.85	49	48.61	46.12	49.69	50.58	56.25	55.56	48.85	44.21	55.02	53.09	55.12	52.02	50.05	51.9	51.97	55.7	55.63	51.53	51.39	50.73	47.93	49.05	49.87	47.87	46.97	47.89	53.68	62.09	55.56	61.77	67.46	68.17	68.57	56.49	58.72	68.14	59.63	64.49	60.63	63.85	69.05	68.63	60.47	64.82	58.76	72.4	69.96	63.63	63.95	58.87	60.57	61.09	61.34	67.83	66.02	65.64	55.76	60.26	64.93	63.13	63.14	66.49	65.43	69.5	68.88	69.86	69.82	63.99	70.34	70.04	63.48	64.25	61.32	63.74	62.14	60.63	67.98	50.11	44.19	46.02	50.93	51.5	52.52	44.18	47.56	51.53	45.2	50.03	46.35	45.61	54.4	52.98	49.44	46.88	44.33	51.86	49.48	50.85	48.16	47.01	46.32	46.03	48.18	52.24	50.83	53.1	48.78	44.73	51.51	51.58	52.91	51.23	49.82	51.27	51.49	53.32	53.4	47.89	54.01	52.79	46.95	50.35	46.59	51.19	46.54	47.64	54.04	53.04	46.82	49.59	55.02	57.11	60.73	59.14	49.04	56.28	52.45	49.9	50.72	47.49	55.5	53.6	56.96	51.93	45.48	56.43	53.95	52.42	49.02	50.22	45.52	46.68	46.68	45.33	49.74	56.68	51.09	43.23	57.11	52.11	52.6	55.33	55.05	53.68	51.94	55.21	54.35	49.23	55.12	56.73	50.08	53.5	50.93	52.66	47.68	49.57	56.93
zone3_00078	3	2026/04/28 18:46	5	0.1	56.8	54.99	49.61	47.27	52.81	52.73	48.97	49.21	55.6	53.59	53.36	52.37	47.92	55.23	53.48	52.39	49.85	49	48.61	46.12	49.69	50.58	56.25	55.56	48.85	44.21	55.02	53.09	55.12	52.02	50.05	51.9	51.97	55.7	55.63	51.53	51.39	50.73	47.93	49.05	49.87	47.87	46.97	47.89	53.68	51.83	49.25	48.96	46.65	48.66	68.57	56.49	58.72	68.14	59.63	64.49	60.63	63.85	69.05	68.63	60.47	64.82	58.76	72.4	69.96	63.63	63.95	58.87	60.57	61.09	61.34	67.83	66.02	65.64	55.76	60.26	64.93	63.13	63.14	66.49	65.43	69.5	68.88	69.86	69.82	63.99	70.34	70.04	63.48	64.25	61.32	63.74	62.14	60.63	67.98	70.01	67.49	61.97	58.07	60.58	52.52	44.18	47.56	51.53	45.2	50.03	46.35	45.61	54.4	52.98	49.44	46.88	44.33	51.86	49.48	50.85	48.16	47.01	46.32	46.03	48.18	52.24	50.83	53.1	48.78	44.73	51.51	51.58	52.91	51.23	49.82	51.27	51.49	53.32	53.4	47.89	54.01	52.79	46.95	50.35	46.59	51.19	46.54	47.64	54.04	51.94	51.6	48.41	45.43	47.77	60.73	59.14	49.04	56.28	52.45	49.9	50.72	47.49	55.5	53.6	56.96	51.93	45.48	56.43	53.95	52.42	49.02	50.22	45.52	46.68	46.68	45.33	49.74	56.68	51.09	43.23	57.11	52.11	52.6	55.33	55.05	53.68	51.94	55.21	54.35	49.23	55.12	56.73	50.08	53.5	50.93	52.66	47.68	49.57	56.93	54.83	54.71	50.37	47.13	51.13
zone3_00079	3	2026/04/28 18:46	5	0.1	52.73	48.97	49.21	55.6	53.59	53.36	52.37	47.92	55.23	53.48	52.39	49.85	49	48.61	46.12	49.69	50.58	56.25	55.56	48.85	44.21	55.02	53.09	55.12	52.02	50.05	51.9	51.97	55.7	55.63	51.53	51.39	50.73	47.93	49.05	49.87	47.87	46.97	47.89	53.68	51.83	49.25	48.96	46.65	48.66	48.26	52.28	54.41	47.06	50.18	64.49	60.63	63.85	69.05	68.63	60.47	64.82	58.76	72.4	69.96	63.63	63.95	58.87	60.57	61.09	61.34	67.83	66.02	65.64	55.76	60.26	64.93	63.13	63.14	66.49	65.43	69.5	68.88	69.86	69.82	63.99	70.34	70.04	63.48	64.25	61.32	63.74	62.14	60.63	67.98	70.01	67.49	61.97	58.07	60.58	62.19	64.16	62.14	60.14	62.81	50.03	46.35	45.61	54.4	52.98	49.44	46.88	44.33	51.86	49.48	50.85	48.16	47.01	46.32	46.03	48.18	52.24	50.83	53.1	48.78	44.73	51.51	51.58	52.91	51.23	49.82	51.27	51.49	53.32	53.4	47.89	54.01	52.79	46.95	50.35	46.59	51.19	46.54	47.64	54.04	51.94	51.6	48.41	45.43	47.77	56.07	50.56	49.6	45.77	54.03	49.9	50.72	47.49	55.5	53.6	56.96	51.93	45.48	56.43	53.95	52.42	49.02	50.22	45.52	46.68	46.68	45.33	49.74	56.68	51.09	43.23	57.11	52.11	52.6	55.33	55.05	53.68	51.94	55.21	54.35	49.23	55.12	56.73	50.08	53.5	50.93	52.66	47.68	49.57	56.93	54.83	54.71	50.37	47.13	51.13	54.36	50.73	51.86	47.2	53.31
zone3_00080	3	2026/04/28 18:46	5	0.1	53.36	52.37	47.92	55.23	53.48	52.39	49.85	49	48.61	46.12	49.69	50.58	56.25	55.56	48.85	44.21	55.02	53.09	55.12	52.02	50.05	51.9	51.97	55.7	55.63	51.53	51.39	50.73	47.93	49.05	49.87	47.87	46.97	47.89	53.68	51.83	49.25	48.96	46.65	48.66	48.26	52.28	54.41	47.06	50.18	55.01	54.52	53.45	52.51	53.08	60.47	64.82	58.76	72.4	69.96	63.63	63.95	58.87	60.57	61.09	61.34	67.83	66.02	65.64	55.76	60.26	64.93	63.13	63.14	66.49	65.43	69.5	68.88	69.86	69.82	63.99	70.34	70.04	63.48	64.25	61.32	63.74	62.14	60.63	67.98	70.01	67.49	61.97	58.07	60.58	62.19	64.16	62.14	60.14	62.81	65.86	66.98	68.2	67.93	65.81	49.44	46.88	44.33	51.86	49.48	50.85	48.16	47.01	46.32	46.03	48.18	52.24	50.83	53.1	48.78	44.73	51.51	51.58	52.91	51.23	49.82	51.27	51.49	53.32	53.4	47.89	54.01	52.79	46.95	50.35	46.59	51.19	46.54	47.64	54.04	51.94	51.6	48.41	45.43	47.77	56.07	50.56	49.6	45.77	54.03	51.35	50.95	52.35	49.57	51.75	56.96	51.93	45.48	56.43	53.95	52.42	49.02	50.22	45.52	46.68	46.68	45.33	49.74	56.68	51.09	43.23	57.11	52.11	52.6	55.33	55.05	53.68	51.94	55.21	54.35	49.23	55.12	56.73	50.08	53.5	50.93	52.66	47.68	49.57	56.93	54.83	54.71	50.37	47.13	51.13	54.36	50.73	51.86	47.2	53.31	55.81	54.68	55.88	55.79	52.03
zone3_00081	3	2026/04/28 18:46	5	0.1	52.39	49.85	49	48.61	46.12	49.69	50.58	56.25	55.56	48.85	44.21	55.02	53.09	55.12	52.02	50.05	51.9	51.97	55.7	55.63	51.53	51.39	50.73	47.93	49.05	49.87	47.87	46.97	47.89	53.68	51.83	49.25	48.96	46.65	48.66	48.26	52.28	54.41	47.06	50.18	55.01	54.52	53.45	52.51	53.08	48.84	52.25	49.49	48.73	54.2	63.63	63.95	58.87	60.57	61.09	61.34	67.83	66.02	65.64	55.76	60.26	64.93	63.13	63.14	66.49	65.43	69.5	68.88	69.86	69.82	63.99	70.34	70.04	63.48	64.25	61.32	63.74	62.14	60.63	67.98	70.01	67.49	61.97	58.07	60.58	62.19	64.16	62.14	60.14	62.81	65.86	66.98	68.2	67.93	65.81	65.78	61.63	62.8	59.4	66.3	50.85	48.16	47.01	46.32	46.03	48.18	52.24	50.83	53.1	48.78	44.73	51.51	51.58	52.91	51.23	49.82	51.27	51.49	53.32	53.4	47.89	54.01	52.79	46.95	50.35	46.59	51.19	46.54	47.64	54.04	51.94	51.6	48.41	45.43	47.77	56.07	50.56	49.6	45.77	54.03	51.35	50.95	52.35	49.57	51.75	51.67	49.27	46.3	45.07	51.29	52.42	49.02	50.22	45.52	46.68	46.68	45.33	49.74	56.68	51.09	43.23	57.11	52.11	52.6	55.33	55.05	53.68	51.94	55.21	54.35	49.23	55.12	56.73	50.08	53.5	50.93	52.66	47.68	49.57	56.93	54.83	54.71	50.37	47.13	51.13	54.36	50.73	51.86	47.2	53.31	55.81	54.68	55.88	55.79	52.03	53.57	49.07	49.78	47.14	51.66
zone3_00082	3	2026/04/28 18:46	5	0.1	49.69	50.58	56.25	55.56	48.85	44.21	55.02	53.09	55.12	52.02	50.05	51.9	51.97	55.7	55.63	51.53	51.39	50.73	47.93	49.05	49.87	47.87	46.97	47.89	53.68	51.83	49.25	48.96	46.65	48.66	48.26	52.28	54.41	47.06	50.18	55.01	54.52	53.45	52.51	53.08	48.84	52.25	49.49	48.73	54.2	53.43	55.11	57.42	51.19	52.12	61.34	67.83	66.02	65.64	55.76	60.26	64.93	63.13	63.14	66.49	65.43	69.5	68.88	69.86	69.82	63.99	70.34	70.04	63.48	64.25	61.32	63.74	62.14	60.63	67.98	70.01	67.49	61.97	58.07	60.58	62.19	64.16	62.14	60.14	62.81	65.86	66.98	68.2	67.93	65.81	65.78	61.63	62.8	59.4	66.3	65.98	71.66	67.15	67.44	66.03	48.18	52.24	50.83	53.1	48.78	44.73	51.51	51.58	52.91	51.23	49.82	51.27	51.49	53.32	53.4	47.89	54.01	52.79	46.95	50.35	46.59	51.19	46.54	47.64	54.04	51.94	51.6	48.41	45.43	47.77	56.07	50.56	49.6	45.77	54.03	51.35	50.95	52.35	49.57	51.75	51.67	49.27	46.3	45.07	51.29	51.54	53.4	52.71	52.11	52.56	46.68	45.33	49.74	56.68	51.09	43.23	57.11	52.11	52.6	55.33	55.05	53.68	51.94	55.21	54.35	49.23	55.12	56.73	50.08	53.5	50.93	52.66	47.68	49.57	56.93	54.83	54.71	50.37	47.13	51.13	54.36	50.73	51.86	47.2	53.31	55.81	54.68	55.88	55.79	52.03	53.57	49.07	49.78	47.14	51.66	56.05	53.25	53.83	54.49	51.92
zone3_00083	3	2026/04/28 18:46	5	0.1	44.21	55.02	53.09	55.12	52.02	50.05	51.9	51.97	55.7	55.63	51.53	51.39	50.73	47.93	49.05	49.87	47.87	46.97	47.89	53.68	51.83	49.25	48.96	46.65	48.66	48.26	52.28	54.41	47.06	50.18	55.01	54.52	53.45	52.51	53.08	48.84	52.25	49.49	48.73	54.2	53.43	55.11	57.42	51.19	52.12	52.76	51.97	52.97	52.77	49.22	60.26	64.93	63.13	63.14	66.49	65.43	69.5	68.88	69.86	69.82	63.99	70.34	70.04	63.48	64.25	61.32	63.74	62.14	60.63	67.98	70.01	67.49	61.97	58.07	60.58	62.19	64.16	62.14	60.14	62.81	65.86	66.98	68.2	67.93	65.81	65.78	61.63	62.8	59.4	66.3	65.98	71.66	67.15	67.44	66.03	66.03	66.03	66.03	66.03	66.03	44.73	51.51	51.58	52.91	51.23	49.82	51.27	51.49	53.32	53.4	47.89	54.01	52.79	46.95	50.35	46.59	51.19	46.54	47.64	54.04	51.94	51.6	48.41	45.43	47.77	56.07	50.56	49.6	45.77	54.03	51.35	50.95	52.35	49.57	51.75	51.67	49.27	46.3	45.07	51.29	51.54	53.4	52.71	52.11	52.56	51.51	51.02	48.98	48.98	46.74	43.23	57.11	52.11	52.6	55.33	55.05	53.68	51.94	55.21	54.35	49.23	55.12	56.73	50.08	53.5	50.93	52.66	47.68	49.57	56.93	54.83	54.71	50.37	47.13	51.13	54.36	50.73	51.86	47.2	53.31	55.81	54.68	55.88	55.79	52.03	53.57	49.07	49.78	47.14	51.66	56.05	53.25	53.83	54.49	51.92	52.91	52.85	52.76	50.15	50.05
zone3_00084	3	2026/04/28 18:46	5	0.1	50.05	51.9	51.97	55.7	55.63	51.53	51.39	50.73	47.93	49.05	49.87	47.87	46.97	47.89	53.68	51.83	49.25	48.96	46.65	48.66	48.26	52.28	54.41	47.06	50.18	55.01	54.52	53.45	52.51	53.08	48.84	52.25	49.49	48.73	54.2	53.43	55.11	57.42	51.19	52.12	52.76	51.97	52.97	52.77	49.22	50	50	52.62	51.26	52.67	65.43	69.5	68.88	69.86	69.82	63.99	70.34	70.04	63.48	64.25	61.32	63.74	62.14	60.63	67.98	70.01	67.49	61.97	58.07	60.58	62.19	64.16	62.14	60.14	62.81	65.86	66.98	68.2	67.93	65.81	65.78	61.63	62.8	59.4	66.3	65.98	71.66	67.15	67.44	66.03	66.03	66.03	66.03	66.03	66.03	65.25	70.41	71.26	63.96	63.96	49.82	51.27	51.49	53.32	53.4	47.89	54.01	52.79	46.95	50.35	46.59	51.19	46.54	47.64	54.04	51.94	51.6	48.41	45.43	47.77	56.07	50.56	49.6	45.77	54.03	51.35	50.95	52.35	49.57	51.75	51.67	49.27	46.3	45.07	51.29	51.54	53.4	52.71	52.11	52.56	51.51	51.02	48.98	48.98	46.74	54.39	51.22	50.54	51.35	50.92	55.05	53.68	51.94	55.21	54.35	49.23	55.12	56.73	50.08	53.5	50.93	52.66	47.68	49.57	56.93	54.83	54.71	50.37	47.13	51.13	54.36	50.73	51.86	47.2	53.31	55.81	54.68	55.88	55.79	52.03	53.57	49.07	49.78	47.14	51.66	56.05	53.25	53.83	54.49	51.92	52.91	52.85	52.76	50.15	50.05	53.99	53.9	53.81	53.96	53.39
zone3_00085	3	2026/04/28 18:46	5	0.1	51.53	51.39	50.73	47.93	49.05	49.87	47.87	46.97	47.89	53.68	51.83	49.25	48.96	46.65	48.66	48.26	52.28	54.41	47.06	50.18	55.01	54.52	53.45	52.51	53.08	48.84	52.25	49.49	48.73	54.2	53.43	55.11	57.42	51.19	52.12	52.76	51.97	52.97	52.77	49.22	50	50	52.62	51.26	52.67	52.2	52.07	48.81	47.52	47.19	63.99	70.34	70.04	63.48	64.25	61.32	63.74	62.14	60.63	67.98	70.01	67.49	61.97	58.07	60.58	62.19	64.16	62.14	60.14	62.81	65.86	66.98	68.2	67.93	65.81	65.78	61.63	62.8	59.4	66.3	65.98	71.66	67.15	67.44	66.03	66.03	66.03	66.03	66.03	66.03	65.25	70.41	71.26	63.96	63.96	70.11	70.11	70.11	70.45	70.38	47.89	54.01	52.79	46.95	50.35	46.59	51.19	46.54	47.64	54.04	51.94	51.6	48.41	45.43	47.77	56.07	50.56	49.6	45.77	54.03	51.35	50.95	52.35	49.57	51.75	51.67	49.27	46.3	45.07	51.29	51.54	53.4	52.71	52.11	52.56	51.51	51.02	48.98	48.98	46.74	54.39	51.22	50.54	51.35	50.92	49.37	47.34	47.05	46.99	45.85	49.23	55.12	56.73	50.08	53.5	50.93	52.66	47.68	49.57	56.93	54.83	54.71	50.37	47.13	51.13	54.36	50.73	51.86	47.2	53.31	55.81	54.68	55.88	55.79	52.03	53.57	49.07	49.78	47.14	51.66	56.05	53.25	53.83	54.49	51.92	52.91	52.85	52.76	50.15	50.05	53.99	53.9	53.81	53.96	53.39	53.35	49.96	49.07	50.46	48.65
zone3_00086	3	2026/04/28 18:46	5	0.1	49.87	47.87	46.97	47.89	53.68	51.83	49.25	48.96	46.65	48.66	48.26	52.28	54.41	47.06	50.18	55.01	54.52	53.45	52.51	53.08	48.84	52.25	49.49	48.73	54.2	53.43	55.11	57.42	51.19	52.12	52.76	51.97	52.97	52.77	49.22	50	50	52.62	51.26	52.67	52.2	52.07	48.81	47.52	47.19	53.37	49.92	49.24	54.55	53.56	61.32	63.74	62.14	60.63	67.98	70.01	67.49	61.97	58.07	60.58	62.19	64.16	62.14	60.14	62.81	65.86	66.98	68.2	67.93	65.81	65.78	61.63	62.8	59.4	66.3	65.98	71.66	67.15	67.44	66.03	66.03	66.03	66.03	66.03	66.03	65.25	70.41	71.26	63.96	63.96	70.11	70.11	70.11	70.45	70.38	70.38	70.38	70.38	70.38	70.38	46.59	51.19	46.54	47.64	54.04	51.94	51.6	48.41	45.43	47.77	56.07	50.56	49.6	45.77	54.03	51.35	50.95	52.35	49.57	51.75	51.67	49.27	46.3	45.07	51.29	51.54	53.4	52.71	52.11	52.56	51.51	51.02	48.98	48.98	46.74	54.39	51.22	50.54	51.35	50.92	49.37	47.34	47.05	46.99	45.85	52.72	45.87	53.5	53.06	51.49	50.93	52.66	47.68	49.57	56.93	54.83	54.71	50.37	47.13	51.13	54.36	50.73	51.86	47.2	53.31	55.81	54.68	55.88	55.79	52.03	53.57	49.07	49.78	47.14	51.66	56.05	53.25	53.83	54.49	51.92	52.91	52.85	52.76	50.15	50.05	53.99	53.9	53.81	53.96	53.39	53.35	49.96	49.07	50.46	48.65	51.26	49.02	47.01	56.11	56
zone3_00087	3	2026/04/28 18:46	5	0.1	51.83	49.25	48.96	46.65	48.66	48.26	52.28	54.41	47.06	50.18	55.01	54.52	53.45	52.51	53.08	48.84	52.25	49.49	48.73	54.2	53.43	55.11	57.42	51.19	52.12	52.76	51.97	52.97	52.77	49.22	50	50	52.62	51.26	52.67	52.2	52.07	48.81	47.52	47.19	53.37	49.92	49.24	54.55	53.56	54.45	50.6	48.35	53.64	52.73	70.01	67.49	61.97	58.07	60.58	62.19	64.16	62.14	60.14	62.81	65.86	66.98	68.2	67.93	65.81	65.78	61.63	62.8	59.4	66.3	65.98	71.66	67.15	67.44	66.03	66.03	66.03	66.03	66.03	66.03	65.25	70.41	71.26	63.96	63.96	70.11	70.11	70.11	70.45	70.38	70.38	70.38	70.38	70.38	70.38	70.38	70.38	70.38	67.5	69.43	51.94	51.6	48.41	45.43	47.77	56.07	50.56	49.6	45.77	54.03	51.35	50.95	52.35	49.57	51.75	51.67	49.27	46.3	45.07	51.29	51.54	53.4	52.71	52.11	52.56	51.51	51.02	48.98	48.98	46.74	54.39	51.22	50.54	51.35	50.92	49.37	47.34	47.05	46.99	45.85	52.72	45.87	53.5	53.06	51.49	51.91	46.93	49.17	52.67	51.69	54.83	54.71	50.37	47.13	51.13	54.36	50.73	51.86	47.2	53.31	55.81	54.68	55.88	55.79	52.03	53.57	49.07	49.78	47.14	51.66	56.05	53.25	53.83	54.49	51.92	52.91	52.85	52.76	50.15	50.05	53.99	53.9	53.81	53.96	53.39	53.35	49.96	49.07	50.46	48.65	51.26	49.02	47.01	56.11	56	53.77	52.98	55.21	54.96	55.51
zone3_00088	3	2026/04/28 18:46	5	0.1	48.26	52.28	54.41	47.06	50.18	55.01	54.52	53.45	52.51	53.08	48.84	52.25	49.49	48.73	54.2	53.43	55.11	57.42	51.19	52.12	52.76	51.97	52.97	52.77	49.22	50	50	52.62	51.26	52.67	52.2	52.07	48.81	47.52	47.19	53.37	49.92	49.24	54.55	53.56	54.45	50.6	48.35	53.64	52.73	53.91	51.54	54.16	56.47	57.83	62.19	64.16	62.14	60.14	62.81	65.86	66.98	68.2	67.93	65.81	65.78	61.63	62.8	59.4	66.3	65.98	71.66	67.15	67.44	66.03	66.03	66.03	66.03	66.03	66.03	65.25	70.41	71.26	63.96	63.96	70.11	70.11	70.11	70.45	70.38	70.38	70.38	70.38	70.38	70.38	70.38	70.38	70.38	67.5	69.43	68.23	61.61	72.67	74.01	72.8	56.07	50.56	49.6	45.77	54.03	51.35	50.95	52.35	49.57	51.75	51.67	49.27	46.3	45.07	51.29	51.54	53.4	52.71	52.11	52.56	51.51	51.02	48.98	48.98	46.74	54.39	51.22	50.54	51.35	50.92	49.37	47.34	47.05	46.99	45.85	52.72	45.87	53.5	53.06	51.49	51.91	46.93	49.17	52.67	51.69	52.53	51.01	56.04	56.42	55.32	54.36	50.73	51.86	47.2	53.31	55.81	54.68	55.88	55.79	52.03	53.57	49.07	49.78	47.14	51.66	56.05	53.25	53.83	54.49	51.92	52.91	52.85	52.76	50.15	50.05	53.99	53.9	53.81	53.96	53.39	53.35	49.96	49.07	50.46	48.65	51.26	49.02	47.01	56.11	56	53.77	52.98	55.21	54.96	55.51	55.12	50.3	57.7	57.04	57.56
zone3_00089	3	2026/04/28 18:46	5	0.1	55.01	54.52	53.45	52.51	53.08	48.84	52.25	49.49	48.73	54.2	53.43	55.11	57.42	51.19	52.12	52.76	51.97	52.97	52.77	49.22	50	50	52.62	51.26	52.67	52.2	52.07	48.81	47.52	47.19	53.37	49.92	49.24	54.55	53.56	54.45	50.6	48.35	53.64	52.73	53.91	51.54	54.16	56.47	57.83	58.38	56.07	51.06	55.64	56.22	65.86	66.98	68.2	67.93	65.81	65.78	61.63	62.8	59.4	66.3	65.98	71.66	67.15	67.44	66.03	66.03	66.03	66.03	66.03	66.03	65.25	70.41	71.26	63.96	63.96	70.11	70.11	70.11	70.45	70.38	70.38	70.38	70.38	70.38	70.38	70.38	70.38	70.38	67.5	69.43	68.23	61.61	72.67	74.01	72.8	72.9	71.35	65.28	71.03	69.26	51.35	50.95	52.35	49.57	51.75	51.67	49.27	46.3	45.07	51.29	51.54	53.4	52.71	52.11	52.56	51.51	51.02	48.98	48.98	46.74	54.39	51.22	50.54	51.35	50.92	49.37	47.34	47.05	46.99	45.85	52.72	45.87	53.5	53.06	51.49	51.91	46.93	49.17	52.67	51.69	52.53	51.01	56.04	56.42	55.32	55.99	53.94	50.17	54.93	52.79	55.81	54.68	55.88	55.79	52.03	53.57	49.07	49.78	47.14	51.66	56.05	53.25	53.83	54.49	51.92	52.91	52.85	52.76	50.15	50.05	53.99	53.9	53.81	53.96	53.39	53.35	49.96	49.07	50.46	48.65	51.26	49.02	47.01	56.11	56	53.77	52.98	55.21	54.96	55.51	55.12	50.3	57.7	57.04	57.56	56.57	55.11	51.66	50.9	58.23
zone3_00090	3	2026/04/28 18:46	5	0.1	48.84	52.25	49.49	48.73	54.2	53.43	55.11	57.42	51.19	52.12	52.76	51.97	52.97	52.77	49.22	50	50	52.62	51.26	52.67	52.2	52.07	48.81	47.52	47.19	53.37	49.92	49.24	54.55	53.56	54.45	50.6	48.35	53.64	52.73	53.91	51.54	54.16	56.47	57.83	58.38	56.07	51.06	55.64	56.22	49.08	47.62	42.52	54.16	53.63	65.78	61.63	62.8	59.4	66.3	65.98	71.66	67.15	67.44	66.03	66.03	66.03	66.03	66.03	66.03	65.25	70.41	71.26	63.96	63.96	70.11	70.11	70.11	70.45	70.38	70.38	70.38	70.38	70.38	70.38	70.38	70.38	70.38	67.5	69.43	68.23	61.61	72.67	74.01	72.8	72.9	71.35	65.28	71.03	69.26	63.65	60.92	59.45	59.45	59.45	51.67	49.27	46.3	45.07	51.29	51.54	53.4	52.71	52.11	52.56	51.51	51.02	48.98	48.98	46.74	54.39	51.22	50.54	51.35	50.92	49.37	47.34	47.05	46.99	45.85	52.72	45.87	53.5	53.06	51.49	51.91	46.93	49.17	52.67	51.69	52.53	51.01	56.04	56.42	55.32	55.99	53.94	50.17	54.93	52.79	49.29	49.19	43.02	51.61	54.47	53.57	49.07	49.78	47.14	51.66	56.05	53.25	53.83	54.49	51.92	52.91	52.85	52.76	50.15	50.05	53.99	53.9	53.81	53.96	53.39	53.35	49.96	49.07	50.46	48.65	51.26	49.02	47.01	56.11	56	53.77	52.98	55.21	54.96	55.51	55.12	50.3	57.7	57.04	57.56	56.57	55.11	51.66	50.9	58.23	56.03	50.62	49.92	49.04	46.79
zone3_00091	3	2026/04/28 18:46	5	0.1	53.43	55.11	57.42	51.19	52.12	52.76	51.97	52.97	52.77	49.22	50	50	52.62	51.26	52.67	52.2	52.07	48.81	47.52	47.19	53.37	49.92	49.24	54.55	53.56	54.45	50.6	48.35	53.64	52.73	53.91	51.54	54.16	56.47	57.83	58.38	56.07	51.06	55.64	56.22	49.08	47.62	42.52	54.16	53.63	54.56	52.52	53.61	53.18	53.73	65.98	71.66	67.15	67.44	66.03	66.03	66.03	66.03	66.03	66.03	65.25	70.41	71.26	63.96	63.96	70.11	70.11	70.11	70.45	70.38	70.38	70.38	70.38	70.38	70.38	70.38	70.38	70.38	67.5	69.43	68.23	61.61	72.67	74.01	72.8	72.9	71.35	65.28	71.03	69.26	63.65	60.92	59.45	59.45	59.45	59.45	59.45	59.45	59.45	59.45	51.54	53.4	52.71	52.11	52.56	51.51	51.02	48.98	48.98	46.74	54.39	51.22	50.54	51.35	50.92	49.37	47.34	47.05	46.99	45.85	52.72	45.87	53.5	53.06	51.49	51.91	46.93	49.17	52.67	51.69	52.53	51.01	56.04	56.42	55.32	55.99	53.94	50.17	54.93	52.79	49.29	49.19	43.02	51.61	54.47	53.96	52.94	51.43	53.94	52.94	56.05	53.25	53.83	54.49	51.92	52.91	52.85	52.76	50.15	50.05	53.99	53.9	53.81	53.96	53.39	53.35	49.96	49.07	50.46	48.65	51.26	49.02	47.01	56.11	56	53.77	52.98	55.21	54.96	55.51	55.12	50.3	57.7	57.04	57.56	56.57	55.11	51.66	50.9	58.23	56.03	50.62	49.92	49.04	46.79	45.18	44.71	55.49	55.72	56.66
zone3_00092	3	2026/04/28 18:46	5	0.1	52.76	51.97	52.97	52.77	49.22	50	50	52.62	51.26	52.67	52.2	52.07	48.81	47.52	47.19	53.37	49.92	49.24	54.55	53.56	54.45	50.6	48.35	53.64	52.73	53.91	51.54	54.16	56.47	57.83	58.38	56.07	51.06	55.64	56.22	49.08	47.62	42.52	54.16	53.63	54.56	52.52	53.61	53.18	53.73	51.86	50.35	55.12	51.15	49.77	66.03	66.03	66.03	66.03	66.03	65.25	70.41	71.26	63.96	63.96	70.11	70.11	70.11	70.45	70.38	70.38	70.38	70.38	70.38	70.38	70.38	70.38	70.38	67.5	69.43	68.23	61.61	72.67	74.01	72.8	72.9	71.35	65.28	71.03	69.26	63.65	60.92	59.45	59.45	59.45	59.45	59.45	59.45	59.45	59.45	59.45	73.48	72.59	65.85	65.06	51.51	51.02	48.98	48.98	46.74	54.39	51.22	50.54	51.35	50.92	49.37	47.34	47.05	46.99	45.85	52.72	45.87	53.5	53.06	51.49	51.91	46.93	49.17	52.67	51.69	52.53	51.01	56.04	56.42	55.32	55.99	53.94	50.17	54.93	52.79	49.29	49.19	43.02	51.61	54.47	53.96	52.94	51.43	53.94	52.94	51.48	54.35	54.23	49.35	48.11	52.91	52.85	52.76	50.15	50.05	53.99	53.9	53.81	53.96	53.39	53.35	49.96	49.07	50.46	48.65	51.26	49.02	47.01	56.11	56	53.77	52.98	55.21	54.96	55.51	55.12	50.3	57.7	57.04	57.56	56.57	55.11	51.66	50.9	58.23	56.03	50.62	49.92	49.04	46.79	45.18	44.71	55.49	55.72	56.66	54.18	58.78	57.21	52.79	49.82
zone3_00093	3	2026/04/28 18:46	5	0.1	50	50	52.62	51.26	52.67	52.2	52.07	48.81	47.52	47.19	53.37	49.92	49.24	54.55	53.56	54.45	50.6	48.35	53.64	52.73	53.91	51.54	54.16	56.47	57.83	58.38	56.07	51.06	55.64	56.22	49.08	47.62	42.52	54.16	53.63	54.56	52.52	53.61	53.18	53.73	51.86	50.35	55.12	51.15	49.77	48.05	49.25	54.11	53.66	53.8	65.25	70.41	71.26	63.96	63.96	70.11	70.11	70.11	70.45	70.38	70.38	70.38	70.38	70.38	70.38	70.38	70.38	70.38	67.5	69.43	68.23	61.61	72.67	74.01	72.8	72.9	71.35	65.28	71.03	69.26	63.65	60.92	59.45	59.45	59.45	59.45	59.45	59.45	59.45	59.45	59.45	73.48	72.59	65.85	65.06	64.82	71.82	71.63	72.31	69.11	54.39	51.22	50.54	51.35	50.92	49.37	47.34	47.05	46.99	45.85	52.72	45.87	53.5	53.06	51.49	51.91	46.93	49.17	52.67	51.69	52.53	51.01	56.04	56.42	55.32	55.99	53.94	50.17	54.93	52.79	49.29	49.19	43.02	51.61	54.47	53.96	52.94	51.43	53.94	52.94	51.48	54.35	54.23	49.35	48.11	46.93	52.64	51.85	51.43	51.52	53.99	53.9	53.81	53.96	53.39	53.35	49.96	49.07	50.46	48.65	51.26	49.02	47.01	56.11	56	53.77	52.98	55.21	54.96	55.51	55.12	50.3	57.7	57.04	57.56	56.57	55.11	51.66	50.9	58.23	56.03	50.62	49.92	49.04	46.79	45.18	44.71	55.49	55.72	56.66	54.18	58.78	57.21	52.79	49.82	48.94	56.18	56.18	57.44	54.53
zone3_00094	3	2026/04/28 18:46	5	0.1	52.2	52.07	48.81	47.52	47.19	53.37	49.92	49.24	54.55	53.56	54.45	50.6	48.35	53.64	52.73	53.91	51.54	54.16	56.47	57.83	58.38	56.07	51.06	55.64	56.22	49.08	47.62	42.52	54.16	53.63	54.56	52.52	53.61	53.18	53.73	51.86	50.35	55.12	51.15	49.77	48.05	49.25	54.11	53.66	53.8	48.99	47.09	51.42	51.06	53.99	70.11	70.11	70.11	70.45	70.38	70.38	70.38	70.38	70.38	70.38	70.38	70.38	70.38	67.5	69.43	68.23	61.61	72.67	74.01	72.8	72.9	71.35	65.28	71.03	69.26	63.65	60.92	59.45	59.45	59.45	59.45	59.45	59.45	59.45	59.45	59.45	73.48	72.59	65.85	65.06	64.82	71.82	71.63	72.31	69.11	60.9	63.71	63.23	62.96	62.96	49.37	47.34	47.05	46.99	45.85	52.72	45.87	53.5	53.06	51.49	51.91	46.93	49.17	52.67	51.69	52.53	51.01	56.04	56.42	55.32	55.99	53.94	50.17	54.93	52.79	49.29	49.19	43.02	51.61	54.47	53.96	52.94	51.43	53.94	52.94	51.48	54.35	54.23	49.35	48.11	46.93	52.64	51.85	51.43	51.52	47.57	51.8	49.4	48.21	50.6	53.35	49.96	49.07	50.46	48.65	51.26	49.02	47.01	56.11	56	53.77	52.98	55.21	54.96	55.51	55.12	50.3	57.7	57.04	57.56	56.57	55.11	51.66	50.9	58.23	56.03	50.62	49.92	49.04	46.79	45.18	44.71	55.49	55.72	56.66	54.18	58.78	57.21	52.79	49.82	48.94	56.18	56.18	57.44	54.53	49.57	52.23	50.92	52.42	55.11
zone3_00095	3	2026/04/28 18:46	5	0.1	53.37	49.92	49.24	54.55	53.56	54.45	50.6	48.35	53.64	52.73	53.91	51.54	54.16	56.47	57.83	58.38	56.07	51.06	55.64	56.22	49.08	47.62	42.52	54.16	53.63	54.56	52.52	53.61	53.18	53.73	51.86	50.35	55.12	51.15	49.77	48.05	49.25	54.11	53.66	53.8	48.99	47.09	51.42	51.06	53.99	52.19	50.69	49.41	53.44	54.42	70.38	70.38	70.38	70.38	70.38	70.38	70.38	70.38	67.5	69.43	68.23	61.61	72.67	74.01	72.8	72.9	71.35	65.28	71.03	69.26	63.65	60.92	59.45	59.45	59.45	59.45	59.45	59.45	59.45	59.45	59.45	73.48	72.59	65.85	65.06	64.82	71.82	71.63	72.31	69.11	60.9	63.71	63.23	62.96	62.96	62.96	62.96	62.96	62.96	62.96	52.72	45.87	53.5	53.06	51.49	51.91	46.93	49.17	52.67	51.69	52.53	51.01	56.04	56.42	55.32	55.99	53.94	50.17	54.93	52.79	49.29	49.19	43.02	51.61	54.47	53.96	52.94	51.43	53.94	52.94	51.48	54.35	54.23	49.35	48.11	46.93	52.64	51.85	51.43	51.52	47.57	51.8	49.4	48.21	50.6	47.04	48.35	52.87	53.13	51.5	51.26	49.02	47.01	56.11	56	53.77	52.98	55.21	54.96	55.51	55.12	50.3	57.7	57.04	57.56	56.57	55.11	51.66	50.9	58.23	56.03	50.62	49.92	49.04	46.79	45.18	44.71	55.49	55.72	56.66	54.18	58.78	57.21	52.79	49.82	48.94	56.18	56.18	57.44	54.53	49.57	52.23	50.92	52.42	55.11	51.8	50.62	54.66	55.05	53.58
zone3_00096	3	2026/04/28 18:46	5	0.1	54.45	50.6	48.35	53.64	52.73	53.91	51.54	54.16	56.47	57.83	58.38	56.07	51.06	55.64	56.22	49.08	47.62	42.52	54.16	53.63	54.56	52.52	53.61	53.18	53.73	51.86	50.35	55.12	51.15	49.77	48.05	49.25	54.11	53.66	53.8	48.99	47.09	51.42	51.06	53.99	52.19	50.69	49.41	53.44	54.42	53.2	53.2	48.18	51	49.73	70.38	70.38	70.38	67.5	69.43	68.23	61.61	72.67	74.01	72.8	72.9	71.35	65.28	71.03	69.26	63.65	60.92	59.45	59.45	59.45	59.45	59.45	59.45	59.45	59.45	59.45	73.48	72.59	65.85	65.06	64.82	71.82	71.63	72.31	69.11	60.9	63.71	63.23	62.96	62.96	62.96	62.96	62.96	62.96	62.96	62.96	62.96	62.96	62.96	62.96	51.91	46.93	49.17	52.67	51.69	52.53	51.01	56.04	56.42	55.32	55.99	53.94	50.17	54.93	52.79	49.29	49.19	43.02	51.61	54.47	53.96	52.94	51.43	53.94	52.94	51.48	54.35	54.23	49.35	48.11	46.93	52.64	51.85	51.43	51.52	47.57	51.8	49.4	48.21	50.6	47.04	48.35	52.87	53.13	51.5	50.6	48.23	47.78	47.16	46.69	53.77	52.98	55.21	54.96	55.51	55.12	50.3	57.7	57.04	57.56	56.57	55.11	51.66	50.9	58.23	56.03	50.62	49.92	49.04	46.79	45.18	44.71	55.49	55.72	56.66	54.18	58.78	57.21	52.79	49.82	48.94	56.18	56.18	57.44	54.53	49.57	52.23	50.92	52.42	55.11	51.8	50.62	54.66	55.05	53.58	51.59	51.43	50.57	51.14	49.01
zone3_00097	3	2026/04/28 18:46	5	0.1	53.91	51.54	54.16	56.47	57.83	58.38	56.07	51.06	55.64	56.22	49.08	47.62	42.52	54.16	53.63	54.56	52.52	53.61	53.18	53.73	51.86	50.35	55.12	51.15	49.77	48.05	49.25	54.11	53.66	53.8	48.99	47.09	51.42	51.06	53.99	52.19	50.69	49.41	53.44	54.42	53.2	53.2	48.18	51	49.73	47.55	47.55	44.68	51.95	54.31	68.23	61.61	72.67	74.01	72.8	72.9	71.35	65.28	71.03	69.26	63.65	60.92	59.45	59.45	59.45	59.45	59.45	59.45	59.45	59.45	59.45	73.48	72.59	65.85	65.06	64.82	71.82	71.63	72.31	69.11	60.9	63.71	63.23	62.96	62.96	62.96	62.96	62.96	62.96	62.96	62.96	62.96	62.96	62.96	62.96	62.96	58.37	63.66	62.32	67.53	52.53	51.01	56.04	56.42	55.32	55.99	53.94	50.17	54.93	52.79	49.29	49.19	43.02	51.61	54.47	53.96	52.94	51.43	53.94	52.94	51.48	54.35	54.23	49.35	48.11	46.93	52.64	51.85	51.43	51.52	47.57	51.8	49.4	48.21	50.6	47.04	48.35	52.87	53.13	51.5	50.6	48.23	47.78	47.16	46.69	44.99	46.31	48.58	50.18	50.7	55.12	50.3	57.7	57.04	57.56	56.57	55.11	51.66	50.9	58.23	56.03	50.62	49.92	49.04	46.79	45.18	44.71	55.49	55.72	56.66	54.18	58.78	57.21	52.79	49.82	48.94	56.18	56.18	57.44	54.53	49.57	52.23	50.92	52.42	55.11	51.8	50.62	54.66	55.05	53.58	51.59	51.43	50.57	51.14	49.01	47.08	45.98	51.4	50.8	51.82
zone3_00098	3	2026/04/28 18:46	5	0.1	58.38	56.07	51.06	55.64	56.22	49.08	47.62	42.52	54.16	53.63	54.56	52.52	53.61	53.18	53.73	51.86	50.35	55.12	51.15	49.77	48.05	49.25	54.11	53.66	53.8	48.99	47.09	51.42	51.06	53.99	52.19	50.69	49.41	53.44	54.42	53.2	53.2	48.18	51	49.73	47.55	47.55	44.68	51.95	54.31	53.48	50.31	53.52	53.27	51.44	72.9	71.35	65.28	71.03	69.26	63.65	60.92	59.45	59.45	59.45	59.45	59.45	59.45	59.45	59.45	59.45	73.48	72.59	65.85	65.06	64.82	71.82	71.63	72.31	69.11	60.9	63.71	63.23	62.96	62.96	62.96	62.96	62.96	62.96	62.96	62.96	62.96	62.96	62.96	62.96	62.96	58.37	63.66	62.32	67.53	67.4	64.2	71.97	69.8	66.96	55.99	53.94	50.17	54.93	52.79	49.29	49.19	43.02	51.61	54.47	53.96	52.94	51.43	53.94	52.94	51.48	54.35	54.23	49.35	48.11	46.93	52.64	51.85	51.43	51.52	47.57	51.8	49.4	48.21	50.6	47.04	48.35	52.87	53.13	51.5	50.6	48.23	47.78	47.16	46.69	44.99	46.31	48.58	50.18	50.7	53.64	49.35	51.62	50.11	49.36	56.57	55.11	51.66	50.9	58.23	56.03	50.62	49.92	49.04	46.79	45.18	44.71	55.49	55.72	56.66	54.18	58.78	57.21	52.79	49.82	48.94	56.18	56.18	57.44	54.53	49.57	52.23	50.92	52.42	55.11	51.8	50.62	54.66	55.05	53.58	51.59	51.43	50.57	51.14	49.01	47.08	45.98	51.4	50.8	51.82	53.83	51.23	56.77	54.49	54.44
zone3_00099	3	2026/04/28 18:46	5	0.1	49.08	47.62	42.52	54.16	53.63	54.56	52.52	53.61	53.18	53.73	51.86	50.35	55.12	51.15	49.77	48.05	49.25	54.11	53.66	53.8	48.99	47.09	51.42	51.06	53.99	52.19	50.69	49.41	53.44	54.42	53.2	53.2	48.18	51	49.73	47.55	47.55	44.68	51.95	54.31	53.48	50.31	53.52	53.27	51.44	53.98	55.3	56.71	56.94	52.93	63.65	60.92	59.45	59.45	59.45	59.45	59.45	59.45	59.45	59.45	59.45	73.48	72.59	65.85	65.06	64.82	71.82	71.63	72.31	69.11	60.9	63.71	63.23	62.96	62.96	62.96	62.96	62.96	62.96	62.96	62.96	62.96	62.96	62.96	62.96	62.96	58.37	63.66	62.32	67.53	67.4	64.2	71.97	69.8	66.96	72.17	70.33	72.3	71.48	62.34	49.29	49.19	43.02	51.61	54.47	53.96	52.94	51.43	53.94	52.94	51.48	54.35	54.23	49.35	48.11	46.93	52.64	51.85	51.43	51.52	47.57	51.8	49.4	48.21	50.6	47.04	48.35	52.87	53.13	51.5	50.6	48.23	47.78	47.16	46.69	44.99	46.31	48.58	50.18	50.7	53.64	49.35	51.62	50.11	49.36	53.89	53.51	53.89	51.63	49.13	56.03	50.62	49.92	49.04	46.79	45.18	44.71	55.49	55.72	56.66	54.18	58.78	57.21	52.79	49.82	48.94	56.18	56.18	57.44	54.53	49.57	52.23	50.92	52.42	55.11	51.8	50.62	54.66	55.05	53.58	51.59	51.43	50.57	51.14	49.01	47.08	45.98	51.4	50.8	51.82	53.83	51.23	56.77	54.49	54.44	55.54	55.54	55.82	54.58	54.58
zone3_00100	3	2026/04/28 18:46	5	0.1	54.56	52.52	53.61	53.18	53.73	51.86	50.35	55.12	51.15	49.77	48.05	49.25	54.11	53.66	53.8	48.99	47.09	51.42	51.06	53.99	52.19	50.69	49.41	53.44	54.42	53.2	53.2	48.18	51	49.73	47.55	47.55	44.68	51.95	54.31	53.48	50.31	53.52	53.27	51.44	53.98	55.3	56.71	56.94	52.93	59.81	59.02	58.78	57.69	57.71	59.45	59.45	59.45	59.45	59.45	59.45	73.48	72.59	65.85	65.06	64.82	71.82	71.63	72.31	69.11	60.9	63.71	63.23	62.96	62.96	62.96	62.96	62.96	62.96	62.96	62.96	62.96	62.96	62.96	62.96	62.96	58.37	63.66	62.32	67.53	67.4	64.2	71.97	69.8	66.96	72.17	70.33	72.3	71.48	62.34	71.7	68.29	70.61	71.12	72.87	53.96	52.94	51.43	53.94	52.94	51.48	54.35	54.23	49.35	48.11	46.93	52.64	51.85	51.43	51.52	47.57	51.8	49.4	48.21	50.6	47.04	48.35	52.87	53.13	51.5	50.6	48.23	47.78	47.16	46.69	44.99	46.31	48.58	50.18	50.7	53.64	49.35	51.62	50.11	49.36	53.89	53.51	53.89	51.63	49.13	55.88	56.88	57.17	56.85	54.11	45.18	44.71	55.49	55.72	56.66	54.18	58.78	57.21	52.79	49.82	48.94	56.18	56.18	57.44	54.53	49.57	52.23	50.92	52.42	55.11	51.8	50.62	54.66	55.05	53.58	51.59	51.43	50.57	51.14	49.01	47.08	45.98	51.4	50.8	51.82	53.83	51.23	56.77	54.49	54.44	55.54	55.54	55.82	54.58	54.58	56.61	54.76	53.82	56.66	57.73
zone4_00001	4	2026/04/28 18:46	5	0.1	59.02	60.28	55.13	59.8	53.17	56.92	58.45	58.74	59.1	54.76	48.25	56.5	55.52	55.36	53.75	51.17	59.21	59.21	59.65	59.04	58.89	52.11	50.8	51.73	51.73	56.95	58.44	56.58	57.73	57.65	56.95	56.03	56.03	56.03	54.38	54.38	54.76	54.76	57.53	57.53	57.3	57.3	57.3	57.3	55.01	55.1	51.44	51.44	51.44	51.44	52.84	61.09	56.31	58.44	55.9	57.45	55.78	55.37	57.88	47.68	55.03	55.06	56.49	56.86	52.87	53.42	55.44	55.44	55.44	55.44	55.44	53.66	53.66	53.66	53.66	53.66	53.66	57.36	57.36	57.36	57.36	55.14	55.14	55.14	55.14	55.14	55.14	55.14	56.32	56.32	56.32	56.32	56.32	56.32	56.32	56.32	51.33	51.51	51.51	51.51	59.96	60.71	62.82	61.96	58.25	59.9	59.99	56.12	61.91	53.28	58.5	58.92	58.08	59.29	57.3	59.95	63.2	62.29	57.84	57.1	55.93	61.25	62.1	60.32	59.11	61.56	59.87	58.73	57.96	57.86	57.27	59.51	60.14	60.17	58.9	56.61	62.24	61.25	56.31	56.31	55.89	55.89	55.63	56.43	59.02	59.92	60.76	61.21	58.8	58.8	52.99	57.67	55.2	55.37	51.11	54.93	53.04	51.06	52.54	47.82	51.39	52.34	53.12	52.4	52.13	50.66	53.61	54.33	50.35	49.99	51.02	53.34	54.74	52.87	53.99	53.74	52.47	51.48	50.88	52.19	50.34	49.32	53.04	51.67	52.81	52.66	52.13	50.56	49.31	54.67	52.59	53.74	52.75	50.94	51.1	50.48	51.78	53.83	48.87	55.03
zone4_00002	4	2026/04/28 18:46	5	0.1	56.92	58.45	58.74	59.1	54.76	48.25	56.5	55.52	55.36	53.75	51.17	59.21	59.21	59.65	59.04	58.89	52.11	50.8	51.73	51.73	56.95	58.44	56.58	57.73	57.65	56.95	56.03	56.03	56.03	54.38	54.38	54.76	54.76	57.53	57.53	57.3	57.3	57.3	57.3	55.01	55.1	51.44	51.44	51.44	51.44	51.44	51.44	51.44	51.44	51.44	57.45	55.78	55.37	57.88	47.68	55.03	55.06	56.49	56.86	52.87	53.42	55.44	55.44	55.44	55.44	55.44	53.66	53.66	53.66	53.66	53.66	53.66	57.36	57.36	57.36	57.36	55.14	55.14	55.14	55.14	55.14	55.14	55.14	56.32	56.32	56.32	56.32	56.32	56.32	56.32	56.32	51.33	51.51	51.51	51.51	52.02	52.02	52.02	52.02	52.02	59.9	59.99	56.12	61.91	53.28	58.5	58.92	58.08	59.29	57.3	59.95	63.2	62.29	57.84	57.1	55.93	61.25	62.1	60.32	59.11	61.56	59.87	58.73	57.96	57.86	57.27	59.51	60.14	60.17	58.9	56.61	62.24	61.25	56.31	56.31	55.89	55.89	55.63	56.43	59.02	59.92	60.76	61.21	58.8	58.8	55.9	54.84	59.78	60.52	58.33	54.93	53.04	51.06	52.54	47.82	51.39	52.34	53.12	52.4	52.13	50.66	53.61	54.33	50.35	49.99	51.02	53.34	54.74	52.87	53.99	53.74	52.47	51.48	50.88	52.19	50.34	49.32	53.04	51.67	52.81	52.66	52.13	50.56	49.31	54.67	52.59	53.74	52.75	50.94	51.1	50.48	51.78	53.83	48.87	55.03	54.44	51.96	52.68	50.82	48.29
zone4_00003	4	2026/04/28 18:46	5	0.1	48.25	56.5	55.52	55.36	53.75	51.17	59.21	59.21	59.65	59.04	58.89	52.11	50.8	51.73	51.73	56.95	58.44	56.58	57.73	57.65	56.95	56.03	56.03	56.03	54.38	54.38	54.76	54.76	57.53	57.53	57.3	57.3	57.3	57.3	55.01	55.1	51.44	51.44	51.44	51.44	51.44	51.44	51.44	51.44	51.44	51.44	51.44	51.44	51.44	54.99	55.03	55.06	56.49	56.86	52.87	53.42	55.44	55.44	55.44	55.44	55.44	53.66	53.66	53.66	53.66	53.66	53.66	57.36	57.36	57.36	57.36	55.14	55.14	55.14	55.14	55.14	55.14	55.14	56.32	56.32	56.32	56.32	56.32	56.32	56.32	56.32	51.33	51.51	51.51	51.51	52.02	52.02	52.02	52.02	52.02	52.02	52.02	52.02	53.36	55.67	58.5	58.92	58.08	59.29	57.3	59.95	63.2	62.29	57.84	57.1	55.93	61.25	62.1	60.32	59.11	61.56	59.87	58.73	57.96	57.86	57.27	59.51	60.14	60.17	58.9	56.61	62.24	61.25	56.31	56.31	55.89	55.89	55.63	56.43	59.02	59.92	60.76	61.21	58.8	58.8	55.9	54.84	59.78	60.52	58.33	60.29	52.94	59.4	55.86	59.9	51.39	52.34	53.12	52.4	52.13	50.66	53.61	54.33	50.35	49.99	51.02	53.34	54.74	52.87	53.99	53.74	52.47	51.48	50.88	52.19	50.34	49.32	53.04	51.67	52.81	52.66	52.13	50.56	49.31	54.67	52.59	53.74	52.75	50.94	51.1	50.48	51.78	53.83	48.87	55.03	54.44	51.96	52.68	50.82	48.29	50.51	50.49	52.51	51.55	51.79
zone4_00004	4	2026/04/28 18:46	5	0.1	51.17	59.21	59.21	59.65	59.04	58.89	52.11	50.8	51.73	51.73	56.95	58.44	56.58	57.73	57.65	56.95	56.03	56.03	56.03	54.38	54.38	54.76	54.76	57.53	57.53	57.3	57.3	57.3	57.3	55.01	55.1	51.44	51.44	51.44	51.44	51.44	51.44	51.44	51.44	51.44	51.44	51.44	51.44	51.44	54.99	50.9	53.99	51.92	57.58	56.77	53.42	55.44	55.44	55.44	55.44	55.44	53.66	53.66	53.66	53.66	53.66	53.66	57.36	57.36	57.36	57.36	55.14	55.14	55.14	55.14	55.14	55.14	55.14	56.32	56.32	56.32	56.32	56.32	56.32	56.32	56.32	51.33	51.51	51.51	51.51	52.02	52.02	52.02	52.02	52.02	52.02	52.02	52.02	53.36	55.67	56.56	53.51	54.86	55.22	54.77	59.95	63.2	62.29	57.84	57.1	55.93	61.25	62.1	60.32	59.11	61.56	59.87	58.73	57.96	57.86	57.27	59.51	60.14	60.17	58.9	56.61	62.24	61.25	56.31	56.31	55.89	55.89	55.63	56.43	59.02	59.92	60.76	61.21	58.8	58.8	55.9	54.84	59.78	60.52	58.33	60.29	52.94	59.4	55.86	59.9	57	56.84	61.55	61.46	60.52	50.66	53.61	54.33	50.35	49.99	51.02	53.34	54.74	52.87	53.99	53.74	52.47	51.48	50.88	52.19	50.34	49.32	53.04	51.67	52.81	52.66	52.13	50.56	49.31	54.67	52.59	53.74	52.75	50.94	51.1	50.48	51.78	53.83	48.87	55.03	54.44	51.96	52.68	50.82	48.29	50.51	50.49	52.51	51.55	51.79	49.25	49.62	53.08	51.25	51.3
zone4_00005	4	2026/04/28 18:46	5	0.1	58.89	52.11	50.8	51.73	51.73	56.95	58.44	56.58	57.73	57.65	56.95	56.03	56.03	56.03	54.38	54.38	54.76	54.76	57.53	57.53	57.3	57.3	57.3	57.3	55.01	55.1	51.44	51.44	51.44	51.44	51.44	51.44	51.44	51.44	51.44	51.44	51.44	51.44	51.44	54.99	50.9	53.99	51.92	57.58	56.77	57.08	55.96	54.63	54.04	57.83	55.44	53.66	53.66	53.66	53.66	53.66	53.66	57.36	57.36	57.36	57.36	55.14	55.14	55.14	55.14	55.14	55.14	55.14	56.32	56.32	56.32	56.32	56.32	56.32	56.32	56.32	51.33	51.51	51.51	51.51	52.02	52.02	52.02	52.02	52.02	52.02	52.02	52.02	53.36	55.67	56.56	53.51	54.86	55.22	54.77	52.28	56.35	57.53	57.53	57.53	55.93	61.25	62.1	60.32	59.11	61.56	59.87	58.73	57.96	57.86	57.27	59.51	60.14	60.17	58.9	56.61	62.24	61.25	56.31	56.31	55.89	55.89	55.63	56.43	59.02	59.92	60.76	61.21	58.8	58.8	55.9	54.84	59.78	60.52	58.33	60.29	52.94	59.4	55.86	59.9	57	56.84	61.55	61.46	60.52	58.53	63.6	64.06	65.29	58.71	51.02	53.34	54.74	52.87	53.99	53.74	52.47	51.48	50.88	52.19	50.34	49.32	53.04	51.67	52.81	52.66	52.13	50.56	49.31	54.67	52.59	53.74	52.75	50.94	51.1	50.48	51.78	53.83	48.87	55.03	54.44	51.96	52.68	50.82	48.29	50.51	50.49	52.51	51.55	51.79	49.25	49.62	53.08	51.25	51.3	47.41	52.5	53.3	50.96	48.3
zone4_00006	4	2026/04/28 18:46	5	0.1	56.95	58.44	56.58	57.73	57.65	56.95	56.03	56.03	56.03	54.38	54.38	54.76	54.76	57.53	57.53	57.3	57.3	57.3	57.3	55.01	55.1	51.44	51.44	51.44	51.44	51.44	51.44	51.44	51.44	51.44	51.44	51.44	51.44	51.44	54.99	50.9	53.99	51.92	57.58	56.77	57.08	55.96	54.63	54.04	57.83	57.43	58.97	57.54	56.54	53.45	53.66	53.66	57.36	57.36	57.36	57.36	55.14	55.14	55.14	55.14	55.14	55.14	55.14	56.32	56.32	56.32	56.32	56.32	56.32	56.32	56.32	51.33	51.51	51.51	51.51	52.02	52.02	52.02	52.02	52.02	52.02	52.02	52.02	53.36	55.67	56.56	53.51	54.86	55.22	54.77	52.28	56.35	57.53	57.53	57.53	57.53	54.5	54.5	54.5	50.72	61.56	59.87	58.73	57.96	57.86	57.27	59.51	60.14	60.17	58.9	56.61	62.24	61.25	56.31	56.31	55.89	55.89	55.63	56.43	59.02	59.92	60.76	61.21	58.8	58.8	55.9	54.84	59.78	60.52	58.33	60.29	52.94	59.4	55.86	59.9	57	56.84	61.55	61.46	60.52	58.53	63.6	64.06	65.29	58.71	60.33	59.37	63.67	63.87	60.4	53.74	52.47	51.48	50.88	52.19	50.34	49.32	53.04	51.67	52.81	52.66	52.13	50.56	49.31	54.67	52.59	53.74	52.75	50.94	51.1	50.48	51.78	53.83	48.87	55.03	54.44	51.96	52.68	50.82	48.29	50.51	50.49	52.51	51.55	51.79	49.25	49.62	53.08	51.25	51.3	47.41	52.5	53.3	50.96	48.3	49.47	46.7	51.09	50.81	47.03
zone4_00007	4	2026/04/28 18:46	5	0.1	56.95	56.03	56.03	56.03	54.38	54.38	54.76	54.76	57.53	57.53	57.3	57.3	57.3	57.3	55.01	55.1	51.44	51.44	51.44	51.44	51.44	51.44	51.44	51.44	51.44	51.44	51.44	51.44	51.44	54.99	50.9	53.99	51.92	57.58	56.77	57.08	55.96	54.63	54.04	57.83	57.43	58.97	57.54	56.54	53.45	50.47	52.06	52.8	53.13	50.94	57.36	55.14	55.14	55.14	55.14	55.14	55.14	55.14	56.32	56.32	56.32	56.32	56.32	56.32	56.32	56.32	51.33	51.51	51.51	51.51	52.02	52.02	52.02	52.02	52.02	52.02	52.02	52.02	53.36	55.67	56.56	53.51	54.86	55.22	54.77	52.28	56.35	57.53	57.53	57.53	57.53	54.5	54.5	54.5	50.72	50.72	50.72	49.76	49.76	49.76	57.27	59.51	60.14	60.17	58.9	56.61	62.24	61.25	56.31	56.31	55.89	55.89	55.63	56.43	59.02	59.92	60.76	61.21	58.8	58.8	55.9	54.84	59.78	60.52	58.33	60.29	52.94	59.4	55.86	59.9	57	56.84	61.55	61.46	60.52	58.53	63.6	64.06	65.29	58.71	60.33	59.37	63.67	63.87	60.4	62.46	63.55	64.84	60.97	58.2	50.34	49.32	53.04	51.67	52.81	52.66	52.13	50.56	49.31	54.67	52.59	53.74	52.75	50.94	51.1	50.48	51.78	53.83	48.87	55.03	54.44	51.96	52.68	50.82	48.29	50.51	50.49	52.51	51.55	51.79	49.25	49.62	53.08	51.25	51.3	47.41	52.5	53.3	50.96	48.3	49.47	46.7	51.09	50.81	47.03	48.91	51.38	51.3	50.21	47.02
zone4_00008	4	2026/04/28 18:46	5	0.1	54.38	54.76	54.76	57.53	57.53	57.3	57.3	57.3	57.3	55.01	55.1	51.44	51.44	51.44	51.44	51.44	51.44	51.44	51.44	51.44	51.44	51.44	51.44	51.44	54.99	50.9	53.99	51.92	57.58	56.77	57.08	55.96	54.63	54.04	57.83	57.43	58.97	57.54	56.54	53.45	50.47	52.06	52.8	53.13	50.94	50.94	49.86	49.86	49.86	49.86	55.14	55.14	55.14	56.32	56.32	56.32	56.32	56.32	56.32	56.32	56.32	51.33	51.51	51.51	51.51	52.02	52.02	52.02	52.02	52.02	52.02	52.02	52.02	53.36	55.67	56.56	53.51	54.86	55.22	54.77	52.28	56.35	57.53	57.53	57.53	57.53	54.5	54.5	54.5	50.72	50.72	50.72	49.76	49.76	49.76	53.35	53.35	53.35	51.83	51.83	56.61	62.24	61.25	56.31	56.31	55.89	55.89	55.63	56.43	59.02	59.92	60.76	61.21	58.8	58.8	55.9	54.84	59.78	60.52	58.33	60.29	52.94	59.4	55.86	59.9	57	56.84	61.55	61.46	60.52	58.53	63.6	64.06	65.29	58.71	60.33	59.37	63.67	63.87	60.4	62.46	63.55	64.84	60.97	58.2	64.22	63.7	60.72	65.98	64.94	52.66	52.13	50.56	49.31	54.67	52.59	53.74	52.75	50.94	51.1	50.48	51.78	53.83	48.87	55.03	54.44	51.96	52.68	50.82	48.29	50.51	50.49	52.51	51.55	51.79	49.25	49.62	53.08	51.25	51.3	47.41	52.5	53.3	50.96	48.3	49.47	46.7	51.09	50.81	47.03	48.91	51.38	51.3	50.21	47.02	54.63	53.56	49.96	56.06	52.78
zone4_00009	4	2026/04/28 18:46	5	0.1	57.3	57.3	57.3	57.3	55.01	55.1	51.44	51.44	51.44	51.44	51.44	51.44	51.44	51.44	51.44	51.44	51.44	51.44	51.44	54.99	50.9	53.99	51.92	57.58	56.77	57.08	55.96	54.63	54.04	57.83	57.43	58.97	57.54	56.54	53.45	50.47	52.06	52.8	53.13	50.94	50.94	49.86	49.86	49.86	49.86	49.86	49.86	49.86	49.86	49.86	56.32	56.32	56.32	56.32	56.32	56.32	51.33	51.51	51.51	51.51	52.02	52.02	52.02	52.02	52.02	52.02	52.02	52.02	53.36	55.67	56.56	53.51	54.86	55.22	54.77	52.28	56.35	57.53	57.53	57.53	57.53	54.5	54.5	54.5	50.72	50.72	50.72	49.76	49.76	49.76	53.35	53.35	53.35	51.83	51.83	51.83	53.35	53.35	53.35	54.7	55.89	55.89	55.63	56.43	59.02	59.92	60.76	61.21	58.8	58.8	55.9	54.84	59.78	60.52	58.33	60.29	52.94	59.4	55.86	59.9	57	56.84	61.55	61.46	60.52	58.53	63.6	64.06	65.29	58.71	60.33	59.37	63.67	63.87	60.4	62.46	63.55	64.84	60.97	58.2	64.22	63.7	60.72	65.98	64.94	64.8	66.04	65.13	65.57	61.22	52.59	53.74	52.75	50.94	51.1	50.48	51.78	53.83	48.87	55.03	54.44	51.96	52.68	50.82	48.29	50.51	50.49	52.51	51.55	51.79	49.25	49.62	53.08	51.25	51.3	47.41	52.5	53.3	50.96	48.3	49.47	46.7	51.09	50.81	47.03	48.91	51.38	51.3	50.21	47.02	54.63	53.56	49.96	56.06	52.78	51.96	51.61	55.29	54.7	51.2
zone4_00010	4	2026/04/28 18:46	5	0.1	55.1	51.44	51.44	51.44	51.44	51.44	51.44	51.44	51.44	51.44	51.44	51.44	51.44	51.44	54.99	50.9	53.99	51.92	57.58	56.77	57.08	55.96	54.63	54.04	57.83	57.43	58.97	57.54	56.54	53.45	50.47	52.06	52.8	53.13	50.94	50.94	49.86	49.86	49.86	49.86	49.86	49.86	49.86	49.86	49.86	49.86	49.86	50.97	50.97	50.97	56.32	51.33	51.51	51.51	51.51	52.02	52.02	52.02	52.02	52.02	52.02	52.02	52.02	53.36	55.67	56.56	53.51	54.86	55.22	54.77	52.28	56.35	57.53	57.53	57.53	57.53	54.5	54.5	54.5	50.72	50.72	50.72	49.76	49.76	49.76	53.35	53.35	53.35	51.83	51.83	51.83	53.35	53.35	53.35	54.7	55.23	53.92	53.92	53.92	53.92	59.92	60.76	61.21	58.8	58.8	55.9	54.84	59.78	60.52	58.33	60.29	52.94	59.4	55.86	59.9	57	56.84	61.55	61.46	60.52	58.53	63.6	64.06	65.29	58.71	60.33	59.37	63.67	63.87	60.4	62.46	63.55	64.84	60.97	58.2	64.22	63.7	60.72	65.98	64.94	64.8	66.04	65.13	65.57	61.22	61.9	61.86	57.76	64.87	64.29	50.48	51.78	53.83	48.87	55.03	54.44	51.96	52.68	50.82	48.29	50.51	50.49	52.51	51.55	51.79	49.25	49.62	53.08	51.25	51.3	47.41	52.5	53.3	50.96	48.3	49.47	46.7	51.09	50.81	47.03	48.91	51.38	51.3	50.21	47.02	54.63	53.56	49.96	56.06	52.78	51.96	51.61	55.29	54.7	51.2	48.97	55.05	48.6	54.51	52.02
zone4_00011	4	2026/04/28 18:46	5	0.1	51.44	51.44	51.44	51.44	51.44	51.44	51.44	51.44	51.44	54.99	50.9	53.99	51.92	57.58	56.77	57.08	55.96	54.63	54.04	57.83	57.43	58.97	57.54	56.54	53.45	50.47	52.06	52.8	53.13	50.94	50.94	49.86	49.86	49.86	49.86	49.86	49.86	49.86	49.86	49.86	49.86	49.86	50.97	50.97	50.97	54.59	51.95	58.86	58.07	54.22	52.02	52.02	52.02	52.02	52.02	52.02	52.02	52.02	53.36	55.67	56.56	53.51	54.86	55.22	54.77	52.28	56.35	57.53	57.53	57.53	57.53	54.5	54.5	54.5	50.72	50.72	50.72	49.76	49.76	49.76	53.35	53.35	53.35	51.83	51.83	51.83	53.35	53.35	53.35	54.7	55.23	53.92	53.92	53.92	53.92	55.33	55.33	55.33	56.12	56.12	55.9	54.84	59.78	60.52	58.33	60.29	52.94	59.4	55.86	59.9	57	56.84	61.55	61.46	60.52	58.53	63.6	64.06	65.29	58.71	60.33	59.37	63.67	63.87	60.4	62.46	63.55	64.84	60.97	58.2	64.22	63.7	60.72	65.98	64.94	64.8	66.04	65.13	65.57	61.22	61.9	61.86	57.76	64.87	64.29	59.94	61.49	62.05	64.73	62.77	54.44	51.96	52.68	50.82	48.29	50.51	50.49	52.51	51.55	51.79	49.25	49.62	53.08	51.25	51.3	47.41	52.5	53.3	50.96	48.3	49.47	46.7	51.09	50.81	47.03	48.91	51.38	51.3	50.21	47.02	54.63	53.56	49.96	56.06	52.78	51.96	51.61	55.29	54.7	51.2	48.97	55.05	48.6	54.51	52.02	48.65	51.05	53.44	51.92	51.44
zone4_00012	4	2026/04/28 18:46	5	0.1	51.44	51.44	51.44	51.44	54.99	50.9	53.99	51.92	57.58	56.77	57.08	55.96	54.63	54.04	57.83	57.43	58.97	57.54	56.54	53.45	50.47	52.06	52.8	53.13	50.94	50.94	49.86	49.86	49.86	49.86	49.86	49.86	49.86	49.86	49.86	49.86	49.86	50.97	50.97	50.97	54.59	51.95	58.86	58.07	54.22	52.31	56.4	56.39	58.03	58.95	52.02	52.02	52.02	53.36	55.67	56.56	53.51	54.86	55.22	54.77	52.28	56.35	57.53	57.53	57.53	57.53	54.5	54.5	54.5	50.72	50.72	50.72	49.76	49.76	49.76	53.35	53.35	53.35	51.83	51.83	51.83	53.35	53.35	53.35	54.7	55.23	53.92	53.92	53.92	53.92	55.33	55.33	55.33	56.12	56.12	56.12	50.93	50.93	50.93	57.24	60.29	52.94	59.4	55.86	59.9	57	56.84	61.55	61.46	60.52	58.53	63.6	64.06	65.29	58.71	60.33	59.37	63.67	63.87	60.4	62.46	63.55	64.84	60.97	58.2	64.22	63.7	60.72	65.98	64.94	64.8	66.04	65.13	65.57	61.22	61.9	61.86	57.76	64.87	64.29	59.94	61.49	62.05	64.73	62.77	61.24	62.98	64.8	66.15	65.21	50.51	50.49	52.51	51.55	51.79	49.25	49.62	53.08	51.25	51.3	47.41	52.5	53.3	50.96	48.3	49.47	46.7	51.09	50.81	47.03	48.91	51.38	51.3	50.21	47.02	54.63	53.56	49.96	56.06	52.78	51.96	51.61	55.29	54.7	51.2	48.97	55.05	48.6	54.51	52.02	48.65	51.05	53.44	51.92	51.44	48.42	51.12	52.76	52.22	52.39
zone4_00013	4	2026/04/28 18:46	5	0.1	50.9	53.99	51.92	57.58	56.77	57.08	55.96	54.63	54.04	57.83	57.43	58.97	57.54	56.54	53.45	50.47	52.06	52.8	53.13	50.94	50.94	49.86	49.86	49.86	49.86	49.86	49.86	49.86	49.86	49.86	49.86	49.86	50.97	50.97	50.97	54.59	51.95	58.86	58.07	54.22	52.31	56.4	56.39	58.03	58.95	56.85	53.34	55.54	61.73	59.73	56.56	53.51	54.86	55.22	54.77	52.28	56.35	57.53	57.53	57.53	57.53	54.5	54.5	54.5	50.72	50.72	50.72	49.76	49.76	49.76	53.35	53.35	53.35	51.83	51.83	51.83	53.35	53.35	53.35	54.7	55.23	53.92	53.92	53.92	53.92	55.33	55.33	55.33	56.12	56.12	56.12	50.93	50.93	50.93	57.24	57.24	57.24	57.24	55.94	55.94	57	56.84	61.55	61.46	60.52	58.53	63.6	64.06	65.29	58.71	60.33	59.37	63.67	63.87	60.4	62.46	63.55	64.84	60.97	58.2	64.22	63.7	60.72	65.98	64.94	64.8	66.04	65.13	65.57	61.22	61.9	61.86	57.76	64.87	64.29	59.94	61.49	62.05	64.73	62.77	61.24	62.98	64.8	66.15	65.21	66.61	61.98	62.54	62.6	62.9	49.25	49.62	53.08	51.25	51.3	47.41	52.5	53.3	50.96	48.3	49.47	46.7	51.09	50.81	47.03	48.91	51.38	51.3	50.21	47.02	54.63	53.56	49.96	56.06	52.78	51.96	51.61	55.29	54.7	51.2	48.97	55.05	48.6	54.51	52.02	48.65	51.05	53.44	51.92	51.44	48.42	51.12	52.76	52.22	52.39	52.91	53.44	52.79	55.28	55.47
zone4_00014	4	2026/04/28 18:46	5	0.1	57.08	55.96	54.63	54.04	57.83	57.43	58.97	57.54	56.54	53.45	50.47	52.06	52.8	53.13	50.94	50.94	49.86	49.86	49.86	49.86	49.86	49.86	49.86	49.86	49.86	49.86	49.86	50.97	50.97	50.97	54.59	51.95	58.86	58.07	54.22	52.31	56.4	56.39	58.03	58.95	56.85	53.34	55.54	61.73	59.73	54.26	55.55	54.36	53.95	53.73	52.28	56.35	57.53	57.53	57.53	57.53	54.5	54.5	54.5	50.72	50.72	50.72	49.76	49.76	49.76	53.35	53.35	53.35	51.83	51.83	51.83	53.35	53.35	53.35	54.7	55.23	53.92	53.92	53.92	53.92	55.33	55.33	55.33	56.12	56.12	56.12	50.93	50.93	50.93	57.24	57.24	57.24	57.24	55.94	55.94	55.94	57.97	56.94	56.94	56.94	58.53	63.6	64.06	65.29	58.71	60.33	59.37	63.67	63.87	60.4	62.46	63.55	64.84	60.97	58.2	64.22	63.7	60.72	65.98	64.94	64.8	66.04	65.13	65.57	61.22	61.9	61.86	57.76	64.87	64.29	59.94	61.49	62.05	64.73	62.77	61.24	62.98	64.8	66.15	65.21	66.61	61.98	62.54	62.6	62.9	60.32	63.55	65.03	61.23	62.53	47.41	52.5	53.3	50.96	48.3	49.47	46.7	51.09	50.81	47.03	48.91	51.38	51.3	50.21	47.02	54.63	53.56	49.96	56.06	52.78	51.96	51.61	55.29	54.7	51.2	48.97	55.05	48.6	54.51	52.02	48.65	51.05	53.44	51.92	51.44	48.42	51.12	52.76	52.22	52.39	52.91	53.44	52.79	55.28	55.47	51.66	52.81	51.93	51.42	52.29
zone4_00015	4	2026/04/28 18:46	5	0.1	57.43	58.97	57.54	56.54	53.45	50.47	52.06	52.8	53.13	50.94	50.94	49.86	49.86	49.86	49.86	49.86	49.86	49.86	49.86	49.86	49.86	49.86	50.97	50.97	50.97	54.59	51.95	58.86	58.07	54.22	52.31	56.4	56.39	58.03	58.95	56.85	53.34	55.54	61.73	59.73	54.26	55.55	54.36	53.95	53.73	54.33	54.07	59.22	65.72	56.74	57.53	54.5	54.5	54.5	50.72	50.72	50.72	49.76	49.76	49.76	53.35	53.35	53.35	51.83	51.83	51.83	53.35	53.35	53.35	54.7	55.23	53.92	53.92	53.92	53.92	55.33	55.33	55.33	56.12	56.12	56.12	50.93	50.93	50.93	57.24	57.24	57.24	57.24	55.94	55.94	55.94	57.97	56.94	56.94	56.94	54.99	51.54	52.98	60.45	54.27	60.33	59.37	63.67	63.87	60.4	62.46	63.55	64.84	60.97	58.2	64.22	63.7	60.72	65.98	64.94	64.8	66.04	65.13	65.57	61.22	61.9	61.86	57.76	64.87	64.29	59.94	61.49	62.05	64.73	62.77	61.24	62.98	64.8	66.15	65.21	66.61	61.98	62.54	62.6	62.9	60.32	63.55	65.03	61.23	62.53	64.04	61.93	65.04	62.95	61.25	49.47	46.7	51.09	50.81	47.03	48.91	51.38	51.3	50.21	47.02	54.63	53.56	49.96	56.06	52.78	51.96	51.61	55.29	54.7	51.2	48.97	55.05	48.6	54.51	52.02	48.65	51.05	53.44	51.92	51.44	48.42	51.12	52.76	52.22	52.39	52.91	53.44	52.79	55.28	55.47	51.66	52.81	51.93	51.42	52.29	51.09	48.73	54.19	55.27	52.02
zone4_00016	4	2026/04/28 18:46	5	0.1	50.47	52.06	52.8	53.13	50.94	50.94	49.86	49.86	49.86	49.86	49.86	49.86	49.86	49.86	49.86	49.86	49.86	50.97	50.97	50.97	54.59	51.95	58.86	58.07	54.22	52.31	56.4	56.39	58.03	58.95	56.85	53.34	55.54	61.73	59.73	54.26	55.55	54.36	53.95	53.73	54.33	54.07	59.22	65.72	56.74	52.81	51.99	57.24	52.38	56.67	50.72	50.72	49.76	49.76	49.76	53.35	53.35	53.35	51.83	51.83	51.83	53.35	53.35	53.35	54.7	55.23	53.92	53.92	53.92	53.92	55.33	55.33	55.33	56.12	56.12	56.12	50.93	50.93	50.93	57.24	57.24	57.24	57.24	55.94	55.94	55.94	57.97	56.94	56.94	56.94	54.99	51.54	52.98	60.45	54.27	51.78	54.94	54.57	53.08	57.46	62.46	63.55	64.84	60.97	58.2	64.22	63.7	60.72	65.98	64.94	64.8	66.04	65.13	65.57	61.22	61.9	61.86	57.76	64.87	64.29	59.94	61.49	62.05	64.73	62.77	61.24	62.98	64.8	66.15	65.21	66.61	61.98	62.54	62.6	62.9	60.32	63.55	65.03	61.23	62.53	64.04	61.93	65.04	62.95	61.25	59.03	65.41	62.39	60.27	65.79	48.91	51.38	51.3	50.21	47.02	54.63	53.56	49.96	56.06	52.78	51.96	51.61	55.29	54.7	51.2	48.97	55.05	48.6	54.51	52.02	48.65	51.05	53.44	51.92	51.44	48.42	51.12	52.76	52.22	52.39	52.91	53.44	52.79	55.28	55.47	51.66	52.81	51.93	51.42	52.29	51.09	48.73	54.19	55.27	52.02	49.63	47.6	51.52	47.59	53.82
zone4_00017	4	2026/04/28 18:46	5	0.1	50.94	49.86	49.86	49.86	49.86	49.86	49.86	49.86	49.86	49.86	49.86	49.86	50.97	50.97	50.97	54.59	51.95	58.86	58.07	54.22	52.31	56.4	56.39	58.03	58.95	56.85	53.34	55.54	61.73	59.73	54.26	55.55	54.36	53.95	53.73	54.33	54.07	59.22	65.72	56.74	52.81	51.99	57.24	52.38	56.67	56.48	55.17	54.22	54.22	55.7	53.35	53.35	53.35	51.83	51.83	51.83	53.35	53.35	53.35	54.7	55.23	53.92	53.92	53.92	53.92	55.33	55.33	55.33	56.12	56.12	56.12	50.93	50.93	50.93	57.24	57.24	57.24	57.24	55.94	55.94	55.94	57.97	56.94	56.94	56.94	54.99	51.54	52.98	60.45	54.27	51.78	54.94	54.57	53.08	57.46	55.84	52.6	52.6	52.6	52.6	64.22	63.7	60.72	65.98	64.94	64.8	66.04	65.13	65.57	61.22	61.9	61.86	57.76	64.87	64.29	59.94	61.49	62.05	64.73	62.77	61.24	62.98	64.8	66.15	65.21	66.61	61.98	62.54	62.6	62.9	60.32	63.55	65.03	61.23	62.53	64.04	61.93	65.04	62.95	61.25	59.03	65.41	62.39	60.27	65.79	63.31	61.33	65.98	66.82	65.17	54.63	53.56	49.96	56.06	52.78	51.96	51.61	55.29	54.7	51.2	48.97	55.05	48.6	54.51	52.02	48.65	51.05	53.44	51.92	51.44	48.42	51.12	52.76	52.22	52.39	52.91	53.44	52.79	55.28	55.47	51.66	52.81	51.93	51.42	52.29	51.09	48.73	54.19	55.27	52.02	49.63	47.6	51.52	47.59	53.82	52.52	50.34	53.74	52.55	52.71
zone4_00018	4	2026/04/28 18:46	5	0.1	49.86	49.86	49.86	49.86	49.86	49.86	49.86	50.97	50.97	50.97	54.59	51.95	58.86	58.07	54.22	52.31	56.4	56.39	58.03	58.95	56.85	53.34	55.54	61.73	59.73	54.26	55.55	54.36	53.95	53.73	54.33	54.07	59.22	65.72	56.74	52.81	51.99	57.24	52.38	56.67	56.48	55.17	54.22	54.22	55.7	56.23	61.37	61.99	55.41	56.1	51.83	53.35	53.35	53.35	54.7	55.23	53.92	53.92	53.92	53.92	55.33	55.33	55.33	56.12	56.12	56.12	50.93	50.93	50.93	57.24	57.24	57.24	57.24	55.94	55.94	55.94	57.97	56.94	56.94	56.94	54.99	51.54	52.98	60.45	54.27	51.78	54.94	54.57	53.08	57.46	55.84	52.6	52.6	52.6	52.6	52.6	52.6	52.6	53.94	53.94	64.8	66.04	65.13	65.57	61.22	61.9	61.86	57.76	64.87	64.29	59.94	61.49	62.05	64.73	62.77	61.24	62.98	64.8	66.15	65.21	66.61	61.98	62.54	62.6	62.9	60.32	63.55	65.03	61.23	62.53	64.04	61.93	65.04	62.95	61.25	59.03	65.41	62.39	60.27	65.79	63.31	61.33	65.98	66.82	65.17	64.11	59.66	60.78	62.54	64.53	51.96	51.61	55.29	54.7	51.2	48.97	55.05	48.6	54.51	52.02	48.65	51.05	53.44	51.92	51.44	48.42	51.12	52.76	52.22	52.39	52.91	53.44	52.79	55.28	55.47	51.66	52.81	51.93	51.42	52.29	51.09	48.73	54.19	55.27	52.02	49.63	47.6	51.52	47.59	53.82	52.52	50.34	53.74	52.55	52.71	51.59	51.29	50.04	49.45	53.68
zone4_00019	4	2026/04/28 18:46	5	0.1	49.86	49.86	50.97	50.97	50.97	54.59	51.95	58.86	58.07	54.22	52.31	56.4	56.39	58.03	58.95	56.85	53.34	55.54	61.73	59.73	54.26	55.55	54.36	53.95	53.73	54.33	54.07	59.22	65.72	56.74	52.81	51.99	57.24	52.38	56.67	56.48	55.17	54.22	54.22	55.7	56.23	61.37	61.99	55.41	56.1	54.84	55.48	51.34	56.3	50.73	55.23	53.92	53.92	53.92	53.92	55.33	55.33	55.33	56.12	56.12	56.12	50.93	50.93	50.93	57.24	57.24	57.24	57.24	55.94	55.94	55.94	57.97	56.94	56.94	56.94	54.99	51.54	52.98	60.45	54.27	51.78	54.94	54.57	53.08	57.46	55.84	52.6	52.6	52.6	52.6	52.6	52.6	52.6	53.94	53.94	53.94	51.48	51.51	51.51	51.51	61.9	61.86	57.76	64.87	64.29	59.94	61.49	62.05	64.73	62.77	61.24	62.98	64.8	66.15	65.21	66.61	61.98	62.54	62.6	62.9	60.32	63.55	65.03	61.23	62.53	64.04	61.93	65.04	62.95	61.25	59.03	65.41	62.39	60.27	65.79	63.31	61.33	65.98	66.82	65.17	64.11	59.66	60.78	62.54	64.53	60.29	60.69	58.35	57.56	63.72	48.97	55.05	48.6	54.51	52.02	48.65	51.05	53.44	51.92	51.44	48.42	51.12	52.76	52.22	52.39	52.91	53.44	52.79	55.28	55.47	51.66	52.81	51.93	51.42	52.29	51.09	48.73	54.19	55.27	52.02	49.63	47.6	51.52	47.59	53.82	52.52	50.34	53.74	52.55	52.71	51.59	51.29	50.04	49.45	53.68	53.99	50.03	49.64	48.89	49.97
zone4_00020	4	2026/04/28 18:46	5	0.1	54.59	51.95	58.86	58.07	54.22	52.31	56.4	56.39	58.03	58.95	56.85	53.34	55.54	61.73	59.73	54.26	55.55	54.36	53.95	53.73	54.33	54.07	59.22	65.72	56.74	52.81	51.99	57.24	52.38	56.67	56.48	55.17	54.22	54.22	55.7	56.23	61.37	61.99	55.41	56.1	54.84	55.48	51.34	56.3	50.73	49.65	49.65	55.36	52.65	54.96	55.33	55.33	55.33	56.12	56.12	56.12	50.93	50.93	50.93	57.24	57.24	57.24	57.24	55.94	55.94	55.94	57.97	56.94	56.94	56.94	54.99	51.54	52.98	60.45	54.27	51.78	54.94	54.57	53.08	57.46	55.84	52.6	52.6	52.6	52.6	52.6	52.6	52.6	53.94	53.94	53.94	51.48	51.51	51.51	51.51	51.51	51.51	55.48	54.61	54.87	59.94	61.49	62.05	64.73	62.77	61.24	62.98	64.8	66.15	65.21	66.61	61.98	62.54	62.6	62.9	60.32	63.55	65.03	61.23	62.53	64.04	61.93	65.04	62.95	61.25	59.03	65.41	62.39	60.27	65.79	63.31	61.33	65.98	66.82	65.17	64.11	59.66	60.78	62.54	64.53	60.29	60.69	58.35	57.56	63.72	62.83	61.41	63.7	61.43	63.59	48.65	51.05	53.44	51.92	51.44	48.42	51.12	52.76	52.22	52.39	52.91	53.44	52.79	55.28	55.47	51.66	52.81	51.93	51.42	52.29	51.09	48.73	54.19	55.27	52.02	49.63	47.6	51.52	47.59	53.82	52.52	50.34	53.74	52.55	52.71	51.59	51.29	50.04	49.45	53.68	53.99	50.03	49.64	48.89	49.97	51.58	50.58	51.6	53.24	52.21
zone4_00021	4	2026/04/28 18:46	5	0.1	52.31	56.4	56.39	58.03	58.95	56.85	53.34	55.54	61.73	59.73	54.26	55.55	54.36	53.95	53.73	54.33	54.07	59.22	65.72	56.74	52.81	51.99	57.24	52.38	56.67	56.48	55.17	54.22	54.22	55.7	56.23	61.37	61.99	55.41	56.1	54.84	55.48	51.34	56.3	50.73	49.65	49.65	55.36	52.65	54.96	56.18	57.84	57.71	57.91	57.05	56.12	50.93	50.93	50.93	57.24	57.24	57.24	57.24	55.94	55.94	55.94	57.97	56.94	56.94	56.94	54.99	51.54	52.98	60.45	54.27	51.78	54.94	54.57	53.08	57.46	55.84	52.6	52.6	52.6	52.6	52.6	52.6	52.6	53.94	53.94	53.94	51.48	51.51	51.51	51.51	51.51	51.51	55.48	54.61	54.87	57.51	59.06	59.06	59.06	59.06	61.24	62.98	64.8	66.15	65.21	66.61	61.98	62.54	62.6	62.9	60.32	63.55	65.03	61.23	62.53	64.04	61.93	65.04	62.95	61.25	59.03	65.41	62.39	60.27	65.79	63.31	61.33	65.98	66.82	65.17	64.11	59.66	60.78	62.54	64.53	60.29	60.69	58.35	57.56	63.72	62.83	61.41	63.7	61.43	63.59	63.58	63.47	62.82	63.52	62.34	48.42	51.12	52.76	52.22	52.39	52.91	53.44	52.79	55.28	55.47	51.66	52.81	51.93	51.42	52.29	51.09	48.73	54.19	55.27	52.02	49.63	47.6	51.52	47.59	53.82	52.52	50.34	53.74	52.55	52.71	51.59	51.29	50.04	49.45	53.68	53.99	50.03	49.64	48.89	49.97	51.58	50.58	51.6	53.24	52.21	53.15	53.81	52.9	51.85	51.32
zone4_00022	4	2026/04/28 18:46	5	0.1	56.85	53.34	55.54	61.73	59.73	54.26	55.55	54.36	53.95	53.73	54.33	54.07	59.22	65.72	56.74	52.81	51.99	57.24	52.38	56.67	56.48	55.17	54.22	54.22	55.7	56.23	61.37	61.99	55.41	56.1	54.84	55.48	51.34	56.3	50.73	49.65	49.65	55.36	52.65	54.96	56.18	57.84	57.71	57.91	57.05	54.4	56.68	54.79	57.95	58.42	57.24	57.24	57.24	55.94	55.94	55.94	57.97	56.94	56.94	56.94	54.99	51.54	52.98	60.45	54.27	51.78	54.94	54.57	53.08	57.46	55.84	52.6	52.6	52.6	52.6	52.6	52.6	52.6	53.94	53.94	53.94	51.48	51.51	51.51	51.51	51.51	51.51	55.48	54.61	54.87	57.51	59.06	59.06	59.06	59.06	59.06	59.06	56.95	56.95	56.95	66.61	61.98	62.54	62.6	62.9	60.32	63.55	65.03	61.23	62.53	64.04	61.93	65.04	62.95	61.25	59.03	65.41	62.39	60.27	65.79	63.31	61.33	65.98	66.82	65.17	64.11	59.66	60.78	62.54	64.53	60.29	60.69	58.35	57.56	63.72	62.83	61.41	63.7	61.43	63.59	63.58	63.47	62.82	63.52	62.34	63.62	64.69	63.47	63.37	66.77	52.91	53.44	52.79	55.28	55.47	51.66	52.81	51.93	51.42	52.29	51.09	48.73	54.19	55.27	52.02	49.63	47.6	51.52	47.59	53.82	52.52	50.34	53.74	52.55	52.71	51.59	51.29	50.04	49.45	53.68	53.99	50.03	49.64	48.89	49.97	51.58	50.58	51.6	53.24	52.21	53.15	53.81	52.9	51.85	51.32	53.87	55.44	55.44	54.14	54.63
zone4_00023	4	2026/04/28 18:46	5	0.1	54.26	55.55	54.36	53.95	53.73	54.33	54.07	59.22	65.72	56.74	52.81	51.99	57.24	52.38	56.67	56.48	55.17	54.22	54.22	55.7	56.23	61.37	61.99	55.41	56.1	54.84	55.48	51.34	56.3	50.73	49.65	49.65	55.36	52.65	54.96	56.18	57.84	57.71	57.91	57.05	54.4	56.68	54.79	57.95	58.42	58.92	58.92	58.92	58.92	59.55	55.94	57.97	56.94	56.94	56.94	54.99	51.54	52.98	60.45	54.27	51.78	54.94	54.57	53.08	57.46	55.84	52.6	52.6	52.6	52.6	52.6	52.6	52.6	53.94	53.94	53.94	51.48	51.51	51.51	51.51	51.51	51.51	55.48	54.61	54.87	57.51	59.06	59.06	59.06	59.06	59.06	59.06	56.95	56.95	56.95	58.08	58.08	58.08	57.41	57.41	60.32	63.55	65.03	61.23	62.53	64.04	61.93	65.04	62.95	61.25	59.03	65.41	62.39	60.27	65.79	63.31	61.33	65.98	66.82	65.17	64.11	59.66	60.78	62.54	64.53	60.29	60.69	58.35	57.56	63.72	62.83	61.41	63.7	61.43	63.59	63.58	63.47	62.82	63.52	62.34	63.62	64.69	63.47	63.37	66.77	64.8	64.34	61.16	62.13	61.58	51.66	52.81	51.93	51.42	52.29	51.09	48.73	54.19	55.27	52.02	49.63	47.6	51.52	47.59	53.82	52.52	50.34	53.74	52.55	52.71	51.59	51.29	50.04	49.45	53.68	53.99	50.03	49.64	48.89	49.97	51.58	50.58	51.6	53.24	52.21	53.15	53.81	52.9	51.85	51.32	53.87	55.44	55.44	54.14	54.63	58.48	57.7	54.93	54.69	55.23
zone4_00024	4	2026/04/28 18:46	5	0.1	54.33	54.07	59.22	65.72	56.74	52.81	51.99	57.24	52.38	56.67	56.48	55.17	54.22	54.22	55.7	56.23	61.37	61.99	55.41	56.1	54.84	55.48	51.34	56.3	50.73	49.65	49.65	55.36	52.65	54.96	56.18	57.84	57.71	57.91	57.05	54.4	56.68	54.79	57.95	58.42	58.92	58.92	58.92	58.92	59.55	57.58	57.22	55.8	58.56	53.48	54.99	51.54	52.98	60.45	54.27	51.78	54.94	54.57	53.08	57.46	55.84	52.6	52.6	52.6	52.6	52.6	52.6	52.6	53.94	53.94	53.94	51.48	51.51	51.51	51.51	51.51	51.51	55.48	54.61	54.87	57.51	59.06	59.06	59.06	59.06	59.06	59.06	56.95	56.95	56.95	58.08	58.08	58.08	57.41	57.41	57.41	58.4	58.4	58.4	54.78	64.04	61.93	65.04	62.95	61.25	59.03	65.41	62.39	60.27	65.79	63.31	61.33	65.98	66.82	65.17	64.11	59.66	60.78	62.54	64.53	60.29	60.69	58.35	57.56	63.72	62.83	61.41	63.7	61.43	63.59	63.58	63.47	62.82	63.52	62.34	63.62	64.69	63.47	63.37	66.77	64.8	64.34	61.16	62.13	61.58	63.46	64.03	62.65	64.01	62.65	51.09	48.73	54.19	55.27	52.02	49.63	47.6	51.52	47.59	53.82	52.52	50.34	53.74	52.55	52.71	51.59	51.29	50.04	49.45	53.68	53.99	50.03	49.64	48.89	49.97	51.58	50.58	51.6	53.24	52.21	53.15	53.81	52.9	51.85	51.32	53.87	55.44	55.44	54.14	54.63	58.48	57.7	54.93	54.69	55.23	56.05	55.52	54.65	56.39	55.99
zone4_00025	4	2026/04/28 18:46	5	0.1	52.81	51.99	57.24	52.38	56.67	56.48	55.17	54.22	54.22	55.7	56.23	61.37	61.99	55.41	56.1	54.84	55.48	51.34	56.3	50.73	49.65	49.65	55.36	52.65	54.96	56.18	57.84	57.71	57.91	57.05	54.4	56.68	54.79	57.95	58.42	58.92	58.92	58.92	58.92	59.55	57.58	57.22	55.8	58.56	53.48	54.78	52.38	55.21	54.14	56.81	51.78	54.94	54.57	53.08	57.46	55.84	52.6	52.6	52.6	52.6	52.6	52.6	52.6	53.94	53.94	53.94	51.48	51.51	51.51	51.51	51.51	51.51	55.48	54.61	54.87	57.51	59.06	59.06	59.06	59.06	59.06	59.06	56.95	56.95	56.95	58.08	58.08	58.08	57.41	57.41	57.41	58.4	58.4	58.4	54.78	54.78	54.78	54.78	54.79	57.25	59.03	65.41	62.39	60.27	65.79	63.31	61.33	65.98	66.82	65.17	64.11	59.66	60.78	62.54	64.53	60.29	60.69	58.35	57.56	63.72	62.83	61.41	63.7	61.43	63.59	63.58	63.47	62.82	63.52	62.34	63.62	64.69	63.47	63.37	66.77	64.8	64.34	61.16	62.13	61.58	63.46	64.03	62.65	64.01	62.65	64.98	66.01	65.48	64	64.74	49.63	47.6	51.52	47.59	53.82	52.52	50.34	53.74	52.55	52.71	51.59	51.29	50.04	49.45	53.68	53.99	50.03	49.64	48.89	49.97	51.58	50.58	51.6	53.24	52.21	53.15	53.81	52.9	51.85	51.32	53.87	55.44	55.44	54.14	54.63	58.48	57.7	54.93	54.69	55.23	56.05	55.52	54.65	56.39	55.99	53.7	54.75	52.1	52.65	53.16
zone4_00026	4	2026/04/28 18:46	5	0.1	56.48	55.17	54.22	54.22	55.7	56.23	61.37	61.99	55.41	56.1	54.84	55.48	51.34	56.3	50.73	49.65	49.65	55.36	52.65	54.96	56.18	57.84	57.71	57.91	57.05	54.4	56.68	54.79	57.95	58.42	58.92	58.92	58.92	58.92	59.55	57.58	57.22	55.8	58.56	53.48	54.78	52.38	55.21	54.14	56.81	55.97	54.63	54.8	59.32	57.22	55.84	52.6	52.6	52.6	52.6	52.6	52.6	52.6	53.94	53.94	53.94	51.48	51.51	51.51	51.51	51.51	51.51	55.48	54.61	54.87	57.51	59.06	59.06	59.06	59.06	59.06	59.06	56.95	56.95	56.95	58.08	58.08	58.08	57.41	57.41	57.41	58.4	58.4	58.4	54.78	54.78	54.78	54.78	54.79	57.25	53.94	57.1	56.36	54.48	56.17	63.31	61.33	65.98	66.82	65.17	64.11	59.66	60.78	62.54	64.53	60.29	60.69	58.35	57.56	63.72	62.83	61.41	63.7	61.43	63.59	63.58	63.47	62.82	63.52	62.34	63.62	64.69	63.47	63.37	66.77	64.8	64.34	61.16	62.13	61.58	63.46	64.03	62.65	64.01	62.65	64.98	66.01	65.48	64	64.74	63.17	66.53	64	66.03	64.16	52.52	50.34	53.74	52.55	52.71	51.59	51.29	50.04	49.45	53.68	53.99	50.03	49.64	48.89	49.97	51.58	50.58	51.6	53.24	52.21	53.15	53.81	52.9	51.85	51.32	53.87	55.44	55.44	54.14	54.63	58.48	57.7	54.93	54.69	55.23	56.05	55.52	54.65	56.39	55.99	53.7	54.75	52.1	52.65	53.16	52.91	53.53	54.72	53.91	52.24
zone4_00027	4	2026/04/28 18:46	5	0.1	56.23	61.37	61.99	55.41	56.1	54.84	55.48	51.34	56.3	50.73	49.65	49.65	55.36	52.65	54.96	56.18	57.84	57.71	57.91	57.05	54.4	56.68	54.79	57.95	58.42	58.92	58.92	58.92	58.92	59.55	57.58	57.22	55.8	58.56	53.48	54.78	52.38	55.21	54.14	56.81	55.97	54.63	54.8	59.32	57.22	50.73	54	55.19	56.14	55.04	52.6	52.6	52.6	53.94	53.94	53.94	51.48	51.51	51.51	51.51	51.51	51.51	55.48	54.61	54.87	57.51	59.06	59.06	59.06	59.06	59.06	59.06	56.95	56.95	56.95	58.08	58.08	58.08	57.41	57.41	57.41	58.4	58.4	58.4	54.78	54.78	54.78	54.78	54.79	57.25	53.94	57.1	56.36	54.48	56.17	50.49	53.58	59.88	57.96	57.96	64.11	59.66	60.78	62.54	64.53	60.29	60.69	58.35	57.56	63.72	62.83	61.41	63.7	61.43	63.59	63.58	63.47	62.82	63.52	62.34	63.62	64.69	63.47	63.37	66.77	64.8	64.34	61.16	62.13	61.58	63.46	64.03	62.65	64.01	62.65	64.98	66.01	65.48	64	64.74	63.17	66.53	64	66.03	64.16	60.22	66.08	66.86	67.18	65.34	51.59	51.29	50.04	49.45	53.68	53.99	50.03	49.64	48.89	49.97	51.58	50.58	51.6	53.24	52.21	53.15	53.81	52.9	51.85	51.32	53.87	55.44	55.44	54.14	54.63	58.48	57.7	54.93	54.69	55.23	56.05	55.52	54.65	56.39	55.99	53.7	54.75	52.1	52.65	53.16	52.91	53.53	54.72	53.91	52.24	50.69	54.24	54.49	52.92	53.29
zone4_00028	4	2026/04/28 18:46	5	0.1	54.84	55.48	51.34	56.3	50.73	49.65	49.65	55.36	52.65	54.96	56.18	57.84	57.71	57.91	57.05	54.4	56.68	54.79	57.95	58.42	58.92	58.92	58.92	58.92	59.55	57.58	57.22	55.8	58.56	53.48	54.78	52.38	55.21	54.14	56.81	55.97	54.63	54.8	59.32	57.22	50.73	54	55.19	56.14	55.04	59.35	58.74	54.3	55.73	56.85	53.94	51.48	51.51	51.51	51.51	51.51	51.51	55.48	54.61	54.87	57.51	59.06	59.06	59.06	59.06	59.06	59.06	56.95	56.95	56.95	58.08	58.08	58.08	57.41	57.41	57.41	58.4	58.4	58.4	54.78	54.78	54.78	54.78	54.79	57.25	53.94	57.1	56.36	54.48	56.17	50.49	53.58	59.88	57.96	57.96	57.96	57.05	55.11	55.11	55.11	60.29	60.69	58.35	57.56	63.72	62.83	61.41	63.7	61.43	63.59	63.58	63.47	62.82	63.52	62.34	63.62	64.69	63.47	63.37	66.77	64.8	64.34	61.16	62.13	61.58	63.46	64.03	62.65	64.01	62.65	64.98	66.01	65.48	64	64.74	63.17	66.53	64	66.03	64.16	60.22	66.08	66.86	67.18	65.34	63.74	66.11	65.21	65.19	63.05	53.99	50.03	49.64	48.89	49.97	51.58	50.58	51.6	53.24	52.21	53.15	53.81	52.9	51.85	51.32	53.87	55.44	55.44	54.14	54.63	58.48	57.7	54.93	54.69	55.23	56.05	55.52	54.65	56.39	55.99	53.7	54.75	52.1	52.65	53.16	52.91	53.53	54.72	53.91	52.24	50.69	54.24	54.49	52.92	53.29	56.34	55.44	54.82	54.26	50.95
zone4_00029	4	2026/04/28 18:46	5	0.1	49.65	49.65	55.36	52.65	54.96	56.18	57.84	57.71	57.91	57.05	54.4	56.68	54.79	57.95	58.42	58.92	58.92	58.92	58.92	59.55	57.58	57.22	55.8	58.56	53.48	54.78	52.38	55.21	54.14	56.81	55.97	54.63	54.8	59.32	57.22	50.73	54	55.19	56.14	55.04	59.35	58.74	54.3	55.73	56.85	56.1	55.15	54.94	46.39	48.13	51.51	51.51	55.48	54.61	54.87	57.51	59.06	59.06	59.06	59.06	59.06	59.06	56.95	56.95	56.95	58.08	58.08	58.08	57.41	57.41	57.41	58.4	58.4	58.4	54.78	54.78	54.78	54.78	54.79	57.25	53.94	57.1	56.36	54.48	56.17	50.49	53.58	59.88	57.96	57.96	57.96	57.05	55.11	55.11	55.11	55.11	55.11	53.99	48.23	47.49	62.83	61.41	63.7	61.43	63.59	63.58	63.47	62.82	63.52	62.34	63.62	64.69	63.47	63.37	66.77	64.8	64.34	61.16	62.13	61.58	63.46	64.03	62.65	64.01	62.65	64.98	66.01	65.48	64	64.74	63.17	66.53	64	66.03	64.16	60.22	66.08	66.86	67.18	65.34	63.74	66.11	65.21	65.19	63.05	59.96	55.96	55.08	56.78	54.21	51.58	50.58	51.6	53.24	52.21	53.15	53.81	52.9	51.85	51.32	53.87	55.44	55.44	54.14	54.63	58.48	57.7	54.93	54.69	55.23	56.05	55.52	54.65	56.39	55.99	53.7	54.75	52.1	52.65	53.16	52.91	53.53	54.72	53.91	52.24	50.69	54.24	54.49	52.92	53.29	56.34	55.44	54.82	54.26	50.95	51.13	47.46	46.25	45.28	45.2
zone4_00030	4	2026/04/28 18:46	5	0.1	56.18	57.84	57.71	57.91	57.05	54.4	56.68	54.79	57.95	58.42	58.92	58.92	58.92	58.92	59.55	57.58	57.22	55.8	58.56	53.48	54.78	52.38	55.21	54.14	56.81	55.97	54.63	54.8	59.32	57.22	50.73	54	55.19	56.14	55.04	59.35	58.74	54.3	55.73	56.85	56.1	55.15	54.94	46.39	48.13	45.19	45.01	44.83	44.26	53.51	57.51	59.06	59.06	59.06	59.06	59.06	59.06	56.95	56.95	56.95	58.08	58.08	58.08	57.41	57.41	57.41	58.4	58.4	58.4	54.78	54.78	54.78	54.78	54.79	57.25	53.94	57.1	56.36	54.48	56.17	50.49	53.58	59.88	57.96	57.96	57.96	57.05	55.11	55.11	55.11	55.11	55.11	53.99	48.23	47.49	48.38	48.03	44.25	46.47	52.09	63.58	63.47	62.82	63.52	62.34	63.62	64.69	63.47	63.37	66.77	64.8	64.34	61.16	62.13	61.58	63.46	64.03	62.65	64.01	62.65	64.98	66.01	65.48	64	64.74	63.17	66.53	64	66.03	64.16	60.22	66.08	66.86	67.18	65.34	63.74	66.11	65.21	65.19	63.05	59.96	55.96	55.08	56.78	54.21	53.96	60.49	53.56	53.21	58.83	53.15	53.81	52.9	51.85	51.32	53.87	55.44	55.44	54.14	54.63	58.48	57.7	54.93	54.69	55.23	56.05	55.52	54.65	56.39	55.99	53.7	54.75	52.1	52.65	53.16	52.91	53.53	54.72	53.91	52.24	50.69	54.24	54.49	52.92	53.29	56.34	55.44	54.82	54.26	50.95	51.13	47.46	46.25	45.28	45.2	47.79	48.87	42.26	42.54	55.97
zone4_00031	4	2026/04/28 18:46	5	0.1	54.4	56.68	54.79	57.95	58.42	58.92	58.92	58.92	58.92	59.55	57.58	57.22	55.8	58.56	53.48	54.78	52.38	55.21	54.14	56.81	55.97	54.63	54.8	59.32	57.22	50.73	54	55.19	56.14	55.04	59.35	58.74	54.3	55.73	56.85	56.1	55.15	54.94	46.39	48.13	45.19	45.01	44.83	44.26	53.51	50.88	46.68	51.15	50.76	49.75	59.06	59.06	56.95	56.95	56.95	58.08	58.08	58.08	57.41	57.41	57.41	58.4	58.4	58.4	54.78	54.78	54.78	54.78	54.79	57.25	53.94	57.1	56.36	54.48	56.17	50.49	53.58	59.88	57.96	57.96	57.96	57.05	55.11	55.11	55.11	55.11	55.11	53.99	48.23	47.49	48.38	48.03	44.25	46.47	52.09	52	49.02	50.28	52.15	52.42	63.62	64.69	63.47	63.37	66.77	64.8	64.34	61.16	62.13	61.58	63.46	64.03	62.65	64.01	62.65	64.98	66.01	65.48	64	64.74	63.17	66.53	64	66.03	64.16	60.22	66.08	66.86	67.18	65.34	63.74	66.11	65.21	65.19	63.05	59.96	55.96	55.08	56.78	54.21	53.96	60.49	53.56	53.21	58.83	54.21	61.83	58.66	55.15	60.05	53.87	55.44	55.44	54.14	54.63	58.48	57.7	54.93	54.69	55.23	56.05	55.52	54.65	56.39	55.99	53.7	54.75	52.1	52.65	53.16	52.91	53.53	54.72	53.91	52.24	50.69	54.24	54.49	52.92	53.29	56.34	55.44	54.82	54.26	50.95	51.13	47.46	46.25	45.28	45.2	47.79	48.87	42.26	42.54	55.97	48.98	47.56	51.08	51.93	51.55
zone4_00032	4	2026/04/28 18:46	5	0.1	58.92	58.92	58.92	58.92	59.55	57.58	57.22	55.8	58.56	53.48	54.78	52.38	55.21	54.14	56.81	55.97	54.63	54.8	59.32	57.22	50.73	54	55.19	56.14	55.04	59.35	58.74	54.3	55.73	56.85	56.1	55.15	54.94	46.39	48.13	45.19	45.01	44.83	44.26	53.51	50.88	46.68	51.15	50.76	49.75	47.49	45.67	55.32	47.69	45.2	58.08	58.08	58.08	57.41	57.41	57.41	58.4	58.4	58.4	54.78	54.78	54.78	54.78	54.79	57.25	53.94	57.1	56.36	54.48	56.17	50.49	53.58	59.88	57.96	57.96	57.96	57.05	55.11	55.11	55.11	55.11	55.11	53.99	48.23	47.49	48.38	48.03	44.25	46.47	52.09	52	49.02	50.28	52.15	52.42	50.67	55.18	55.84	47.53	41.18	64.8	64.34	61.16	62.13	61.58	63.46	64.03	62.65	64.01	62.65	64.98	66.01	65.48	64	64.74	63.17	66.53	64	66.03	64.16	60.22	66.08	66.86	67.18	65.34	63.74	66.11	65.21	65.19	63.05	59.96	55.96	55.08	56.78	54.21	53.96	60.49	53.56	53.21	58.83	54.21	61.83	58.66	55.15	60.05	57.48	61.17	61.03	53.57	55.62	58.48	57.7	54.93	54.69	55.23	56.05	55.52	54.65	56.39	55.99	53.7	54.75	52.1	52.65	53.16	52.91	53.53	54.72	53.91	52.24	50.69	54.24	54.49	52.92	53.29	56.34	55.44	54.82	54.26	50.95	51.13	47.46	46.25	45.28	45.2	47.79	48.87	42.26	42.54	55.97	48.98	47.56	51.08	51.93	51.55	50.74	50.14	54.38	45.89	42.45
zone4_00033	4	2026/04/28 18:46	5	0.1	57.58	57.22	55.8	58.56	53.48	54.78	52.38	55.21	54.14	56.81	55.97	54.63	54.8	59.32	57.22	50.73	54	55.19	56.14	55.04	59.35	58.74	54.3	55.73	56.85	56.1	55.15	54.94	46.39	48.13	45.19	45.01	44.83	44.26	53.51	50.88	46.68	51.15	50.76	49.75	47.49	45.67	55.32	47.69	45.2	45.37	44.79	44.79	45.07	47.21	57.41	58.4	58.4	58.4	54.78	54.78	54.78	54.78	54.79	57.25	53.94	57.1	56.36	54.48	56.17	50.49	53.58	59.88	57.96	57.96	57.96	57.05	55.11	55.11	55.11	55.11	55.11	53.99	48.23	47.49	48.38	48.03	44.25	46.47	52.09	52	49.02	50.28	52.15	52.42	50.67	55.18	55.84	47.53	41.18	44.48	43.44	47	45.21	47.39	63.46	64.03	62.65	64.01	62.65	64.98	66.01	65.48	64	64.74	63.17	66.53	64	66.03	64.16	60.22	66.08	66.86	67.18	65.34	63.74	66.11	65.21	65.19	63.05	59.96	55.96	55.08	56.78	54.21	53.96	60.49	53.56	53.21	58.83	54.21	61.83	58.66	55.15	60.05	57.48	61.17	61.03	53.57	55.62	55.66	55.89	55.06	53.62	58.03	56.05	55.52	54.65	56.39	55.99	53.7	54.75	52.1	52.65	53.16	52.91	53.53	54.72	53.91	52.24	50.69	54.24	54.49	52.92	53.29	56.34	55.44	54.82	54.26	50.95	51.13	47.46	46.25	45.28	45.2	47.79	48.87	42.26	42.54	55.97	48.98	47.56	51.08	51.93	51.55	50.74	50.14	54.38	45.89	42.45	45.78	46.27	44.2	43.08	46.96
zone4_00034	4	2026/04/28 18:46	5	0.1	54.78	52.38	55.21	54.14	56.81	55.97	54.63	54.8	59.32	57.22	50.73	54	55.19	56.14	55.04	59.35	58.74	54.3	55.73	56.85	56.1	55.15	54.94	46.39	48.13	45.19	45.01	44.83	44.26	53.51	50.88	46.68	51.15	50.76	49.75	47.49	45.67	55.32	47.69	45.2	45.37	44.79	44.79	45.07	47.21	49.37	49.71	59.64	57.1	55.7	54.78	54.78	54.78	54.79	57.25	53.94	57.1	56.36	54.48	56.17	50.49	53.58	59.88	57.96	57.96	57.96	57.05	55.11	55.11	55.11	55.11	55.11	53.99	48.23	47.49	48.38	48.03	44.25	46.47	52.09	52	49.02	50.28	52.15	52.42	50.67	55.18	55.84	47.53	41.18	44.48	43.44	47	45.21	47.39	47.74	49.33	58.19	53.92	51.93	64.98	66.01	65.48	64	64.74	63.17	66.53	64	66.03	64.16	60.22	66.08	66.86	67.18	65.34	63.74	66.11	65.21	65.19	63.05	59.96	55.96	55.08	56.78	54.21	53.96	60.49	53.56	53.21	58.83	54.21	61.83	58.66	55.15	60.05	57.48	61.17	61.03	53.57	55.62	55.66	55.89	55.06	53.62	58.03	57	59.57	63.88	63.89	64.51	53.7	54.75	52.1	52.65	53.16	52.91	53.53	54.72	53.91	52.24	50.69	54.24	54.49	52.92	53.29	56.34	55.44	54.82	54.26	50.95	51.13	47.46	46.25	45.28	45.2	47.79	48.87	42.26	42.54	55.97	48.98	47.56	51.08	51.93	51.55	50.74	50.14	54.38	45.89	42.45	45.78	46.27	44.2	43.08	46.96	44.53	44.18	57.31	52.89	48.67
zone4_00035	4	2026/04/28 18:46	5	0.1	55.97	54.63	54.8	59.32	57.22	50.73	54	55.19	56.14	55.04	59.35	58.74	54.3	55.73	56.85	56.1	55.15	54.94	46.39	48.13	45.19	45.01	44.83	44.26	53.51	50.88	46.68	51.15	50.76	49.75	47.49	45.67	55.32	47.69	45.2	45.37	44.79	44.79	45.07	47.21	49.37	49.71	59.64	57.1	55.7	50.53	47.9	47.9	45.8	51.08	53.94	57.1	56.36	54.48	56.17	50.49	53.58	59.88	57.96	57.96	57.96	57.05	55.11	55.11	55.11	55.11	55.11	53.99	48.23	47.49	48.38	48.03	44.25	46.47	52.09	52	49.02	50.28	52.15	52.42	50.67	55.18	55.84	47.53	41.18	44.48	43.44	47	45.21	47.39	47.74	49.33	58.19	53.92	51.93	51	46.69	46.69	51.12	51.1	63.17	66.53	64	66.03	64.16	60.22	66.08	66.86	67.18	65.34	63.74	66.11	65.21	65.19	63.05	59.96	55.96	55.08	56.78	54.21	53.96	60.49	53.56	53.21	58.83	54.21	61.83	58.66	55.15	60.05	57.48	61.17	61.03	53.57	55.62	55.66	55.89	55.06	53.62	58.03	57	59.57	63.88	63.89	64.51	59.8	54.27	61.53	57.17	61.24	52.91	53.53	54.72	53.91	52.24	50.69	54.24	54.49	52.92	53.29	56.34	55.44	54.82	54.26	50.95	51.13	47.46	46.25	45.28	45.2	47.79	48.87	42.26	42.54	55.97	48.98	47.56	51.08	51.93	51.55	50.74	50.14	54.38	45.89	42.45	45.78	46.27	44.2	43.08	46.96	44.53	44.18	57.31	52.89	48.67	50.24	44.87	49.89	50.35	49.64
zone4_00036	4	2026/04/28 18:46	5	0.1	50.73	54	55.19	56.14	55.04	59.35	58.74	54.3	55.73	56.85	56.1	55.15	54.94	46.39	48.13	45.19	45.01	44.83	44.26	53.51	50.88	46.68	51.15	50.76	49.75	47.49	45.67	55.32	47.69	45.2	45.37	44.79	44.79	45.07	47.21	49.37	49.71	59.64	57.1	55.7	50.53	47.9	47.9	45.8	51.08	50.18	56.82	45.48	56.13	58.54	50.49	53.58	59.88	57.96	57.96	57.96	57.05	55.11	55.11	55.11	55.11	55.11	53.99	48.23	47.49	48.38	48.03	44.25	46.47	52.09	52	49.02	50.28	52.15	52.42	50.67	55.18	55.84	47.53	41.18	44.48	43.44	47	45.21	47.39	47.74	49.33	58.19	53.92	51.93	51	46.69	46.69	51.12	51.1	52.01	53.5	55.6	56.03	54.61	60.22	66.08	66.86	67.18	65.34	63.74	66.11	65.21	65.19	63.05	59.96	55.96	55.08	56.78	54.21	53.96	60.49	53.56	53.21	58.83	54.21	61.83	58.66	55.15	60.05	57.48	61.17	61.03	53.57	55.62	55.66	55.89	55.06	53.62	58.03	57	59.57	63.88	63.89	64.51	59.8	54.27	61.53	57.17	61.24	63.74	56.19	65.28	63.93	61.41	50.69	54.24	54.49	52.92	53.29	56.34	55.44	54.82	54.26	50.95	51.13	47.46	46.25	45.28	45.2	47.79	48.87	42.26	42.54	55.97	48.98	47.56	51.08	51.93	51.55	50.74	50.14	54.38	45.89	42.45	45.78	46.27	44.2	43.08	46.96	44.53	44.18	57.31	52.89	48.67	50.24	44.87	49.89	50.35	49.64	51.11	53.47	51.06	51.52	50.17
zone4_00037	4	2026/04/28 18:46	5	0.1	59.35	58.74	54.3	55.73	56.85	56.1	55.15	54.94	46.39	48.13	45.19	45.01	44.83	44.26	53.51	50.88	46.68	51.15	50.76	49.75	47.49	45.67	55.32	47.69	45.2	45.37	44.79	44.79	45.07	47.21	49.37	49.71	59.64	57.1	55.7	50.53	47.9	47.9	45.8	51.08	50.18	56.82	45.48	56.13	58.54	58.51	55.07	55.07	53.92	48.14	57.96	57.05	55.11	55.11	55.11	55.11	55.11	53.99	48.23	47.49	48.38	48.03	44.25	46.47	52.09	52	49.02	50.28	52.15	52.42	50.67	55.18	55.84	47.53	41.18	44.48	43.44	47	45.21	47.39	47.74	49.33	58.19	53.92	51.93	51	46.69	46.69	51.12	51.1	52.01	53.5	55.6	56.03	54.61	49.9	52.14	55.69	52.34	48.56	63.74	66.11	65.21	65.19	63.05	59.96	55.96	55.08	56.78	54.21	53.96	60.49	53.56	53.21	58.83	54.21	61.83	58.66	55.15	60.05	57.48	61.17	61.03	53.57	55.62	55.66	55.89	55.06	53.62	58.03	57	59.57	63.88	63.89	64.51	59.8	54.27	61.53	57.17	61.24	63.74	56.19	65.28	63.93	61.41	60.12	61.44	61.33	57.64	54.1	56.34	55.44	54.82	54.26	50.95	51.13	47.46	46.25	45.28	45.2	47.79	48.87	42.26	42.54	55.97	48.98	47.56	51.08	51.93	51.55	50.74	50.14	54.38	45.89	42.45	45.78	46.27	44.2	43.08	46.96	44.53	44.18	57.31	52.89	48.67	50.24	44.87	49.89	50.35	49.64	51.11	53.47	51.06	51.52	50.17	50.03	50.5	49.26	46.94	46.18
zone4_00038	4	2026/04/28 18:46	5	0.1	56.1	55.15	54.94	46.39	48.13	45.19	45.01	44.83	44.26	53.51	50.88	46.68	51.15	50.76	49.75	47.49	45.67	55.32	47.69	45.2	45.37	44.79	44.79	45.07	47.21	49.37	49.71	59.64	57.1	55.7	50.53	47.9	47.9	45.8	51.08	50.18	56.82	45.48	56.13	58.54	58.51	55.07	55.07	53.92	48.14	47.89	45.73	52.68	50.3	46.76	55.11	55.11	53.99	48.23	47.49	48.38	48.03	44.25	46.47	52.09	52	49.02	50.28	52.15	52.42	50.67	55.18	55.84	47.53	41.18	44.48	43.44	47	45.21	47.39	47.74	49.33	58.19	53.92	51.93	51	46.69	46.69	51.12	51.1	52.01	53.5	55.6	56.03	54.61	49.9	52.14	55.69	52.34	48.56	47.58	47.49	54.47	52.26	51.78	59.96	55.96	55.08	56.78	54.21	53.96	60.49	53.56	53.21	58.83	54.21	61.83	58.66	55.15	60.05	57.48	61.17	61.03	53.57	55.62	55.66	55.89	55.06	53.62	58.03	57	59.57	63.88	63.89	64.51	59.8	54.27	61.53	57.17	61.24	63.74	56.19	65.28	63.93	61.41	60.12	61.44	61.33	57.64	54.1	53.78	54.08	58.48	58.17	57.12	51.13	47.46	46.25	45.28	45.2	47.79	48.87	42.26	42.54	55.97	48.98	47.56	51.08	51.93	51.55	50.74	50.14	54.38	45.89	42.45	45.78	46.27	44.2	43.08	46.96	44.53	44.18	57.31	52.89	48.67	50.24	44.87	49.89	50.35	49.64	51.11	53.47	51.06	51.52	50.17	50.03	50.5	49.26	46.94	46.18	44.97	45.21	51.18	48.58	46.46
zone4_00039	4	2026/04/28 18:46	5	0.1	45.19	45.01	44.83	44.26	53.51	50.88	46.68	51.15	50.76	49.75	47.49	45.67	55.32	47.69	45.2	45.37	44.79	44.79	45.07	47.21	49.37	49.71	59.64	57.1	55.7	50.53	47.9	47.9	45.8	51.08	50.18	56.82	45.48	56.13	58.54	58.51	55.07	55.07	53.92	48.14	47.89	45.73	52.68	50.3	46.76	52.15	47.99	45.74	58.92	56.08	48.38	48.03	44.25	46.47	52.09	52	49.02	50.28	52.15	52.42	50.67	55.18	55.84	47.53	41.18	44.48	43.44	47	45.21	47.39	47.74	49.33	58.19	53.92	51.93	51	46.69	46.69	51.12	51.1	52.01	53.5	55.6	56.03	54.61	49.9	52.14	55.69	52.34	48.56	47.58	47.49	54.47	52.26	51.78	51.34	50.12	46.67	56.07	54.76	53.96	60.49	53.56	53.21	58.83	54.21	61.83	58.66	55.15	60.05	57.48	61.17	61.03	53.57	55.62	55.66	55.89	55.06	53.62	58.03	57	59.57	63.88	63.89	64.51	59.8	54.27	61.53	57.17	61.24	63.74	56.19	65.28	63.93	61.41	60.12	61.44	61.33	57.64	54.1	53.78	54.08	58.48	58.17	57.12	56.25	54.82	54.97	60.34	58.14	47.79	48.87	42.26	42.54	55.97	48.98	47.56	51.08	51.93	51.55	50.74	50.14	54.38	45.89	42.45	45.78	46.27	44.2	43.08	46.96	44.53	44.18	57.31	52.89	48.67	50.24	44.87	49.89	50.35	49.64	51.11	53.47	51.06	51.52	50.17	50.03	50.5	49.26	46.94	46.18	44.97	45.21	51.18	48.58	46.46	49.26	45.34	45.4	50.48	49.05
zone4_00040	4	2026/04/28 18:46	5	0.1	50.88	46.68	51.15	50.76	49.75	47.49	45.67	55.32	47.69	45.2	45.37	44.79	44.79	45.07	47.21	49.37	49.71	59.64	57.1	55.7	50.53	47.9	47.9	45.8	51.08	50.18	56.82	45.48	56.13	58.54	58.51	55.07	55.07	53.92	48.14	47.89	45.73	52.68	50.3	46.76	52.15	47.99	45.74	58.92	56.08	54.55	54.77	45.6	55.38	54.89	52	49.02	50.28	52.15	52.42	50.67	55.18	55.84	47.53	41.18	44.48	43.44	47	45.21	47.39	47.74	49.33	58.19	53.92	51.93	51	46.69	46.69	51.12	51.1	52.01	53.5	55.6	56.03	54.61	49.9	52.14	55.69	52.34	48.56	47.58	47.49	54.47	52.26	51.78	51.34	50.12	46.67	56.07	54.76	56.86	55.03	45.32	57.2	57.05	54.21	61.83	58.66	55.15	60.05	57.48	61.17	61.03	53.57	55.62	55.66	55.89	55.06	53.62	58.03	57	59.57	63.88	63.89	64.51	59.8	54.27	61.53	57.17	61.24	63.74	56.19	65.28	63.93	61.41	60.12	61.44	61.33	57.64	54.1	53.78	54.08	58.48	58.17	57.12	56.25	54.82	54.97	60.34	58.14	58.97	59.9	54.63	62.49	60.85	48.98	47.56	51.08	51.93	51.55	50.74	50.14	54.38	45.89	42.45	45.78	46.27	44.2	43.08	46.96	44.53	44.18	57.31	52.89	48.67	50.24	44.87	49.89	50.35	49.64	51.11	53.47	51.06	51.52	50.17	50.03	50.5	49.26	46.94	46.18	44.97	45.21	51.18	48.58	46.46	49.26	45.34	45.4	50.48	49.05	49.98	48.99	43.15	51.09	49.39
zone4_00041	4	2026/04/28 18:46	5	0.1	47.49	45.67	55.32	47.69	45.2	45.37	44.79	44.79	45.07	47.21	49.37	49.71	59.64	57.1	55.7	50.53	47.9	47.9	45.8	51.08	50.18	56.82	45.48	56.13	58.54	58.51	55.07	55.07	53.92	48.14	47.89	45.73	52.68	50.3	46.76	52.15	47.99	45.74	58.92	56.08	54.55	54.77	45.6	55.38	54.89	46.91	49.02	46.8	55.18	53.13	50.67	55.18	55.84	47.53	41.18	44.48	43.44	47	45.21	47.39	47.74	49.33	58.19	53.92	51.93	51	46.69	46.69	51.12	51.1	52.01	53.5	55.6	56.03	54.61	49.9	52.14	55.69	52.34	48.56	47.58	47.49	54.47	52.26	51.78	51.34	50.12	46.67	56.07	54.76	56.86	55.03	45.32	57.2	57.05	50.75	47.76	44.53	53.57	53.28	57.48	61.17	61.03	53.57	55.62	55.66	55.89	55.06	53.62	58.03	57	59.57	63.88	63.89	64.51	59.8	54.27	61.53	57.17	61.24	63.74	56.19	65.28	63.93	61.41	60.12	61.44	61.33	57.64	54.1	53.78	54.08	58.48	58.17	57.12	56.25	54.82	54.97	60.34	58.14	58.97	59.9	54.63	62.49	60.85	55.19	55.83	53.03	63.7	59.23	50.74	50.14	54.38	45.89	42.45	45.78	46.27	44.2	43.08	46.96	44.53	44.18	57.31	52.89	48.67	50.24	44.87	49.89	50.35	49.64	51.11	53.47	51.06	51.52	50.17	50.03	50.5	49.26	46.94	46.18	44.97	45.21	51.18	48.58	46.46	49.26	45.34	45.4	50.48	49.05	49.98	48.99	43.15	51.09	49.39	45.8	46.56	43.45	49.93	48.6
zone4_00042	4	2026/04/28 18:46	5	0.1	45.37	44.79	44.79	45.07	47.21	49.37	49.71	59.64	57.1	55.7	50.53	47.9	47.9	45.8	51.08	50.18	56.82	45.48	56.13	58.54	58.51	55.07	55.07	53.92	48.14	47.89	45.73	52.68	50.3	46.76	52.15	47.99	45.74	58.92	56.08	54.55	54.77	45.6	55.38	54.89	46.91	49.02	46.8	55.18	53.13	46.39	49.12	49.65	55.16	49.97	44.48	43.44	47	45.21	47.39	47.74	49.33	58.19	53.92	51.93	51	46.69	46.69	51.12	51.1	52.01	53.5	55.6	56.03	54.61	49.9	52.14	55.69	52.34	48.56	47.58	47.49	54.47	52.26	51.78	51.34	50.12	46.67	56.07	54.76	56.86	55.03	45.32	57.2	57.05	50.75	47.76	44.53	53.57	53.28	46.34	49.83	50.41	53.51	48.44	55.66	55.89	55.06	53.62	58.03	57	59.57	63.88	63.89	64.51	59.8	54.27	61.53	57.17	61.24	63.74	56.19	65.28	63.93	61.41	60.12	61.44	61.33	57.64	54.1	53.78	54.08	58.48	58.17	57.12	56.25	54.82	54.97	60.34	58.14	58.97	59.9	54.63	62.49	60.85	55.19	55.83	53.03	63.7	59.23	55.24	59.07	58.78	62.23	57.33	45.78	46.27	44.2	43.08	46.96	44.53	44.18	57.31	52.89	48.67	50.24	44.87	49.89	50.35	49.64	51.11	53.47	51.06	51.52	50.17	50.03	50.5	49.26	46.94	46.18	44.97	45.21	51.18	48.58	46.46	49.26	45.34	45.4	50.48	49.05	49.98	48.99	43.15	51.09	49.39	45.8	46.56	43.45	49.93	48.6	44.46	47.94	48.21	50.45	49.17
zone4_00043	4	2026/04/28 18:46	5	0.1	49.37	49.71	59.64	57.1	55.7	50.53	47.9	47.9	45.8	51.08	50.18	56.82	45.48	56.13	58.54	58.51	55.07	55.07	53.92	48.14	47.89	45.73	52.68	50.3	46.76	52.15	47.99	45.74	58.92	56.08	54.55	54.77	45.6	55.38	54.89	46.91	49.02	46.8	55.18	53.13	46.39	49.12	49.65	55.16	49.97	46.14	49.07	50.89	52.95	55.04	47.74	49.33	58.19	53.92	51.93	51	46.69	46.69	51.12	51.1	52.01	53.5	55.6	56.03	54.61	49.9	52.14	55.69	52.34	48.56	47.58	47.49	54.47	52.26	51.78	51.34	50.12	46.67	56.07	54.76	56.86	55.03	45.32	57.2	57.05	50.75	47.76	44.53	53.57	53.28	46.34	49.83	50.41	53.51	48.44	44.52	47.52	52.3	53.08	54.1	57	59.57	63.88	63.89	64.51	59.8	54.27	61.53	57.17	61.24	63.74	56.19	65.28	63.93	61.41	60.12	61.44	61.33	57.64	54.1	53.78	54.08	58.48	58.17	57.12	56.25	54.82	54.97	60.34	58.14	58.97	59.9	54.63	62.49	60.85	55.19	55.83	53.03	63.7	59.23	55.24	59.07	58.78	62.23	57.33	54.09	58.87	61.73	63.12	60.89	44.53	44.18	57.31	52.89	48.67	50.24	44.87	49.89	50.35	49.64	51.11	53.47	51.06	51.52	50.17	50.03	50.5	49.26	46.94	46.18	44.97	45.21	51.18	48.58	46.46	49.26	45.34	45.4	50.48	49.05	49.98	48.99	43.15	51.09	49.39	45.8	46.56	43.45	49.93	48.6	44.46	47.94	48.21	50.45	49.17	41.93	48.01	47.38	50.7	51.08
zone4_00044	4	2026/04/28 18:46	5	0.1	50.53	47.9	47.9	45.8	51.08	50.18	56.82	45.48	56.13	58.54	58.51	55.07	55.07	53.92	48.14	47.89	45.73	52.68	50.3	46.76	52.15	47.99	45.74	58.92	56.08	54.55	54.77	45.6	55.38	54.89	46.91	49.02	46.8	55.18	53.13	46.39	49.12	49.65	55.16	49.97	46.14	49.07	50.89	52.95	55.04	51.57	51.04	49.25	52.24	55.42	51	46.69	46.69	51.12	51.1	52.01	53.5	55.6	56.03	54.61	49.9	52.14	55.69	52.34	48.56	47.58	47.49	54.47	52.26	51.78	51.34	50.12	46.67	56.07	54.76	56.86	55.03	45.32	57.2	57.05	50.75	47.76	44.53	53.57	53.28	46.34	49.83	50.41	53.51	48.44	44.52	47.52	52.3	53.08	54.1	51.04	51.24	46.29	53	55.5	59.8	54.27	61.53	57.17	61.24	63.74	56.19	65.28	63.93	61.41	60.12	61.44	61.33	57.64	54.1	53.78	54.08	58.48	58.17	57.12	56.25	54.82	54.97	60.34	58.14	58.97	59.9	54.63	62.49	60.85	55.19	55.83	53.03	63.7	59.23	55.24	59.07	58.78	62.23	57.33	54.09	58.87	61.73	63.12	60.89	58.4	58.9	55.2	58.03	61.84	50.24	44.87	49.89	50.35	49.64	51.11	53.47	51.06	51.52	50.17	50.03	50.5	49.26	46.94	46.18	44.97	45.21	51.18	48.58	46.46	49.26	45.34	45.4	50.48	49.05	49.98	48.99	43.15	51.09	49.39	45.8	46.56	43.45	49.93	48.6	44.46	47.94	48.21	50.45	49.17	41.93	48.01	47.38	50.7	51.08	48.98	47.3	45.39	47.78	50.77
zone4_00045	4	2026/04/28 18:46	5	0.1	50.18	56.82	45.48	56.13	58.54	58.51	55.07	55.07	53.92	48.14	47.89	45.73	52.68	50.3	46.76	52.15	47.99	45.74	58.92	56.08	54.55	54.77	45.6	55.38	54.89	46.91	49.02	46.8	55.18	53.13	46.39	49.12	49.65	55.16	49.97	46.14	49.07	50.89	52.95	55.04	51.57	51.04	49.25	52.24	55.42	51.37	47.98	55.46	57.19	55.26	52.01	53.5	55.6	56.03	54.61	49.9	52.14	55.69	52.34	48.56	47.58	47.49	54.47	52.26	51.78	51.34	50.12	46.67	56.07	54.76	56.86	55.03	45.32	57.2	57.05	50.75	47.76	44.53	53.57	53.28	46.34	49.83	50.41	53.51	48.44	44.52	47.52	52.3	53.08	54.1	51.04	51.24	46.29	53	55.5	50.3	48.23	58.55	54.74	52.74	63.74	56.19	65.28	63.93	61.41	60.12	61.44	61.33	57.64	54.1	53.78	54.08	58.48	58.17	57.12	56.25	54.82	54.97	60.34	58.14	58.97	59.9	54.63	62.49	60.85	55.19	55.83	53.03	63.7	59.23	55.24	59.07	58.78	62.23	57.33	54.09	58.87	61.73	63.12	60.89	58.4	58.9	55.2	58.03	61.84	60.1	63.5	64.97	65.3	63.93	51.11	53.47	51.06	51.52	50.17	50.03	50.5	49.26	46.94	46.18	44.97	45.21	51.18	48.58	46.46	49.26	45.34	45.4	50.48	49.05	49.98	48.99	43.15	51.09	49.39	45.8	46.56	43.45	49.93	48.6	44.46	47.94	48.21	50.45	49.17	41.93	48.01	47.38	50.7	51.08	48.98	47.3	45.39	47.78	50.77	48.54	45.11	51.93	49.22	48.86
zone4_00046	4	2026/04/28 18:46	5	0.1	58.51	55.07	55.07	53.92	48.14	47.89	45.73	52.68	50.3	46.76	52.15	47.99	45.74	58.92	56.08	54.55	54.77	45.6	55.38	54.89	46.91	49.02	46.8	55.18	53.13	46.39	49.12	49.65	55.16	49.97	46.14	49.07	50.89	52.95	55.04	51.57	51.04	49.25	52.24	55.42	51.37	47.98	55.46	57.19	55.26	52.14	49.26	45.54	46.19	53.73	49.9	52.14	55.69	52.34	48.56	47.58	47.49	54.47	52.26	51.78	51.34	50.12	46.67	56.07	54.76	56.86	55.03	45.32	57.2	57.05	50.75	47.76	44.53	53.57	53.28	46.34	49.83	50.41	53.51	48.44	44.52	47.52	52.3	53.08	54.1	51.04	51.24	46.29	53	55.5	50.3	48.23	58.55	54.74	52.74	51.74	48.75	47.48	48.35	51.72	60.12	61.44	61.33	57.64	54.1	53.78	54.08	58.48	58.17	57.12	56.25	54.82	54.97	60.34	58.14	58.97	59.9	54.63	62.49	60.85	55.19	55.83	53.03	63.7	59.23	55.24	59.07	58.78	62.23	57.33	54.09	58.87	61.73	63.12	60.89	58.4	58.9	55.2	58.03	61.84	60.1	63.5	64.97	65.3	63.93	60.42	57.99	55.47	56.63	60.33	50.03	50.5	49.26	46.94	46.18	44.97	45.21	51.18	48.58	46.46	49.26	45.34	45.4	50.48	49.05	49.98	48.99	43.15	51.09	49.39	45.8	46.56	43.45	49.93	48.6	44.46	47.94	48.21	50.45	49.17	41.93	48.01	47.38	50.7	51.08	48.98	47.3	45.39	47.78	50.77	48.54	45.11	51.93	49.22	48.86	46.49	45.87	43.96	46.44	50.42
zone4_00047	4	2026/04/28 18:46	5	0.1	47.89	45.73	52.68	50.3	46.76	52.15	47.99	45.74	58.92	56.08	54.55	54.77	45.6	55.38	54.89	46.91	49.02	46.8	55.18	53.13	46.39	49.12	49.65	55.16	49.97	46.14	49.07	50.89	52.95	55.04	51.57	51.04	49.25	52.24	55.42	51.37	47.98	55.46	57.19	55.26	52.14	49.26	45.54	46.19	53.73	50.87	47.27	53.9	54.97	56.66	47.58	47.49	54.47	52.26	51.78	51.34	50.12	46.67	56.07	54.76	56.86	55.03	45.32	57.2	57.05	50.75	47.76	44.53	53.57	53.28	46.34	49.83	50.41	53.51	48.44	44.52	47.52	52.3	53.08	54.1	51.04	51.24	46.29	53	55.5	50.3	48.23	58.55	54.74	52.74	51.74	48.75	47.48	48.35	51.72	47.53	45.47	54.91	51.8	52.08	53.78	54.08	58.48	58.17	57.12	56.25	54.82	54.97	60.34	58.14	58.97	59.9	54.63	62.49	60.85	55.19	55.83	53.03	63.7	59.23	55.24	59.07	58.78	62.23	57.33	54.09	58.87	61.73	63.12	60.89	58.4	58.9	55.2	58.03	61.84	60.1	63.5	64.97	65.3	63.93	60.42	57.99	55.47	56.63	60.33	57.5	56.79	59.36	63.34	59.75	44.97	45.21	51.18	48.58	46.46	49.26	45.34	45.4	50.48	49.05	49.98	48.99	43.15	51.09	49.39	45.8	46.56	43.45	49.93	48.6	44.46	47.94	48.21	50.45	49.17	41.93	48.01	47.38	50.7	51.08	48.98	47.3	45.39	47.78	50.77	48.54	45.11	51.93	49.22	48.86	46.49	45.87	43.96	46.44	50.42	48.98	46.24	54.57	52.99	51.87
zone4_00048	4	2026/04/28 18:46	5	0.1	52.15	47.99	45.74	58.92	56.08	54.55	54.77	45.6	55.38	54.89	46.91	49.02	46.8	55.18	53.13	46.39	49.12	49.65	55.16	49.97	46.14	49.07	50.89	52.95	55.04	51.57	51.04	49.25	52.24	55.42	51.37	47.98	55.46	57.19	55.26	52.14	49.26	45.54	46.19	53.73	50.87	47.27	53.9	54.97	56.66	48.36	44.09	54.98	54.14	56.82	51.34	50.12	46.67	56.07	54.76	56.86	55.03	45.32	57.2	57.05	50.75	47.76	44.53	53.57	53.28	46.34	49.83	50.41	53.51	48.44	44.52	47.52	52.3	53.08	54.1	51.04	51.24	46.29	53	55.5	50.3	48.23	58.55	54.74	52.74	51.74	48.75	47.48	48.35	51.72	47.53	45.47	54.91	51.8	52.08	45.97	47.05	53.92	53.13	55.21	56.25	54.82	54.97	60.34	58.14	58.97	59.9	54.63	62.49	60.85	55.19	55.83	53.03	63.7	59.23	55.24	59.07	58.78	62.23	57.33	54.09	58.87	61.73	63.12	60.89	58.4	58.9	55.2	58.03	61.84	60.1	63.5	64.97	65.3	63.93	60.42	57.99	55.47	56.63	60.33	57.5	56.79	59.36	63.34	59.75	55.59	52.57	63.57	58.32	64.65	49.26	45.34	45.4	50.48	49.05	49.98	48.99	43.15	51.09	49.39	45.8	46.56	43.45	49.93	48.6	44.46	47.94	48.21	50.45	49.17	41.93	48.01	47.38	50.7	51.08	48.98	47.3	45.39	47.78	50.77	48.54	45.11	51.93	49.22	48.86	46.49	45.87	43.96	46.44	50.42	48.98	46.24	54.57	52.99	51.87	47.13	41.51	47.08	45.87	51.85
zone4_00049	4	2026/04/28 18:46	5	0.1	54.55	54.77	45.6	55.38	54.89	46.91	49.02	46.8	55.18	53.13	46.39	49.12	49.65	55.16	49.97	46.14	49.07	50.89	52.95	55.04	51.57	51.04	49.25	52.24	55.42	51.37	47.98	55.46	57.19	55.26	52.14	49.26	45.54	46.19	53.73	50.87	47.27	53.9	54.97	56.66	48.36	44.09	54.98	54.14	56.82	52.91	50.52	44.75	56.08	58.37	56.86	55.03	45.32	57.2	57.05	50.75	47.76	44.53	53.57	53.28	46.34	49.83	50.41	53.51	48.44	44.52	47.52	52.3	53.08	54.1	51.04	51.24	46.29	53	55.5	50.3	48.23	58.55	54.74	52.74	51.74	48.75	47.48	48.35	51.72	47.53	45.47	54.91	51.8	52.08	45.97	47.05	53.92	53.13	55.21	51.64	51.64	52.74	56.83	55.9	58.97	59.9	54.63	62.49	60.85	55.19	55.83	53.03	63.7	59.23	55.24	59.07	58.78	62.23	57.33	54.09	58.87	61.73	63.12	60.89	58.4	58.9	55.2	58.03	61.84	60.1	63.5	64.97	65.3	63.93	60.42	57.99	55.47	56.63	60.33	57.5	56.79	59.36	63.34	59.75	55.59	52.57	63.57	58.32	64.65	60.64	54.37	66.67	65.62	65	49.98	48.99	43.15	51.09	49.39	45.8	46.56	43.45	49.93	48.6	44.46	47.94	48.21	50.45	49.17	41.93	48.01	47.38	50.7	51.08	48.98	47.3	45.39	47.78	50.77	48.54	45.11	51.93	49.22	48.86	46.49	45.87	43.96	46.44	50.42	48.98	46.24	54.57	52.99	51.87	47.13	41.51	47.08	45.87	51.85	50	44.51	51.57	50.7	50.85
zone4_00050	4	2026/04/28 18:46	5	0.1	46.91	49.02	46.8	55.18	53.13	46.39	49.12	49.65	55.16	49.97	46.14	49.07	50.89	52.95	55.04	51.57	51.04	49.25	52.24	55.42	51.37	47.98	55.46	57.19	55.26	52.14	49.26	45.54	46.19	53.73	50.87	47.27	53.9	54.97	56.66	48.36	44.09	54.98	54.14	56.82	52.91	50.52	44.75	56.08	58.37	58.61	57.4	55.84	52.15	52.44	50.75	47.76	44.53	53.57	53.28	46.34	49.83	50.41	53.51	48.44	44.52	47.52	52.3	53.08	54.1	51.04	51.24	46.29	53	55.5	50.3	48.23	58.55	54.74	52.74	51.74	48.75	47.48	48.35	51.72	47.53	45.47	54.91	51.8	52.08	45.97	47.05	53.92	53.13	55.21	51.64	51.64	52.74	56.83	55.9	59.59	53.44	53.16	51.61	46.71	55.19	55.83	53.03	63.7	59.23	55.24	59.07	58.78	62.23	57.33	54.09	58.87	61.73	63.12	60.89	58.4	58.9	55.2	58.03	61.84	60.1	63.5	64.97	65.3	63.93	60.42	57.99	55.47	56.63	60.33	57.5	56.79	59.36	63.34	59.75	55.59	52.57	63.57	58.32	64.65	60.64	54.37	66.67	65.62	65	65.05	64.75	62.88	58.63	58.6	45.8	46.56	43.45	49.93	48.6	44.46	47.94	48.21	50.45	49.17	41.93	48.01	47.38	50.7	51.08	48.98	47.3	45.39	47.78	50.77	48.54	45.11	51.93	49.22	48.86	46.49	45.87	43.96	46.44	50.42	48.98	46.24	54.57	52.99	51.87	47.13	41.51	47.08	45.87	51.85	50	44.51	51.57	50.7	50.85	51.46	47.49	46.5	49.73	48.28
zone4_00051	4	2026/04/28 18:46	5	0.1	46.39	49.12	49.65	55.16	49.97	46.14	49.07	50.89	52.95	55.04	51.57	51.04	49.25	52.24	55.42	51.37	47.98	55.46	57.19	55.26	52.14	49.26	45.54	46.19	53.73	50.87	47.27	53.9	54.97	56.66	48.36	44.09	54.98	54.14	56.82	52.91	50.52	44.75	56.08	58.37	58.61	57.4	55.84	52.15	52.44	52.64	48.33	47	50.62	47.32	46.34	49.83	50.41	53.51	48.44	44.52	47.52	52.3	53.08	54.1	51.04	51.24	46.29	53	55.5	50.3	48.23	58.55	54.74	52.74	51.74	48.75	47.48	48.35	51.72	47.53	45.47	54.91	51.8	52.08	45.97	47.05	53.92	53.13	55.21	51.64	51.64	52.74	56.83	55.9	59.59	53.44	53.16	51.61	46.71	50.47	46.35	54.96	53.75	52.94	55.24	59.07	58.78	62.23	57.33	54.09	58.87	61.73	63.12	60.89	58.4	58.9	55.2	58.03	61.84	60.1	63.5	64.97	65.3	63.93	60.42	57.99	55.47	56.63	60.33	57.5	56.79	59.36	63.34	59.75	55.59	52.57	63.57	58.32	64.65	60.64	54.37	66.67	65.62	65	65.05	64.75	62.88	58.63	58.6	58.03	56.56	65.32	64.29	55.57	44.46	47.94	48.21	50.45	49.17	41.93	48.01	47.38	50.7	51.08	48.98	47.3	45.39	47.78	50.77	48.54	45.11	51.93	49.22	48.86	46.49	45.87	43.96	46.44	50.42	48.98	46.24	54.57	52.99	51.87	47.13	41.51	47.08	45.87	51.85	50	44.51	51.57	50.7	50.85	51.46	47.49	46.5	49.73	48.28	47.31	44.22	51.46	52.11	50.85
zone4_00052	4	2026/04/28 18:46	5	0.1	46.14	49.07	50.89	52.95	55.04	51.57	51.04	49.25	52.24	55.42	51.37	47.98	55.46	57.19	55.26	52.14	49.26	45.54	46.19	53.73	50.87	47.27	53.9	54.97	56.66	48.36	44.09	54.98	54.14	56.82	52.91	50.52	44.75	56.08	58.37	58.61	57.4	55.84	52.15	52.44	52.64	48.33	47	50.62	47.32	54.32	55.74	56.17	52.12	52.46	44.52	47.52	52.3	53.08	54.1	51.04	51.24	46.29	53	55.5	50.3	48.23	58.55	54.74	52.74	51.74	48.75	47.48	48.35	51.72	47.53	45.47	54.91	51.8	52.08	45.97	47.05	53.92	53.13	55.21	51.64	51.64	52.74	56.83	55.9	59.59	53.44	53.16	51.61	46.71	50.47	46.35	54.96	53.75	52.94	53.07	52.59	52.76	50.48	49.92	54.09	58.87	61.73	63.12	60.89	58.4	58.9	55.2	58.03	61.84	60.1	63.5	64.97	65.3	63.93	60.42	57.99	55.47	56.63	60.33	57.5	56.79	59.36	63.34	59.75	55.59	52.57	63.57	58.32	64.65	60.64	54.37	66.67	65.62	65	65.05	64.75	62.88	58.63	58.6	58.03	56.56	65.32	64.29	55.57	64.18	61.54	60.76	59.55	60.73	41.93	48.01	47.38	50.7	51.08	48.98	47.3	45.39	47.78	50.77	48.54	45.11	51.93	49.22	48.86	46.49	45.87	43.96	46.44	50.42	48.98	46.24	54.57	52.99	51.87	47.13	41.51	47.08	45.87	51.85	50	44.51	51.57	50.7	50.85	51.46	47.49	46.5	49.73	48.28	47.31	44.22	51.46	52.11	50.85	50.3	50.04	46.78	45.24	47.42
zone4_00053	4	2026/04/28 18:46	5	0.1	51.57	51.04	49.25	52.24	55.42	51.37	47.98	55.46	57.19	55.26	52.14	49.26	45.54	46.19	53.73	50.87	47.27	53.9	54.97	56.66	48.36	44.09	54.98	54.14	56.82	52.91	50.52	44.75	56.08	58.37	58.61	57.4	55.84	52.15	52.44	52.64	48.33	47	50.62	47.32	54.32	55.74	56.17	52.12	52.46	57.65	54.66	53.99	49.97	53.31	51.04	51.24	46.29	53	55.5	50.3	48.23	58.55	54.74	52.74	51.74	48.75	47.48	48.35	51.72	47.53	45.47	54.91	51.8	52.08	45.97	47.05	53.92	53.13	55.21	51.64	51.64	52.74	56.83	55.9	59.59	53.44	53.16	51.61	46.71	50.47	46.35	54.96	53.75	52.94	53.07	52.59	52.76	50.48	49.92	55.45	54.3	52.93	47.8	53.91	58.4	58.9	55.2	58.03	61.84	60.1	63.5	64.97	65.3	63.93	60.42	57.99	55.47	56.63	60.33	57.5	56.79	59.36	63.34	59.75	55.59	52.57	63.57	58.32	64.65	60.64	54.37	66.67	65.62	65	65.05	64.75	62.88	58.63	58.6	58.03	56.56	65.32	64.29	55.57	64.18	61.54	60.76	59.55	60.73	65.34	61.41	56.87	58	62.31	48.98	47.3	45.39	47.78	50.77	48.54	45.11	51.93	49.22	48.86	46.49	45.87	43.96	46.44	50.42	48.98	46.24	54.57	52.99	51.87	47.13	41.51	47.08	45.87	51.85	50	44.51	51.57	50.7	50.85	51.46	47.49	46.5	49.73	48.28	47.31	44.22	51.46	52.11	50.85	50.3	50.04	46.78	45.24	47.42	53.18	49.64	51.2	44.38	52.96
zone4_00054	4	2026/04/28 18:46	5	0.1	51.37	47.98	55.46	57.19	55.26	52.14	49.26	45.54	46.19	53.73	50.87	47.27	53.9	54.97	56.66	48.36	44.09	54.98	54.14	56.82	52.91	50.52	44.75	56.08	58.37	58.61	57.4	55.84	52.15	52.44	52.64	48.33	47	50.62	47.32	54.32	55.74	56.17	52.12	52.46	57.65	54.66	53.99	49.97	53.31	48.23	47.55	48.15	50.7	53.13	50.3	48.23	58.55	54.74	52.74	51.74	48.75	47.48	48.35	51.72	47.53	45.47	54.91	51.8	52.08	45.97	47.05	53.92	53.13	55.21	51.64	51.64	52.74	56.83	55.9	59.59	53.44	53.16	51.61	46.71	50.47	46.35	54.96	53.75	52.94	53.07	52.59	52.76	50.48	49.92	55.45	54.3	52.93	47.8	53.91	49.32	46.76	51.29	48.73	48.55	60.1	63.5	64.97	65.3	63.93	60.42	57.99	55.47	56.63	60.33	57.5	56.79	59.36	63.34	59.75	55.59	52.57	63.57	58.32	64.65	60.64	54.37	66.67	65.62	65	65.05	64.75	62.88	58.63	58.6	58.03	56.56	65.32	64.29	55.57	64.18	61.54	60.76	59.55	60.73	65.34	61.41	56.87	58	62.31	58.29	58.04	58.64	62.01	59.32	48.54	45.11	51.93	49.22	48.86	46.49	45.87	43.96	46.44	50.42	48.98	46.24	54.57	52.99	51.87	47.13	41.51	47.08	45.87	51.85	50	44.51	51.57	50.7	50.85	51.46	47.49	46.5	49.73	48.28	47.31	44.22	51.46	52.11	50.85	50.3	50.04	46.78	45.24	47.42	53.18	49.64	51.2	44.38	52.96	46.67	46.47	47.69	50.31	50.03
zone4_00055	4	2026/04/28 18:46	5	0.1	52.14	49.26	45.54	46.19	53.73	50.87	47.27	53.9	54.97	56.66	48.36	44.09	54.98	54.14	56.82	52.91	50.52	44.75	56.08	58.37	58.61	57.4	55.84	52.15	52.44	52.64	48.33	47	50.62	47.32	54.32	55.74	56.17	52.12	52.46	57.65	54.66	53.99	49.97	53.31	48.23	47.55	48.15	50.7	53.13	54.43	52.69	50.33	50.61	47.32	51.74	48.75	47.48	48.35	51.72	47.53	45.47	54.91	51.8	52.08	45.97	47.05	53.92	53.13	55.21	51.64	51.64	52.74	56.83	55.9	59.59	53.44	53.16	51.61	46.71	50.47	46.35	54.96	53.75	52.94	53.07	52.59	52.76	50.48	49.92	55.45	54.3	52.93	47.8	53.91	49.32	46.76	51.29	48.73	48.55	53.8	48.21	44.76	47.74	47.59	60.42	57.99	55.47	56.63	60.33	57.5	56.79	59.36	63.34	59.75	55.59	52.57	63.57	58.32	64.65	60.64	54.37	66.67	65.62	65	65.05	64.75	62.88	58.63	58.6	58.03	56.56	65.32	64.29	55.57	64.18	61.54	60.76	59.55	60.73	65.34	61.41	56.87	58	62.31	58.29	58.04	58.64	62.01	59.32	62.16	60.39	54.96	59.76	55.08	46.49	45.87	43.96	46.44	50.42	48.98	46.24	54.57	52.99	51.87	47.13	41.51	47.08	45.87	51.85	50	44.51	51.57	50.7	50.85	51.46	47.49	46.5	49.73	48.28	47.31	44.22	51.46	52.11	50.85	50.3	50.04	46.78	45.24	47.42	53.18	49.64	51.2	44.38	52.96	46.67	46.47	47.69	50.31	50.03	50.52	47.36	43.01	48.66	46.29
zone4_00056	4	2026/04/28 18:46	5	0.1	50.87	47.27	53.9	54.97	56.66	48.36	44.09	54.98	54.14	56.82	52.91	50.52	44.75	56.08	58.37	58.61	57.4	55.84	52.15	52.44	52.64	48.33	47	50.62	47.32	54.32	55.74	56.17	52.12	52.46	57.65	54.66	53.99	49.97	53.31	48.23	47.55	48.15	50.7	53.13	54.43	52.69	50.33	50.61	47.32	49.66	51.76	56.93	49.11	53.11	47.53	45.47	54.91	51.8	52.08	45.97	47.05	53.92	53.13	55.21	51.64	51.64	52.74	56.83	55.9	59.59	53.44	53.16	51.61	46.71	50.47	46.35	54.96	53.75	52.94	53.07	52.59	52.76	50.48	49.92	55.45	54.3	52.93	47.8	53.91	49.32	46.76	51.29	48.73	48.55	53.8	48.21	44.76	47.74	47.59	49.85	52.23	50.23	51.09	49.17	57.5	56.79	59.36	63.34	59.75	55.59	52.57	63.57	58.32	64.65	60.64	54.37	66.67	65.62	65	65.05	64.75	62.88	58.63	58.6	58.03	56.56	65.32	64.29	55.57	64.18	61.54	60.76	59.55	60.73	65.34	61.41	56.87	58	62.31	58.29	58.04	58.64	62.01	59.32	62.16	60.39	54.96	59.76	55.08	57.75	62.28	64.16	57.48	61.39	48.98	46.24	54.57	52.99	51.87	47.13	41.51	47.08	45.87	51.85	50	44.51	51.57	50.7	50.85	51.46	47.49	46.5	49.73	48.28	47.31	44.22	51.46	52.11	50.85	50.3	50.04	46.78	45.24	47.42	53.18	49.64	51.2	44.38	52.96	46.67	46.47	47.69	50.31	50.03	50.52	47.36	43.01	48.66	46.29	46.6	50	52.41	46.18	46.28
zone4_00057	4	2026/04/28 18:46	5	0.1	48.36	44.09	54.98	54.14	56.82	52.91	50.52	44.75	56.08	58.37	58.61	57.4	55.84	52.15	52.44	52.64	48.33	47	50.62	47.32	54.32	55.74	56.17	52.12	52.46	57.65	54.66	53.99	49.97	53.31	48.23	47.55	48.15	50.7	53.13	54.43	52.69	50.33	50.61	47.32	49.66	51.76	56.93	49.11	53.11	52.08	52.49	51.15	52.69	48.28	45.97	47.05	53.92	53.13	55.21	51.64	51.64	52.74	56.83	55.9	59.59	53.44	53.16	51.61	46.71	50.47	46.35	54.96	53.75	52.94	53.07	52.59	52.76	50.48	49.92	55.45	54.3	52.93	47.8	53.91	49.32	46.76	51.29	48.73	48.55	53.8	48.21	44.76	47.74	47.59	49.85	52.23	50.23	51.09	49.17	47	49.91	52	51.88	52	55.59	52.57	63.57	58.32	64.65	60.64	54.37	66.67	65.62	65	65.05	64.75	62.88	58.63	58.6	58.03	56.56	65.32	64.29	55.57	64.18	61.54	60.76	59.55	60.73	65.34	61.41	56.87	58	62.31	58.29	58.04	58.64	62.01	59.32	62.16	60.39	54.96	59.76	55.08	57.75	62.28	64.16	57.48	61.39	60.35	59.04	65.83	59.49	64	47.13	41.51	47.08	45.87	51.85	50	44.51	51.57	50.7	50.85	51.46	47.49	46.5	49.73	48.28	47.31	44.22	51.46	52.11	50.85	50.3	50.04	46.78	45.24	47.42	53.18	49.64	51.2	44.38	52.96	46.67	46.47	47.69	50.31	50.03	50.52	47.36	43.01	48.66	46.29	46.6	50	52.41	46.18	46.28	47.5	48.67	49.39	53.48	51.27
zone4_00058	4	2026/04/28 18:46	5	0.1	52.91	50.52	44.75	56.08	58.37	58.61	57.4	55.84	52.15	52.44	52.64	48.33	47	50.62	47.32	54.32	55.74	56.17	52.12	52.46	57.65	54.66	53.99	49.97	53.31	48.23	47.55	48.15	50.7	53.13	54.43	52.69	50.33	50.61	47.32	49.66	51.76	56.93	49.11	53.11	52.08	52.49	51.15	52.69	48.28	51.63	50.01	50.84	48.62	48.85	51.64	51.64	52.74	56.83	55.9	59.59	53.44	53.16	51.61	46.71	50.47	46.35	54.96	53.75	52.94	53.07	52.59	52.76	50.48	49.92	55.45	54.3	52.93	47.8	53.91	49.32	46.76	51.29	48.73	48.55	53.8	48.21	44.76	47.74	47.59	49.85	52.23	50.23	51.09	49.17	47	49.91	52	51.88	52	51.91	47.78	49.33	46.89	48.06	60.64	54.37	66.67	65.62	65	65.05	64.75	62.88	58.63	58.6	58.03	56.56	65.32	64.29	55.57	64.18	61.54	60.76	59.55	60.73	65.34	61.41	56.87	58	62.31	58.29	58.04	58.64	62.01	59.32	62.16	60.39	54.96	59.76	55.08	57.75	62.28	64.16	57.48	61.39	60.35	59.04	65.83	59.49	64	62.13	58.42	61.68	57.9	57.26	50	44.51	51.57	50.7	50.85	51.46	47.49	46.5	49.73	48.28	47.31	44.22	51.46	52.11	50.85	50.3	50.04	46.78	45.24	47.42	53.18	49.64	51.2	44.38	52.96	46.67	46.47	47.69	50.31	50.03	50.52	47.36	43.01	48.66	46.29	46.6	50	52.41	46.18	46.28	47.5	48.67	49.39	53.48	51.27	48.56	47.93	49.95	47.41	46.6
zone4_00059	4	2026/04/28 18:46	5	0.1	58.61	57.4	55.84	52.15	52.44	52.64	48.33	47	50.62	47.32	54.32	55.74	56.17	52.12	52.46	57.65	54.66	53.99	49.97	53.31	48.23	47.55	48.15	50.7	53.13	54.43	52.69	50.33	50.61	47.32	49.66	51.76	56.93	49.11	53.11	52.08	52.49	51.15	52.69	48.28	51.63	50.01	50.84	48.62	48.85	46.76	56.7	48.94	46.32	57.35	59.59	53.44	53.16	51.61	46.71	50.47	46.35	54.96	53.75	52.94	53.07	52.59	52.76	50.48	49.92	55.45	54.3	52.93	47.8	53.91	49.32	46.76	51.29	48.73	48.55	53.8	48.21	44.76	47.74	47.59	49.85	52.23	50.23	51.09	49.17	47	49.91	52	51.88	52	51.91	47.78	49.33	46.89	48.06	44.51	53.37	46.45	43.12	54.27	65.05	64.75	62.88	58.63	58.6	58.03	56.56	65.32	64.29	55.57	64.18	61.54	60.76	59.55	60.73	65.34	61.41	56.87	58	62.31	58.29	58.04	58.64	62.01	59.32	62.16	60.39	54.96	59.76	55.08	57.75	62.28	64.16	57.48	61.39	60.35	59.04	65.83	59.49	64	62.13	58.42	61.68	57.9	57.26	56.51	62.41	56.47	55.14	69.2	51.46	47.49	46.5	49.73	48.28	47.31	44.22	51.46	52.11	50.85	50.3	50.04	46.78	45.24	47.42	53.18	49.64	51.2	44.38	52.96	46.67	46.47	47.69	50.31	50.03	50.52	47.36	43.01	48.66	46.29	46.6	50	52.41	46.18	46.28	47.5	48.67	49.39	53.48	51.27	48.56	47.93	49.95	47.41	46.6	42.55	50.73	44.73	45.49	51.38
zone4_00060	4	2026/04/28 18:46	5	0.1	52.64	48.33	47	50.62	47.32	54.32	55.74	56.17	52.12	52.46	57.65	54.66	53.99	49.97	53.31	48.23	47.55	48.15	50.7	53.13	54.43	52.69	50.33	50.61	47.32	49.66	51.76	56.93	49.11	53.11	52.08	52.49	51.15	52.69	48.28	51.63	50.01	50.84	48.62	48.85	46.76	56.7	48.94	46.32	57.35	53.61	55.43	51.81	47.2	44.87	50.47	46.35	54.96	53.75	52.94	53.07	52.59	52.76	50.48	49.92	55.45	54.3	52.93	47.8	53.91	49.32	46.76	51.29	48.73	48.55	53.8	48.21	44.76	47.74	47.59	49.85	52.23	50.23	51.09	49.17	47	49.91	52	51.88	52	51.91	47.78	49.33	46.89	48.06	44.51	53.37	46.45	43.12	54.27	51.1	53.28	51.35	49.26	44.74	58.03	56.56	65.32	64.29	55.57	64.18	61.54	60.76	59.55	60.73	65.34	61.41	56.87	58	62.31	58.29	58.04	58.64	62.01	59.32	62.16	60.39	54.96	59.76	55.08	57.75	62.28	64.16	57.48	61.39	60.35	59.04	65.83	59.49	64	62.13	58.42	61.68	57.9	57.26	56.51	62.41	56.47	55.14	69.2	63.88	65.93	61.63	55.51	56.67	47.31	44.22	51.46	52.11	50.85	50.3	50.04	46.78	45.24	47.42	53.18	49.64	51.2	44.38	52.96	46.67	46.47	47.69	50.31	50.03	50.52	47.36	43.01	48.66	46.29	46.6	50	52.41	46.18	46.28	47.5	48.67	49.39	53.48	51.27	48.56	47.93	49.95	47.41	46.6	42.55	50.73	44.73	45.49	51.38	50.15	49.89	47.97	45.88	41.69
zone4_00061	4	2026/04/28 18:46	5	0.1	54.32	55.74	56.17	52.12	52.46	57.65	54.66	53.99	49.97	53.31	48.23	47.55	48.15	50.7	53.13	54.43	52.69	50.33	50.61	47.32	49.66	51.76	56.93	49.11	53.11	52.08	52.49	51.15	52.69	48.28	51.63	50.01	50.84	48.62	48.85	46.76	56.7	48.94	46.32	57.35	53.61	55.43	51.81	47.2	44.87	46.26	55.4	57.58	53.59	45.62	53.07	52.59	52.76	50.48	49.92	55.45	54.3	52.93	47.8	53.91	49.32	46.76	51.29	48.73	48.55	53.8	48.21	44.76	47.74	47.59	49.85	52.23	50.23	51.09	49.17	47	49.91	52	51.88	52	51.91	47.78	49.33	46.89	48.06	44.51	53.37	46.45	43.12	54.27	51.1	53.28	51.35	49.26	44.74	46.3	56.44	54.19	48.63	44.47	64.18	61.54	60.76	59.55	60.73	65.34	61.41	56.87	58	62.31	58.29	58.04	58.64	62.01	59.32	62.16	60.39	54.96	59.76	55.08	57.75	62.28	64.16	57.48	61.39	60.35	59.04	65.83	59.49	64	62.13	58.42	61.68	57.9	57.26	56.51	62.41	56.47	55.14	69.2	63.88	65.93	61.63	55.51	56.67	56.96	65.44	60.77	54.95	51.53	50.3	50.04	46.78	45.24	47.42	53.18	49.64	51.2	44.38	52.96	46.67	46.47	47.69	50.31	50.03	50.52	47.36	43.01	48.66	46.29	46.6	50	52.41	46.18	46.28	47.5	48.67	49.39	53.48	51.27	48.56	47.93	49.95	47.41	46.6	42.55	50.73	44.73	45.49	51.38	50.15	49.89	47.97	45.88	41.69	43.91	50.64	48.79	44.48	38.85
zone4_00062	4	2026/04/28 18:47	5	0.1	57.65	54.66	53.99	49.97	53.31	48.23	47.55	48.15	50.7	53.13	54.43	52.69	50.33	50.61	47.32	49.66	51.76	56.93	49.11	53.11	52.08	52.49	51.15	52.69	48.28	51.63	50.01	50.84	48.62	48.85	46.76	56.7	48.94	46.32	57.35	53.61	55.43	51.81	47.2	44.87	46.26	55.4	57.58	53.59	45.62	41.22	41.25	54.7	51.44	51.29	55.45	54.3	52.93	47.8	53.91	49.32	46.76	51.29	48.73	48.55	53.8	48.21	44.76	47.74	47.59	49.85	52.23	50.23	51.09	49.17	47	49.91	52	51.88	52	51.91	47.78	49.33	46.89	48.06	44.51	53.37	46.45	43.12	54.27	51.1	53.28	51.35	49.26	44.74	46.3	56.44	54.19	48.63	44.47	42.54	51.22	54.79	53.77	49	65.34	61.41	56.87	58	62.31	58.29	58.04	58.64	62.01	59.32	62.16	60.39	54.96	59.76	55.08	57.75	62.28	64.16	57.48	61.39	60.35	59.04	65.83	59.49	64	62.13	58.42	61.68	57.9	57.26	56.51	62.41	56.47	55.14	69.2	63.88	65.93	61.63	55.51	56.67	56.96	65.44	60.77	54.95	51.53	48.08	64.23	66.03	61.38	60.36	53.18	49.64	51.2	44.38	52.96	46.67	46.47	47.69	50.31	50.03	50.52	47.36	43.01	48.66	46.29	46.6	50	52.41	46.18	46.28	47.5	48.67	49.39	53.48	51.27	48.56	47.93	49.95	47.41	46.6	42.55	50.73	44.73	45.49	51.38	50.15	49.89	47.97	45.88	41.69	43.91	50.64	48.79	44.48	38.85	38.28	52.47	50.93	50.29	46.4
zone4_00063	4	2026/04/28 18:47	5	0.1	48.23	47.55	48.15	50.7	53.13	54.43	52.69	50.33	50.61	47.32	49.66	51.76	56.93	49.11	53.11	52.08	52.49	51.15	52.69	48.28	51.63	50.01	50.84	48.62	48.85	46.76	56.7	48.94	46.32	57.35	53.61	55.43	51.81	47.2	44.87	46.26	55.4	57.58	53.59	45.62	41.22	41.25	54.7	51.44	51.29	57.57	56.7	57.05	52.62	51.45	49.32	46.76	51.29	48.73	48.55	53.8	48.21	44.76	47.74	47.59	49.85	52.23	50.23	51.09	49.17	47	49.91	52	51.88	52	51.91	47.78	49.33	46.89	48.06	44.51	53.37	46.45	43.12	54.27	51.1	53.28	51.35	49.26	44.74	46.3	56.44	54.19	48.63	44.47	42.54	51.22	54.79	53.77	49	56.75	50.73	56.32	55.89	53.25	58.29	58.04	58.64	62.01	59.32	62.16	60.39	54.96	59.76	55.08	57.75	62.28	64.16	57.48	61.39	60.35	59.04	65.83	59.49	64	62.13	58.42	61.68	57.9	57.26	56.51	62.41	56.47	55.14	69.2	63.88	65.93	61.63	55.51	56.67	56.96	65.44	60.77	54.95	51.53	48.08	64.23	66.03	61.38	60.36	67.36	59	66.24	64.68	62.06	46.67	46.47	47.69	50.31	50.03	50.52	47.36	43.01	48.66	46.29	46.6	50	52.41	46.18	46.28	47.5	48.67	49.39	53.48	51.27	48.56	47.93	49.95	47.41	46.6	42.55	50.73	44.73	45.49	51.38	50.15	49.89	47.97	45.88	41.69	43.91	50.64	48.79	44.48	38.85	38.28	52.47	50.93	50.29	46.4	52.97	50.38	54.98	52.26	50.73
zone4_00064	4	2026/04/28 18:47	5	0.1	54.43	52.69	50.33	50.61	47.32	49.66	51.76	56.93	49.11	53.11	52.08	52.49	51.15	52.69	48.28	51.63	50.01	50.84	48.62	48.85	46.76	56.7	48.94	46.32	57.35	53.61	55.43	51.81	47.2	44.87	46.26	55.4	57.58	53.59	45.62	41.22	41.25	54.7	51.44	51.29	57.57	56.7	57.05	52.62	51.45	52.47	51.22	52.45	46.94	55.1	53.8	48.21	44.76	47.74	47.59	49.85	52.23	50.23	51.09	49.17	47	49.91	52	51.88	52	51.91	47.78	49.33	46.89	48.06	44.51	53.37	46.45	43.12	54.27	51.1	53.28	51.35	49.26	44.74	46.3	56.44	54.19	48.63	44.47	42.54	51.22	54.79	53.77	49	56.75	50.73	56.32	55.89	53.25	52.48	53.59	51.43	46.79	49.13	62.16	60.39	54.96	59.76	55.08	57.75	62.28	64.16	57.48	61.39	60.35	59.04	65.83	59.49	64	62.13	58.42	61.68	57.9	57.26	56.51	62.41	56.47	55.14	69.2	63.88	65.93	61.63	55.51	56.67	56.96	65.44	60.77	54.95	51.53	48.08	64.23	66.03	61.38	60.36	67.36	59	66.24	64.68	62.06	62.32	62.99	59.83	54.49	61.88	50.52	47.36	43.01	48.66	46.29	46.6	50	52.41	46.18	46.28	47.5	48.67	49.39	53.48	51.27	48.56	47.93	49.95	47.41	46.6	42.55	50.73	44.73	45.49	51.38	50.15	49.89	47.97	45.88	41.69	43.91	50.64	48.79	44.48	38.85	38.28	52.47	50.93	50.29	46.4	52.97	50.38	54.98	52.26	50.73	49.96	51.4	48.77	44.8	51.24
zone4_00065	4	2026/04/28 18:47	5	0.1	49.66	51.76	56.93	49.11	53.11	52.08	52.49	51.15	52.69	48.28	51.63	50.01	50.84	48.62	48.85	46.76	56.7	48.94	46.32	57.35	53.61	55.43	51.81	47.2	44.87	46.26	55.4	57.58	53.59	45.62	41.22	41.25	54.7	51.44	51.29	57.57	56.7	57.05	52.62	51.45	52.47	51.22	52.45	46.94	55.1	55.22	55.22	52.65	55.05	47.6	49.85	52.23	50.23	51.09	49.17	47	49.91	52	51.88	52	51.91	47.78	49.33	46.89	48.06	44.51	53.37	46.45	43.12	54.27	51.1	53.28	51.35	49.26	44.74	46.3	56.44	54.19	48.63	44.47	42.54	51.22	54.79	53.77	49	56.75	50.73	56.32	55.89	53.25	52.48	53.59	51.43	46.79	49.13	53.5	53.58	53.58	52.84	46.7	57.75	62.28	64.16	57.48	61.39	60.35	59.04	65.83	59.49	64	62.13	58.42	61.68	57.9	57.26	56.51	62.41	56.47	55.14	69.2	63.88	65.93	61.63	55.51	56.67	56.96	65.44	60.77	54.95	51.53	48.08	64.23	66.03	61.38	60.36	67.36	59	66.24	64.68	62.06	62.32	62.99	59.83	54.49	61.88	61.41	62.01	68.69	59.13	64.12	46.6	50	52.41	46.18	46.28	47.5	48.67	49.39	53.48	51.27	48.56	47.93	49.95	47.41	46.6	42.55	50.73	44.73	45.49	51.38	50.15	49.89	47.97	45.88	41.69	43.91	50.64	48.79	44.48	38.85	38.28	52.47	50.93	50.29	46.4	52.97	50.38	54.98	52.26	50.73	49.96	51.4	48.77	44.8	51.24	53.73	53.4	52.76	45.91	44.88
zone4_00066	4	2026/04/28 18:47	5	0.1	52.08	52.49	51.15	52.69	48.28	51.63	50.01	50.84	48.62	48.85	46.76	56.7	48.94	46.32	57.35	53.61	55.43	51.81	47.2	44.87	46.26	55.4	57.58	53.59	45.62	41.22	41.25	54.7	51.44	51.29	57.57	56.7	57.05	52.62	51.45	52.47	51.22	52.45	46.94	55.1	55.22	55.22	52.65	55.05	47.6	54.76	47.26	52.36	51.41	50.26	47	49.91	52	51.88	52	51.91	47.78	49.33	46.89	48.06	44.51	53.37	46.45	43.12	54.27	51.1	53.28	51.35	49.26	44.74	46.3	56.44	54.19	48.63	44.47	42.54	51.22	54.79	53.77	49	56.75	50.73	56.32	55.89	53.25	52.48	53.59	51.43	46.79	49.13	53.5	53.58	53.58	52.84	46.7	52.43	48.73	49.72	50.56	49.81	60.35	59.04	65.83	59.49	64	62.13	58.42	61.68	57.9	57.26	56.51	62.41	56.47	55.14	69.2	63.88	65.93	61.63	55.51	56.67	56.96	65.44	60.77	54.95	51.53	48.08	64.23	66.03	61.38	60.36	67.36	59	66.24	64.68	62.06	62.32	62.99	59.83	54.49	61.88	61.41	62.01	68.69	59.13	64.12	60.47	60.29	61.03	61.18	60.51	47.5	48.67	49.39	53.48	51.27	48.56	47.93	49.95	47.41	46.6	42.55	50.73	44.73	45.49	51.38	50.15	49.89	47.97	45.88	41.69	43.91	50.64	48.79	44.48	38.85	38.28	52.47	50.93	50.29	46.4	52.97	50.38	54.98	52.26	50.73	49.96	51.4	48.77	44.8	51.24	53.73	53.4	52.76	45.91	44.88	48.84	45.47	44.72	47.38	46.84
zone4_00067	4	2026/04/28 18:47	5	0.1	51.63	50.01	50.84	48.62	48.85	46.76	56.7	48.94	46.32	57.35	53.61	55.43	51.81	47.2	44.87	46.26	55.4	57.58	53.59	45.62	41.22	41.25	54.7	51.44	51.29	57.57	56.7	57.05	52.62	51.45	52.47	51.22	52.45	46.94	55.1	55.22	55.22	52.65	55.05	47.6	54.76	47.26	52.36	51.41	50.26	54.96	56.1	53.85	56.06	55.94	51.91	47.78	49.33	46.89	48.06	44.51	53.37	46.45	43.12	54.27	51.1	53.28	51.35	49.26	44.74	46.3	56.44	54.19	48.63	44.47	42.54	51.22	54.79	53.77	49	56.75	50.73	56.32	55.89	53.25	52.48	53.59	51.43	46.79	49.13	53.5	53.58	53.58	52.84	46.7	52.43	48.73	49.72	50.56	49.81	54.44	54.13	54.45	54.48	55.51	62.13	58.42	61.68	57.9	57.26	56.51	62.41	56.47	55.14	69.2	63.88	65.93	61.63	55.51	56.67	56.96	65.44	60.77	54.95	51.53	48.08	64.23	66.03	61.38	60.36	67.36	59	66.24	64.68	62.06	62.32	62.99	59.83	54.49	61.88	61.41	62.01	68.69	59.13	64.12	60.47	60.29	61.03	61.18	60.51	66.34	65.23	65.45	67.04	65.53	48.56	47.93	49.95	47.41	46.6	42.55	50.73	44.73	45.49	51.38	50.15	49.89	47.97	45.88	41.69	43.91	50.64	48.79	44.48	38.85	38.28	52.47	50.93	50.29	46.4	52.97	50.38	54.98	52.26	50.73	49.96	51.4	48.77	44.8	51.24	53.73	53.4	52.76	45.91	44.88	48.84	45.47	44.72	47.38	46.84	51.92	50.77	51.44	53.72	52.8
zone4_00068	4	2026/04/28 18:47	5	0.1	46.76	56.7	48.94	46.32	57.35	53.61	55.43	51.81	47.2	44.87	46.26	55.4	57.58	53.59	45.62	41.22	41.25	54.7	51.44	51.29	57.57	56.7	57.05	52.62	51.45	52.47	51.22	52.45	46.94	55.1	55.22	55.22	52.65	55.05	47.6	54.76	47.26	52.36	51.41	50.26	54.96	56.1	53.85	56.06	55.94	54.85	50.94	52.27	53.19	52.44	44.51	53.37	46.45	43.12	54.27	51.1	53.28	51.35	49.26	44.74	46.3	56.44	54.19	48.63	44.47	42.54	51.22	54.79	53.77	49	56.75	50.73	56.32	55.89	53.25	52.48	53.59	51.43	46.79	49.13	53.5	53.58	53.58	52.84	46.7	52.43	48.73	49.72	50.56	49.81	54.44	54.13	54.45	54.48	55.51	56.75	52.68	52.97	52.58	49.57	56.51	62.41	56.47	55.14	69.2	63.88	65.93	61.63	55.51	56.67	56.96	65.44	60.77	54.95	51.53	48.08	64.23	66.03	61.38	60.36	67.36	59	66.24	64.68	62.06	62.32	62.99	59.83	54.49	61.88	61.41	62.01	68.69	59.13	64.12	60.47	60.29	61.03	61.18	60.51	66.34	65.23	65.45	67.04	65.53	67.09	61.24	65.73	59.38	62.78	42.55	50.73	44.73	45.49	51.38	50.15	49.89	47.97	45.88	41.69	43.91	50.64	48.79	44.48	38.85	38.28	52.47	50.93	50.29	46.4	52.97	50.38	54.98	52.26	50.73	49.96	51.4	48.77	44.8	51.24	53.73	53.4	52.76	45.91	44.88	48.84	45.47	44.72	47.38	46.84	51.92	50.77	51.44	53.72	52.8	54	49.95	47.39	50.32	48.67
zone4_00069	4	2026/04/28 18:47	5	0.1	53.61	55.43	51.81	47.2	44.87	46.26	55.4	57.58	53.59	45.62	41.22	41.25	54.7	51.44	51.29	57.57	56.7	57.05	52.62	51.45	52.47	51.22	52.45	46.94	55.1	55.22	55.22	52.65	55.05	47.6	54.76	47.26	52.36	51.41	50.26	54.96	56.1	53.85	56.06	55.94	54.85	50.94	52.27	53.19	52.44	54.31	53.36	46.87	54.71	52.59	51.1	53.28	51.35	49.26	44.74	46.3	56.44	54.19	48.63	44.47	42.54	51.22	54.79	53.77	49	56.75	50.73	56.32	55.89	53.25	52.48	53.59	51.43	46.79	49.13	53.5	53.58	53.58	52.84	46.7	52.43	48.73	49.72	50.56	49.81	54.44	54.13	54.45	54.48	55.51	56.75	52.68	52.97	52.58	49.57	53.76	49.63	48.21	56.36	55.68	63.88	65.93	61.63	55.51	56.67	56.96	65.44	60.77	54.95	51.53	48.08	64.23	66.03	61.38	60.36	67.36	59	66.24	64.68	62.06	62.32	62.99	59.83	54.49	61.88	61.41	62.01	68.69	59.13	64.12	60.47	60.29	61.03	61.18	60.51	66.34	65.23	65.45	67.04	65.53	67.09	61.24	65.73	59.38	62.78	63.87	53.51	57.89	65.87	66.01	50.15	49.89	47.97	45.88	41.69	43.91	50.64	48.79	44.48	38.85	38.28	52.47	50.93	50.29	46.4	52.97	50.38	54.98	52.26	50.73	49.96	51.4	48.77	44.8	51.24	53.73	53.4	52.76	45.91	44.88	48.84	45.47	44.72	47.38	46.84	51.92	50.77	51.44	53.72	52.8	54	49.95	47.39	50.32	48.67	52.18	45.31	48.41	53.25	51.56
zone4_00070	4	2026/04/28 18:47	5	0.1	46.26	55.4	57.58	53.59	45.62	41.22	41.25	54.7	51.44	51.29	57.57	56.7	57.05	52.62	51.45	52.47	51.22	52.45	46.94	55.1	55.22	55.22	52.65	55.05	47.6	54.76	47.26	52.36	51.41	50.26	54.96	56.1	53.85	56.06	55.94	54.85	50.94	52.27	53.19	52.44	54.31	53.36	46.87	54.71	52.59	49.04	48.12	48.2	54.13	57.61	46.3	56.44	54.19	48.63	44.47	42.54	51.22	54.79	53.77	49	56.75	50.73	56.32	55.89	53.25	52.48	53.59	51.43	46.79	49.13	53.5	53.58	53.58	52.84	46.7	52.43	48.73	49.72	50.56	49.81	54.44	54.13	54.45	54.48	55.51	56.75	52.68	52.97	52.58	49.57	53.76	49.63	48.21	56.36	55.68	48.3	48.3	47.71	46.81	56.04	56.96	65.44	60.77	54.95	51.53	48.08	64.23	66.03	61.38	60.36	67.36	59	66.24	64.68	62.06	62.32	62.99	59.83	54.49	61.88	61.41	62.01	68.69	59.13	64.12	60.47	60.29	61.03	61.18	60.51	66.34	65.23	65.45	67.04	65.53	67.09	61.24	65.73	59.38	62.78	63.87	53.51	57.89	65.87	66.01	58.39	57.09	61.8	67.4	65.85	43.91	50.64	48.79	44.48	38.85	38.28	52.47	50.93	50.29	46.4	52.97	50.38	54.98	52.26	50.73	49.96	51.4	48.77	44.8	51.24	53.73	53.4	52.76	45.91	44.88	48.84	45.47	44.72	47.38	46.84	51.92	50.77	51.44	53.72	52.8	54	49.95	47.39	50.32	48.67	52.18	45.31	48.41	53.25	51.56	47.53	45.53	47.91	54.76	53.8
zone4_00071	4	2026/04/28 18:47	5	0.1	41.22	41.25	54.7	51.44	51.29	57.57	56.7	57.05	52.62	51.45	52.47	51.22	52.45	46.94	55.1	55.22	55.22	52.65	55.05	47.6	54.76	47.26	52.36	51.41	50.26	54.96	56.1	53.85	56.06	55.94	54.85	50.94	52.27	53.19	52.44	54.31	53.36	46.87	54.71	52.59	49.04	48.12	48.2	54.13	57.61	58.3	57.98	50.35	54.93	57.49	42.54	51.22	54.79	53.77	49	56.75	50.73	56.32	55.89	53.25	52.48	53.59	51.43	46.79	49.13	53.5	53.58	53.58	52.84	46.7	52.43	48.73	49.72	50.56	49.81	54.44	54.13	54.45	54.48	55.51	56.75	52.68	52.97	52.58	49.57	53.76	49.63	48.21	56.36	55.68	48.3	48.3	47.71	46.81	56.04	57.76	50.69	55.36	57.09	56.03	48.08	64.23	66.03	61.38	60.36	67.36	59	66.24	64.68	62.06	62.32	62.99	59.83	54.49	61.88	61.41	62.01	68.69	59.13	64.12	60.47	60.29	61.03	61.18	60.51	66.34	65.23	65.45	67.04	65.53	67.09	61.24	65.73	59.38	62.78	63.87	53.51	57.89	65.87	66.01	58.39	57.09	61.8	67.4	65.85	60.22	61.94	59.6	68.41	67.76	38.28	52.47	50.93	50.29	46.4	52.97	50.38	54.98	52.26	50.73	49.96	51.4	48.77	44.8	51.24	53.73	53.4	52.76	45.91	44.88	48.84	45.47	44.72	47.38	46.84	51.92	50.77	51.44	53.72	52.8	54	49.95	47.39	50.32	48.67	52.18	45.31	48.41	53.25	51.56	47.53	45.53	47.91	54.76	53.8	48.9	54.18	51.47	54.95	52.23
zone4_00072	4	2026/04/28 18:47	5	0.1	57.57	56.7	57.05	52.62	51.45	52.47	51.22	52.45	46.94	55.1	55.22	55.22	52.65	55.05	47.6	54.76	47.26	52.36	51.41	50.26	54.96	56.1	53.85	56.06	55.94	54.85	50.94	52.27	53.19	52.44	54.31	53.36	46.87	54.71	52.59	49.04	48.12	48.2	54.13	57.61	58.3	57.98	50.35	54.93	57.49	55.4	51.5	54.52	53.43	47.83	56.75	50.73	56.32	55.89	53.25	52.48	53.59	51.43	46.79	49.13	53.5	53.58	53.58	52.84	46.7	52.43	48.73	49.72	50.56	49.81	54.44	54.13	54.45	54.48	55.51	56.75	52.68	52.97	52.58	49.57	53.76	49.63	48.21	56.36	55.68	48.3	48.3	47.71	46.81	56.04	57.76	50.69	55.36	57.09	56.03	56.03	56.03	56.03	56.03	48.53	67.36	59	66.24	64.68	62.06	62.32	62.99	59.83	54.49	61.88	61.41	62.01	68.69	59.13	64.12	60.47	60.29	61.03	61.18	60.51	66.34	65.23	65.45	67.04	65.53	67.09	61.24	65.73	59.38	62.78	63.87	53.51	57.89	65.87	66.01	58.39	57.09	61.8	67.4	65.85	60.22	61.94	59.6	68.41	67.76	56.8	67.17	66.04	60.9	57.03	52.97	50.38	54.98	52.26	50.73	49.96	51.4	48.77	44.8	51.24	53.73	53.4	52.76	45.91	44.88	48.84	45.47	44.72	47.38	46.84	51.92	50.77	51.44	53.72	52.8	54	49.95	47.39	50.32	48.67	52.18	45.31	48.41	53.25	51.56	47.53	45.53	47.91	54.76	53.8	48.9	54.18	51.47	54.95	52.23	49.32	54.85	53.15	50.83	45.12
zone4_00073	4	2026/04/28 18:47	5	0.1	52.47	51.22	52.45	46.94	55.1	55.22	55.22	52.65	55.05	47.6	54.76	47.26	52.36	51.41	50.26	54.96	56.1	53.85	56.06	55.94	54.85	50.94	52.27	53.19	52.44	54.31	53.36	46.87	54.71	52.59	49.04	48.12	48.2	54.13	57.61	58.3	57.98	50.35	54.93	57.49	55.4	51.5	54.52	53.43	47.83	49.01	56.48	55.05	55.5	56.06	52.48	53.59	51.43	46.79	49.13	53.5	53.58	53.58	52.84	46.7	52.43	48.73	49.72	50.56	49.81	54.44	54.13	54.45	54.48	55.51	56.75	52.68	52.97	52.58	49.57	53.76	49.63	48.21	56.36	55.68	48.3	48.3	47.71	46.81	56.04	57.76	50.69	55.36	57.09	56.03	56.03	56.03	56.03	56.03	48.53	48.11	54.3	53.14	51.93	57.52	62.32	62.99	59.83	54.49	61.88	61.41	62.01	68.69	59.13	64.12	60.47	60.29	61.03	61.18	60.51	66.34	65.23	65.45	67.04	65.53	67.09	61.24	65.73	59.38	62.78	63.87	53.51	57.89	65.87	66.01	58.39	57.09	61.8	67.4	65.85	60.22	61.94	59.6	68.41	67.76	56.8	67.17	66.04	60.9	57.03	58.57	66.05	64.91	64.4	68.79	49.96	51.4	48.77	44.8	51.24	53.73	53.4	52.76	45.91	44.88	48.84	45.47	44.72	47.38	46.84	51.92	50.77	51.44	53.72	52.8	54	49.95	47.39	50.32	48.67	52.18	45.31	48.41	53.25	51.56	47.53	45.53	47.91	54.76	53.8	48.9	54.18	51.47	54.95	52.23	49.32	54.85	53.15	50.83	45.12	47.97	52.38	53.03	48.46	52.49
zone4_00074	4	2026/04/28 18:47	5	0.1	55.22	55.22	52.65	55.05	47.6	54.76	47.26	52.36	51.41	50.26	54.96	56.1	53.85	56.06	55.94	54.85	50.94	52.27	53.19	52.44	54.31	53.36	46.87	54.71	52.59	49.04	48.12	48.2	54.13	57.61	58.3	57.98	50.35	54.93	57.49	55.4	51.5	54.52	53.43	47.83	49.01	56.48	55.05	55.5	56.06	57.83	54.95	50.65	50.29	53.29	53.5	53.58	53.58	52.84	46.7	52.43	48.73	49.72	50.56	49.81	54.44	54.13	54.45	54.48	55.51	56.75	52.68	52.97	52.58	49.57	53.76	49.63	48.21	56.36	55.68	48.3	48.3	47.71	46.81	56.04	57.76	50.69	55.36	57.09	56.03	56.03	56.03	56.03	56.03	48.53	48.11	54.3	53.14	51.93	57.52	55.59	53.73	48.55	50.34	51.96	61.41	62.01	68.69	59.13	64.12	60.47	60.29	61.03	61.18	60.51	66.34	65.23	65.45	67.04	65.53	67.09	61.24	65.73	59.38	62.78	63.87	53.51	57.89	65.87	66.01	58.39	57.09	61.8	67.4	65.85	60.22	61.94	59.6	68.41	67.76	56.8	67.17	66.04	60.9	57.03	58.57	66.05	64.91	64.4	68.79	66.97	62.86	57.89	63.19	62.48	53.73	53.4	52.76	45.91	44.88	48.84	45.47	44.72	47.38	46.84	51.92	50.77	51.44	53.72	52.8	54	49.95	47.39	50.32	48.67	52.18	45.31	48.41	53.25	51.56	47.53	45.53	47.91	54.76	53.8	48.9	54.18	51.47	54.95	52.23	49.32	54.85	53.15	50.83	45.12	47.97	52.38	53.03	48.46	52.49	52.17	51.19	47.3	46.16	49.69
zone4_00075	4	2026/04/28 18:47	5	0.1	54.76	47.26	52.36	51.41	50.26	54.96	56.1	53.85	56.06	55.94	54.85	50.94	52.27	53.19	52.44	54.31	53.36	46.87	54.71	52.59	49.04	48.12	48.2	54.13	57.61	58.3	57.98	50.35	54.93	57.49	55.4	51.5	54.52	53.43	47.83	49.01	56.48	55.05	55.5	56.06	57.83	54.95	50.65	50.29	53.29	49.81	48.89	53.36	60.88	49.96	52.43	48.73	49.72	50.56	49.81	54.44	54.13	54.45	54.48	55.51	56.75	52.68	52.97	52.58	49.57	53.76	49.63	48.21	56.36	55.68	48.3	48.3	47.71	46.81	56.04	57.76	50.69	55.36	57.09	56.03	56.03	56.03	56.03	56.03	48.53	48.11	54.3	53.14	51.93	57.52	55.59	53.73	48.55	50.34	51.96	49.86	51.46	51.46	51.46	51.46	60.47	60.29	61.03	61.18	60.51	66.34	65.23	65.45	67.04	65.53	67.09	61.24	65.73	59.38	62.78	63.87	53.51	57.89	65.87	66.01	58.39	57.09	61.8	67.4	65.85	60.22	61.94	59.6	68.41	67.76	56.8	67.17	66.04	60.9	57.03	58.57	66.05	64.91	64.4	68.79	66.97	62.86	57.89	63.19	62.48	60.81	69.14	65.86	56.48	65.59	48.84	45.47	44.72	47.38	46.84	51.92	50.77	51.44	53.72	52.8	54	49.95	47.39	50.32	48.67	52.18	45.31	48.41	53.25	51.56	47.53	45.53	47.91	54.76	53.8	48.9	54.18	51.47	54.95	52.23	49.32	54.85	53.15	50.83	45.12	47.97	52.38	53.03	48.46	52.49	52.17	51.19	47.3	46.16	49.69	47.55	52.44	50.76	51.16	55.66
zone4_00076	4	2026/04/28 18:47	5	0.1	54.96	56.1	53.85	56.06	55.94	54.85	50.94	52.27	53.19	52.44	54.31	53.36	46.87	54.71	52.59	49.04	48.12	48.2	54.13	57.61	58.3	57.98	50.35	54.93	57.49	55.4	51.5	54.52	53.43	47.83	49.01	56.48	55.05	55.5	56.06	57.83	54.95	50.65	50.29	53.29	49.81	48.89	53.36	60.88	49.96	55.37	56.04	57.28	56.01	57.6	54.44	54.13	54.45	54.48	55.51	56.75	52.68	52.97	52.58	49.57	53.76	49.63	48.21	56.36	55.68	48.3	48.3	47.71	46.81	56.04	57.76	50.69	55.36	57.09	56.03	56.03	56.03	56.03	56.03	48.53	48.11	54.3	53.14	51.93	57.52	55.59	53.73	48.55	50.34	51.96	49.86	51.46	51.46	51.46	51.46	55.75	56.45	56.26	53.63	55.44	66.34	65.23	65.45	67.04	65.53	67.09	61.24	65.73	59.38	62.78	63.87	53.51	57.89	65.87	66.01	58.39	57.09	61.8	67.4	65.85	60.22	61.94	59.6	68.41	67.76	56.8	67.17	66.04	60.9	57.03	58.57	66.05	64.91	64.4	68.79	66.97	62.86	57.89	63.19	62.48	60.81	69.14	65.86	56.48	65.59	65.38	66.52	67.6	63.64	65.2	51.92	50.77	51.44	53.72	52.8	54	49.95	47.39	50.32	48.67	52.18	45.31	48.41	53.25	51.56	47.53	45.53	47.91	54.76	53.8	48.9	54.18	51.47	54.95	52.23	49.32	54.85	53.15	50.83	45.12	47.97	52.38	53.03	48.46	52.49	52.17	51.19	47.3	46.16	49.69	47.55	52.44	50.76	51.16	55.66	52.42	54.41	54.91	50.68	55.09
zone4_00077	4	2026/04/28 18:47	5	0.1	54.85	50.94	52.27	53.19	52.44	54.31	53.36	46.87	54.71	52.59	49.04	48.12	48.2	54.13	57.61	58.3	57.98	50.35	54.93	57.49	55.4	51.5	54.52	53.43	47.83	49.01	56.48	55.05	55.5	56.06	57.83	54.95	50.65	50.29	53.29	49.81	48.89	53.36	60.88	49.96	55.37	56.04	57.28	56.01	57.6	54.09	47.64	53.96	54.17	59.98	56.75	52.68	52.97	52.58	49.57	53.76	49.63	48.21	56.36	55.68	48.3	48.3	47.71	46.81	56.04	57.76	50.69	55.36	57.09	56.03	56.03	56.03	56.03	56.03	48.53	48.11	54.3	53.14	51.93	57.52	55.59	53.73	48.55	50.34	51.96	49.86	51.46	51.46	51.46	51.46	55.75	56.45	56.26	53.63	55.44	51.79	49.42	54.45	52.48	53.65	67.09	61.24	65.73	59.38	62.78	63.87	53.51	57.89	65.87	66.01	58.39	57.09	61.8	67.4	65.85	60.22	61.94	59.6	68.41	67.76	56.8	67.17	66.04	60.9	57.03	58.57	66.05	64.91	64.4	68.79	66.97	62.86	57.89	63.19	62.48	60.81	69.14	65.86	56.48	65.59	65.38	66.52	67.6	63.64	65.2	61.22	57.52	63.81	59.55	69.07	54	49.95	47.39	50.32	48.67	52.18	45.31	48.41	53.25	51.56	47.53	45.53	47.91	54.76	53.8	48.9	54.18	51.47	54.95	52.23	49.32	54.85	53.15	50.83	45.12	47.97	52.38	53.03	48.46	52.49	52.17	51.19	47.3	46.16	49.69	47.55	52.44	50.76	51.16	55.66	52.42	54.41	54.91	50.68	55.09	50.62	47.42	54.32	50.4	53.75
zone4_00078	4	2026/04/28 18:47	5	0.1	54.31	53.36	46.87	54.71	52.59	49.04	48.12	48.2	54.13	57.61	58.3	57.98	50.35	54.93	57.49	55.4	51.5	54.52	53.43	47.83	49.01	56.48	55.05	55.5	56.06	57.83	54.95	50.65	50.29	53.29	49.81	48.89	53.36	60.88	49.96	55.37	56.04	57.28	56.01	57.6	54.09	47.64	53.96	54.17	59.98	56.85	57.68	51.53	46.32	56.47	53.76	49.63	48.21	56.36	55.68	48.3	48.3	47.71	46.81	56.04	57.76	50.69	55.36	57.09	56.03	56.03	56.03	56.03	56.03	48.53	48.11	54.3	53.14	51.93	57.52	55.59	53.73	48.55	50.34	51.96	49.86	51.46	51.46	51.46	51.46	55.75	56.45	56.26	53.63	55.44	51.79	49.42	54.45	52.48	53.65	54.94	56.56	53.99	47.07	54.73	63.87	53.51	57.89	65.87	66.01	58.39	57.09	61.8	67.4	65.85	60.22	61.94	59.6	68.41	67.76	56.8	67.17	66.04	60.9	57.03	58.57	66.05	64.91	64.4	68.79	66.97	62.86	57.89	63.19	62.48	60.81	69.14	65.86	56.48	65.59	65.38	66.52	67.6	63.64	65.2	61.22	57.52	63.81	59.55	69.07	64.95	63.71	59.92	54.67	64.99	52.18	45.31	48.41	53.25	51.56	47.53	45.53	47.91	54.76	53.8	48.9	54.18	51.47	54.95	52.23	49.32	54.85	53.15	50.83	45.12	47.97	52.38	53.03	48.46	52.49	52.17	51.19	47.3	46.16	49.69	47.55	52.44	50.76	51.16	55.66	52.42	54.41	54.91	50.68	55.09	50.62	47.42	54.32	50.4	53.75	51.34	52.66	53.84	46.18	52.71
zone4_00079	4	2026/04/28 18:47	5	0.1	49.04	48.12	48.2	54.13	57.61	58.3	57.98	50.35	54.93	57.49	55.4	51.5	54.52	53.43	47.83	49.01	56.48	55.05	55.5	56.06	57.83	54.95	50.65	50.29	53.29	49.81	48.89	53.36	60.88	49.96	55.37	56.04	57.28	56.01	57.6	54.09	47.64	53.96	54.17	59.98	56.85	57.68	51.53	46.32	56.47	55.59	54.71	54.71	54.34	54.89	48.3	48.3	47.71	46.81	56.04	57.76	50.69	55.36	57.09	56.03	56.03	56.03	56.03	56.03	48.53	48.11	54.3	53.14	51.93	57.52	55.59	53.73	48.55	50.34	51.96	49.86	51.46	51.46	51.46	51.46	55.75	56.45	56.26	53.63	55.44	51.79	49.42	54.45	52.48	53.65	54.94	56.56	53.99	47.07	54.73	54	53.25	53.67	55.7	55.34	58.39	57.09	61.8	67.4	65.85	60.22	61.94	59.6	68.41	67.76	56.8	67.17	66.04	60.9	57.03	58.57	66.05	64.91	64.4	68.79	66.97	62.86	57.89	63.19	62.48	60.81	69.14	65.86	56.48	65.59	65.38	66.52	67.6	63.64	65.2	61.22	57.52	63.81	59.55	69.07	64.95	63.71	59.92	54.67	64.99	62.32	62.58	61.87	63.5	66.61	47.53	45.53	47.91	54.76	53.8	48.9	54.18	51.47	54.95	52.23	49.32	54.85	53.15	50.83	45.12	47.97	52.38	53.03	48.46	52.49	52.17	51.19	47.3	46.16	49.69	47.55	52.44	50.76	51.16	55.66	52.42	54.41	54.91	50.68	55.09	50.62	47.42	54.32	50.4	53.75	51.34	52.66	53.84	46.18	52.71	50.91	48.89	50.77	50.59	51.15
zone4_00080	4	2026/04/28 18:47	5	0.1	58.3	57.98	50.35	54.93	57.49	55.4	51.5	54.52	53.43	47.83	49.01	56.48	55.05	55.5	56.06	57.83	54.95	50.65	50.29	53.29	49.81	48.89	53.36	60.88	49.96	55.37	56.04	57.28	56.01	57.6	54.09	47.64	53.96	54.17	59.98	56.85	57.68	51.53	46.32	56.47	55.59	54.71	54.71	54.34	54.89	55.37	53.3	53.85	48.12	52.28	57.76	50.69	55.36	57.09	56.03	56.03	56.03	56.03	56.03	48.53	48.11	54.3	53.14	51.93	57.52	55.59	53.73	48.55	50.34	51.96	49.86	51.46	51.46	51.46	51.46	55.75	56.45	56.26	53.63	55.44	51.79	49.42	54.45	52.48	53.65	54.94	56.56	53.99	47.07	54.73	54	53.25	53.67	55.7	55.34	55	55.98	52.57	49.07	50.09	60.22	61.94	59.6	68.41	67.76	56.8	67.17	66.04	60.9	57.03	58.57	66.05	64.91	64.4	68.79	66.97	62.86	57.89	63.19	62.48	60.81	69.14	65.86	56.48	65.59	65.38	66.52	67.6	63.64	65.2	61.22	57.52	63.81	59.55	69.07	64.95	63.71	59.92	54.67	64.99	62.32	62.58	61.87	63.5	66.61	64	63.64	63.89	59.66	66.12	48.9	54.18	51.47	54.95	52.23	49.32	54.85	53.15	50.83	45.12	47.97	52.38	53.03	48.46	52.49	52.17	51.19	47.3	46.16	49.69	47.55	52.44	50.76	51.16	55.66	52.42	54.41	54.91	50.68	55.09	50.62	47.42	54.32	50.4	53.75	51.34	52.66	53.84	46.18	52.71	50.91	48.89	50.77	50.59	51.15	54.33	52.92	49.82	46.77	50.65
zone4_00081	4	2026/04/28 18:47	5	0.1	55.4	51.5	54.52	53.43	47.83	49.01	56.48	55.05	55.5	56.06	57.83	54.95	50.65	50.29	53.29	49.81	48.89	53.36	60.88	49.96	55.37	56.04	57.28	56.01	57.6	54.09	47.64	53.96	54.17	59.98	56.85	57.68	51.53	46.32	56.47	55.59	54.71	54.71	54.34	54.89	55.37	53.3	53.85	48.12	52.28	56.96	54.11	54.03	53.56	55.1	56.03	56.03	56.03	56.03	48.53	48.11	54.3	53.14	51.93	57.52	55.59	53.73	48.55	50.34	51.96	49.86	51.46	51.46	51.46	51.46	55.75	56.45	56.26	53.63	55.44	51.79	49.42	54.45	52.48	53.65	54.94	56.56	53.99	47.07	54.73	54	53.25	53.67	55.7	55.34	55	55.98	52.57	49.07	50.09	53.7	54.11	50.65	55.41	55.09	56.8	67.17	66.04	60.9	57.03	58.57	66.05	64.91	64.4	68.79	66.97	62.86	57.89	63.19	62.48	60.81	69.14	65.86	56.48	65.59	65.38	66.52	67.6	63.64	65.2	61.22	57.52	63.81	59.55	69.07	64.95	63.71	59.92	54.67	64.99	62.32	62.58	61.87	63.5	66.61	64	63.64	63.89	59.66	66.12	65.45	65.6	66.58	63.46	62.19	49.32	54.85	53.15	50.83	45.12	47.97	52.38	53.03	48.46	52.49	52.17	51.19	47.3	46.16	49.69	47.55	52.44	50.76	51.16	55.66	52.42	54.41	54.91	50.68	55.09	50.62	47.42	54.32	50.4	53.75	51.34	52.66	53.84	46.18	52.71	50.91	48.89	50.77	50.59	51.15	54.33	52.92	49.82	46.77	50.65	53.72	52.29	52.41	51.91	52.97
zone4_00082	4	2026/04/28 18:47	5	0.1	49.01	56.48	55.05	55.5	56.06	57.83	54.95	50.65	50.29	53.29	49.81	48.89	53.36	60.88	49.96	55.37	56.04	57.28	56.01	57.6	54.09	47.64	53.96	54.17	59.98	56.85	57.68	51.53	46.32	56.47	55.59	54.71	54.71	54.34	54.89	55.37	53.3	53.85	48.12	52.28	56.96	54.11	54.03	53.56	55.1	54.4	54.54	55.01	55.43	58.65	48.11	54.3	53.14	51.93	57.52	55.59	53.73	48.55	50.34	51.96	49.86	51.46	51.46	51.46	51.46	55.75	56.45	56.26	53.63	55.44	51.79	49.42	54.45	52.48	53.65	54.94	56.56	53.99	47.07	54.73	54	53.25	53.67	55.7	55.34	55	55.98	52.57	49.07	50.09	53.7	54.11	50.65	55.41	55.09	55.77	54.53	57.55	55.13	56.14	58.57	66.05	64.91	64.4	68.79	66.97	62.86	57.89	63.19	62.48	60.81	69.14	65.86	56.48	65.59	65.38	66.52	67.6	63.64	65.2	61.22	57.52	63.81	59.55	69.07	64.95	63.71	59.92	54.67	64.99	62.32	62.58	61.87	63.5	66.61	64	63.64	63.89	59.66	66.12	65.45	65.6	66.58	63.46	62.19	66.48	65.39	66.29	66.52	68.13	47.97	52.38	53.03	48.46	52.49	52.17	51.19	47.3	46.16	49.69	47.55	52.44	50.76	51.16	55.66	52.42	54.41	54.91	50.68	55.09	50.62	47.42	54.32	50.4	53.75	51.34	52.66	53.84	46.18	52.71	50.91	48.89	50.77	50.59	51.15	54.33	52.92	49.82	46.77	50.65	53.72	52.29	52.41	51.91	52.97	53.33	52.91	53.96	51.76	52.65
zone4_00083	4	2026/04/28 18:47	5	0.1	57.83	54.95	50.65	50.29	53.29	49.81	48.89	53.36	60.88	49.96	55.37	56.04	57.28	56.01	57.6	54.09	47.64	53.96	54.17	59.98	56.85	57.68	51.53	46.32	56.47	55.59	54.71	54.71	54.34	54.89	55.37	53.3	53.85	48.12	52.28	56.96	54.11	54.03	53.56	55.1	54.4	54.54	55.01	55.43	58.65	54.43	53.1	46.69	53.28	49.19	55.59	53.73	48.55	50.34	51.96	49.86	51.46	51.46	51.46	51.46	55.75	56.45	56.26	53.63	55.44	51.79	49.42	54.45	52.48	53.65	54.94	56.56	53.99	47.07	54.73	54	53.25	53.67	55.7	55.34	55	55.98	52.57	49.07	50.09	53.7	54.11	50.65	55.41	55.09	55.77	54.53	57.55	55.13	56.14	53.59	53.04	48.19	53.58	48.85	66.97	62.86	57.89	63.19	62.48	60.81	69.14	65.86	56.48	65.59	65.38	66.52	67.6	63.64	65.2	61.22	57.52	63.81	59.55	69.07	64.95	63.71	59.92	54.67	64.99	62.32	62.58	61.87	63.5	66.61	64	63.64	63.89	59.66	66.12	65.45	65.6	66.58	63.46	62.19	66.48	65.39	66.29	66.52	68.13	62.48	58.67	64.97	61.86	61.91	52.17	51.19	47.3	46.16	49.69	47.55	52.44	50.76	51.16	55.66	52.42	54.41	54.91	50.68	55.09	50.62	47.42	54.32	50.4	53.75	51.34	52.66	53.84	46.18	52.71	50.91	48.89	50.77	50.59	51.15	54.33	52.92	49.82	46.77	50.65	53.72	52.29	52.41	51.91	52.97	53.33	52.91	53.96	51.76	52.65	49.87	48.99	46.23	51.99	49.44
zone4_00084	4	2026/04/28 18:47	5	0.1	49.81	48.89	53.36	60.88	49.96	55.37	56.04	57.28	56.01	57.6	54.09	47.64	53.96	54.17	59.98	56.85	57.68	51.53	46.32	56.47	55.59	54.71	54.71	54.34	54.89	55.37	53.3	53.85	48.12	52.28	56.96	54.11	54.03	53.56	55.1	54.4	54.54	55.01	55.43	58.65	54.43	53.1	46.69	53.28	49.19	52.58	53.82	47.92	56.1	51.82	49.86	51.46	51.46	51.46	51.46	55.75	56.45	56.26	53.63	55.44	51.79	49.42	54.45	52.48	53.65	54.94	56.56	53.99	47.07	54.73	54	53.25	53.67	55.7	55.34	55	55.98	52.57	49.07	50.09	53.7	54.11	50.65	55.41	55.09	55.77	54.53	57.55	55.13	56.14	53.59	53.04	48.19	53.58	48.85	54.06	48.49	50.49	53.68	50.82	60.81	69.14	65.86	56.48	65.59	65.38	66.52	67.6	63.64	65.2	61.22	57.52	63.81	59.55	69.07	64.95	63.71	59.92	54.67	64.99	62.32	62.58	61.87	63.5	66.61	64	63.64	63.89	59.66	66.12	65.45	65.6	66.58	63.46	62.19	66.48	65.39	66.29	66.52	68.13	62.48	58.67	64.97	61.86	61.91	66.63	57.19	57.44	61.09	57.47	47.55	52.44	50.76	51.16	55.66	52.42	54.41	54.91	50.68	55.09	50.62	47.42	54.32	50.4	53.75	51.34	52.66	53.84	46.18	52.71	50.91	48.89	50.77	50.59	51.15	54.33	52.92	49.82	46.77	50.65	53.72	52.29	52.41	51.91	52.97	53.33	52.91	53.96	51.76	52.65	49.87	48.99	46.23	51.99	49.44	51.37	46.8	49.17	51.24	48.61
zone4_00085	4	2026/04/28 18:47	5	0.1	55.37	56.04	57.28	56.01	57.6	54.09	47.64	53.96	54.17	59.98	56.85	57.68	51.53	46.32	56.47	55.59	54.71	54.71	54.34	54.89	55.37	53.3	53.85	48.12	52.28	56.96	54.11	54.03	53.56	55.1	54.4	54.54	55.01	55.43	58.65	54.43	53.1	46.69	53.28	49.19	52.58	53.82	47.92	56.1	51.82	55.24	58.11	58.11	49.96	56.46	55.75	56.45	56.26	53.63	55.44	51.79	49.42	54.45	52.48	53.65	54.94	56.56	53.99	47.07	54.73	54	53.25	53.67	55.7	55.34	55	55.98	52.57	49.07	50.09	53.7	54.11	50.65	55.41	55.09	55.77	54.53	57.55	55.13	56.14	53.59	53.04	48.19	53.58	48.85	54.06	48.49	50.49	53.68	50.82	55.69	55.69	56.64	53.63	48.48	65.38	66.52	67.6	63.64	65.2	61.22	57.52	63.81	59.55	69.07	64.95	63.71	59.92	54.67	64.99	62.32	62.58	61.87	63.5	66.61	64	63.64	63.89	59.66	66.12	65.45	65.6	66.58	63.46	62.19	66.48	65.39	66.29	66.52	68.13	62.48	58.67	64.97	61.86	61.91	66.63	57.19	57.44	61.09	57.47	67.77	67.77	62.97	65.1	57.54	52.42	54.41	54.91	50.68	55.09	50.62	47.42	54.32	50.4	53.75	51.34	52.66	53.84	46.18	52.71	50.91	48.89	50.77	50.59	51.15	54.33	52.92	49.82	46.77	50.65	53.72	52.29	52.41	51.91	52.97	53.33	52.91	53.96	51.76	52.65	49.87	48.99	46.23	51.99	49.44	51.37	46.8	49.17	51.24	48.61	52.55	52.55	46.02	51.81	47.07
zone4_00086	4	2026/04/28 18:47	5	0.1	54.09	47.64	53.96	54.17	59.98	56.85	57.68	51.53	46.32	56.47	55.59	54.71	54.71	54.34	54.89	55.37	53.3	53.85	48.12	52.28	56.96	54.11	54.03	53.56	55.1	54.4	54.54	55.01	55.43	58.65	54.43	53.1	46.69	53.28	49.19	52.58	53.82	47.92	56.1	51.82	55.24	58.11	58.11	49.96	56.46	47.14	51.29	55.28	52.19	51.92	51.79	49.42	54.45	52.48	53.65	54.94	56.56	53.99	47.07	54.73	54	53.25	53.67	55.7	55.34	55	55.98	52.57	49.07	50.09	53.7	54.11	50.65	55.41	55.09	55.77	54.53	57.55	55.13	56.14	53.59	53.04	48.19	53.58	48.85	54.06	48.49	50.49	53.68	50.82	55.69	55.69	56.64	53.63	48.48	54.66	53.28	52.45	54.12	53.48	61.22	57.52	63.81	59.55	69.07	64.95	63.71	59.92	54.67	64.99	62.32	62.58	61.87	63.5	66.61	64	63.64	63.89	59.66	66.12	65.45	65.6	66.58	63.46	62.19	66.48	65.39	66.29	66.52	68.13	62.48	58.67	64.97	61.86	61.91	66.63	57.19	57.44	61.09	57.47	67.77	67.77	62.97	65.1	57.54	61.12	63.79	63.94	64.71	62.19	50.62	47.42	54.32	50.4	53.75	51.34	52.66	53.84	46.18	52.71	50.91	48.89	50.77	50.59	51.15	54.33	52.92	49.82	46.77	50.65	53.72	52.29	52.41	51.91	52.97	53.33	52.91	53.96	51.76	52.65	49.87	48.99	46.23	51.99	49.44	51.37	46.8	49.17	51.24	48.61	52.55	52.55	46.02	51.81	47.07	48.72	51.16	49.88	52.83	49.17
zone4_00087	4	2026/04/28 18:47	5	0.1	56.85	57.68	51.53	46.32	56.47	55.59	54.71	54.71	54.34	54.89	55.37	53.3	53.85	48.12	52.28	56.96	54.11	54.03	53.56	55.1	54.4	54.54	55.01	55.43	58.65	54.43	53.1	46.69	53.28	49.19	52.58	53.82	47.92	56.1	51.82	55.24	58.11	58.11	49.96	56.46	47.14	51.29	55.28	52.19	51.92	55.64	57	55.66	55.22	54.06	54.94	56.56	53.99	47.07	54.73	54	53.25	53.67	55.7	55.34	55	55.98	52.57	49.07	50.09	53.7	54.11	50.65	55.41	55.09	55.77	54.53	57.55	55.13	56.14	53.59	53.04	48.19	53.58	48.85	54.06	48.49	50.49	53.68	50.82	55.69	55.69	56.64	53.63	48.48	54.66	53.28	52.45	54.12	53.48	54.1	55.83	55.01	53.65	52.46	64.95	63.71	59.92	54.67	64.99	62.32	62.58	61.87	63.5	66.61	64	63.64	63.89	59.66	66.12	65.45	65.6	66.58	63.46	62.19	66.48	65.39	66.29	66.52	68.13	62.48	58.67	64.97	61.86	61.91	66.63	57.19	57.44	61.09	57.47	67.77	67.77	62.97	65.1	57.54	61.12	63.79	63.94	64.71	62.19	65.15	64.84	64.41	65.15	64.94	51.34	52.66	53.84	46.18	52.71	50.91	48.89	50.77	50.59	51.15	54.33	52.92	49.82	46.77	50.65	53.72	52.29	52.41	51.91	52.97	53.33	52.91	53.96	51.76	52.65	49.87	48.99	46.23	51.99	49.44	51.37	46.8	49.17	51.24	48.61	52.55	52.55	46.02	51.81	47.07	48.72	51.16	49.88	52.83	49.17	51.81	52.38	52.71	52.55	52.39
zone4_00088	4	2026/04/28 18:47	5	0.1	55.59	54.71	54.71	54.34	54.89	55.37	53.3	53.85	48.12	52.28	56.96	54.11	54.03	53.56	55.1	54.4	54.54	55.01	55.43	58.65	54.43	53.1	46.69	53.28	49.19	52.58	53.82	47.92	56.1	51.82	55.24	58.11	58.11	49.96	56.46	47.14	51.29	55.28	52.19	51.92	55.64	57	55.66	55.22	54.06	54.41	54.41	54.86	57.1	51.54	54	53.25	53.67	55.7	55.34	55	55.98	52.57	49.07	50.09	53.7	54.11	50.65	55.41	55.09	55.77	54.53	57.55	55.13	56.14	53.59	53.04	48.19	53.58	48.85	54.06	48.49	50.49	53.68	50.82	55.69	55.69	56.64	53.63	48.48	54.66	53.28	52.45	54.12	53.48	54.1	55.83	55.01	53.65	52.46	53.39	54.5	55.22	50.49	55.48	62.32	62.58	61.87	63.5	66.61	64	63.64	63.89	59.66	66.12	65.45	65.6	66.58	63.46	62.19	66.48	65.39	66.29	66.52	68.13	62.48	58.67	64.97	61.86	61.91	66.63	57.19	57.44	61.09	57.47	67.77	67.77	62.97	65.1	57.54	61.12	63.79	63.94	64.71	62.19	65.15	64.84	64.41	65.15	64.94	65.44	65.44	65.61	62.92	66.08	50.91	48.89	50.77	50.59	51.15	54.33	52.92	49.82	46.77	50.65	53.72	52.29	52.41	51.91	52.97	53.33	52.91	53.96	51.76	52.65	49.87	48.99	46.23	51.99	49.44	51.37	46.8	49.17	51.24	48.61	52.55	52.55	46.02	51.81	47.07	48.72	51.16	49.88	52.83	49.17	51.81	52.38	52.71	52.55	52.39	53.02	52.9	47.41	47.34	51.77
zone4_00089	4	2026/04/28 18:47	5	0.1	55.37	53.3	53.85	48.12	52.28	56.96	54.11	54.03	53.56	55.1	54.4	54.54	55.01	55.43	58.65	54.43	53.1	46.69	53.28	49.19	52.58	53.82	47.92	56.1	51.82	55.24	58.11	58.11	49.96	56.46	47.14	51.29	55.28	52.19	51.92	55.64	57	55.66	55.22	54.06	54.41	54.41	54.86	57.1	51.54	52.87	53.44	53.44	53.44	54.03	55	55.98	52.57	49.07	50.09	53.7	54.11	50.65	55.41	55.09	55.77	54.53	57.55	55.13	56.14	53.59	53.04	48.19	53.58	48.85	54.06	48.49	50.49	53.68	50.82	55.69	55.69	56.64	53.63	48.48	54.66	53.28	52.45	54.12	53.48	54.1	55.83	55.01	53.65	52.46	53.39	54.5	55.22	50.49	55.48	53.76	55.97	54.92	54.29	52.24	64	63.64	63.89	59.66	66.12	65.45	65.6	66.58	63.46	62.19	66.48	65.39	66.29	66.52	68.13	62.48	58.67	64.97	61.86	61.91	66.63	57.19	57.44	61.09	57.47	67.77	67.77	62.97	65.1	57.54	61.12	63.79	63.94	64.71	62.19	65.15	64.84	64.41	65.15	64.94	65.44	65.44	65.61	62.92	66.08	66.12	67.21	65.09	65.51	63.22	54.33	52.92	49.82	46.77	50.65	53.72	52.29	52.41	51.91	52.97	53.33	52.91	53.96	51.76	52.65	49.87	48.99	46.23	51.99	49.44	51.37	46.8	49.17	51.24	48.61	52.55	52.55	46.02	51.81	47.07	48.72	51.16	49.88	52.83	49.17	51.81	52.38	52.71	52.55	52.39	53.02	52.9	47.41	47.34	51.77	52.2	52.78	51.76	52.61	50.94
zone4_00090	4	2026/04/28 18:47	5	0.1	56.96	54.11	54.03	53.56	55.1	54.4	54.54	55.01	55.43	58.65	54.43	53.1	46.69	53.28	49.19	52.58	53.82	47.92	56.1	51.82	55.24	58.11	58.11	49.96	56.46	47.14	51.29	55.28	52.19	51.92	55.64	57	55.66	55.22	54.06	54.41	54.41	54.86	57.1	51.54	52.87	53.44	53.44	53.44	54.03	53.96	52.09	53.42	51.2	52.88	53.7	54.11	50.65	55.41	55.09	55.77	54.53	57.55	55.13	56.14	53.59	53.04	48.19	53.58	48.85	54.06	48.49	50.49	53.68	50.82	55.69	55.69	56.64	53.63	48.48	54.66	53.28	52.45	54.12	53.48	54.1	55.83	55.01	53.65	52.46	53.39	54.5	55.22	50.49	55.48	53.76	55.97	54.92	54.29	52.24	52.24	52.24	52.24	52.24	51.86	65.45	65.6	66.58	63.46	62.19	66.48	65.39	66.29	66.52	68.13	62.48	58.67	64.97	61.86	61.91	66.63	57.19	57.44	61.09	57.47	67.77	67.77	62.97	65.1	57.54	61.12	63.79	63.94	64.71	62.19	65.15	64.84	64.41	65.15	64.94	65.44	65.44	65.61	62.92	66.08	66.12	67.21	65.09	65.51	63.22	62.3	59.52	58.18	62.04	59.35	53.72	52.29	52.41	51.91	52.97	53.33	52.91	53.96	51.76	52.65	49.87	48.99	46.23	51.99	49.44	51.37	46.8	49.17	51.24	48.61	52.55	52.55	46.02	51.81	47.07	48.72	51.16	49.88	52.83	49.17	51.81	52.38	52.71	52.55	52.39	53.02	52.9	47.41	47.34	51.77	52.2	52.78	51.76	52.61	50.94	50.92	48.18	47.57	50.39	49.46
zone4_00091	4	2026/04/28 18:47	5	0.1	54.4	54.54	55.01	55.43	58.65	54.43	53.1	46.69	53.28	49.19	52.58	53.82	47.92	56.1	51.82	55.24	58.11	58.11	49.96	56.46	47.14	51.29	55.28	52.19	51.92	55.64	57	55.66	55.22	54.06	54.41	54.41	54.86	57.1	51.54	52.87	53.44	53.44	53.44	54.03	53.96	52.09	53.42	51.2	52.88	54.15	53.01	50.95	49.24	49.24	55.77	54.53	57.55	55.13	56.14	53.59	53.04	48.19	53.58	48.85	54.06	48.49	50.49	53.68	50.82	55.69	55.69	56.64	53.63	48.48	54.66	53.28	52.45	54.12	53.48	54.1	55.83	55.01	53.65	52.46	53.39	54.5	55.22	50.49	55.48	53.76	55.97	54.92	54.29	52.24	52.24	52.24	52.24	52.24	51.86	48.71	57.68	56.4	56.08	56.08	66.48	65.39	66.29	66.52	68.13	62.48	58.67	64.97	61.86	61.91	66.63	57.19	57.44	61.09	57.47	67.77	67.77	62.97	65.1	57.54	61.12	63.79	63.94	64.71	62.19	65.15	64.84	64.41	65.15	64.94	65.44	65.44	65.61	62.92	66.08	66.12	67.21	65.09	65.51	63.22	62.3	59.52	58.18	62.04	59.35	59.53	67.71	64.27	65.43	64.84	53.33	52.91	53.96	51.76	52.65	49.87	48.99	46.23	51.99	49.44	51.37	46.8	49.17	51.24	48.61	52.55	52.55	46.02	51.81	47.07	48.72	51.16	49.88	52.83	49.17	51.81	52.38	52.71	52.55	52.39	53.02	52.9	47.41	47.34	51.77	52.2	52.78	51.76	52.61	50.94	50.92	48.18	47.57	50.39	49.46	45.93	52.94	53.64	55.31	47.73
zone4_00092	4	2026/04/28 18:47	5	0.1	54.43	53.1	46.69	53.28	49.19	52.58	53.82	47.92	56.1	51.82	55.24	58.11	58.11	49.96	56.46	47.14	51.29	55.28	52.19	51.92	55.64	57	55.66	55.22	54.06	54.41	54.41	54.86	57.1	51.54	52.87	53.44	53.44	53.44	54.03	53.96	52.09	53.42	51.2	52.88	54.15	53.01	50.95	49.24	49.24	57.98	58.61	57.94	55.32	52.72	53.59	53.04	48.19	53.58	48.85	54.06	48.49	50.49	53.68	50.82	55.69	55.69	56.64	53.63	48.48	54.66	53.28	52.45	54.12	53.48	54.1	55.83	55.01	53.65	52.46	53.39	54.5	55.22	50.49	55.48	53.76	55.97	54.92	54.29	52.24	52.24	52.24	52.24	52.24	51.86	48.71	57.68	56.4	56.08	56.08	55.8	48.57	48.3	48.3	48.3	62.48	58.67	64.97	61.86	61.91	66.63	57.19	57.44	61.09	57.47	67.77	67.77	62.97	65.1	57.54	61.12	63.79	63.94	64.71	62.19	65.15	64.84	64.41	65.15	64.94	65.44	65.44	65.61	62.92	66.08	66.12	67.21	65.09	65.51	63.22	62.3	59.52	58.18	62.04	59.35	59.53	67.71	64.27	65.43	64.84	62.08	65.63	62.51	65.63	62.94	49.87	48.99	46.23	51.99	49.44	51.37	46.8	49.17	51.24	48.61	52.55	52.55	46.02	51.81	47.07	48.72	51.16	49.88	52.83	49.17	51.81	52.38	52.71	52.55	52.39	53.02	52.9	47.41	47.34	51.77	52.2	52.78	51.76	52.61	50.94	50.92	48.18	47.57	50.39	49.46	45.93	52.94	53.64	55.31	47.73	50.12	54.23	51.13	52.38	51.77
zone4_00093	4	2026/04/28 18:47	5	0.1	52.58	53.82	47.92	56.1	51.82	55.24	58.11	58.11	49.96	56.46	47.14	51.29	55.28	52.19	51.92	55.64	57	55.66	55.22	54.06	54.41	54.41	54.86	57.1	51.54	52.87	53.44	53.44	53.44	54.03	53.96	52.09	53.42	51.2	52.88	54.15	53.01	50.95	49.24	49.24	57.98	58.61	57.94	55.32	52.72	58.52	59.31	54.5	56.12	56.23	54.06	48.49	50.49	53.68	50.82	55.69	55.69	56.64	53.63	48.48	54.66	53.28	52.45	54.12	53.48	54.1	55.83	55.01	53.65	52.46	53.39	54.5	55.22	50.49	55.48	53.76	55.97	54.92	54.29	52.24	52.24	52.24	52.24	52.24	51.86	48.71	57.68	56.4	56.08	56.08	55.8	48.57	48.3	48.3	48.3	48.3	54.51	57.12	54.02	58.06	66.63	57.19	57.44	61.09	57.47	67.77	67.77	62.97	65.1	57.54	61.12	63.79	63.94	64.71	62.19	65.15	64.84	64.41	65.15	64.94	65.44	65.44	65.61	62.92	66.08	66.12	67.21	65.09	65.51	63.22	62.3	59.52	58.18	62.04	59.35	59.53	67.71	64.27	65.43	64.84	62.08	65.63	62.51	65.63	62.94	57.66	57.66	65.76	65.36	65.61	51.37	46.8	49.17	51.24	48.61	52.55	52.55	46.02	51.81	47.07	48.72	51.16	49.88	52.83	49.17	51.81	52.38	52.71	52.55	52.39	53.02	52.9	47.41	47.34	51.77	52.2	52.78	51.76	52.61	50.94	50.92	48.18	47.57	50.39	49.46	45.93	52.94	53.64	55.31	47.73	50.12	54.23	51.13	52.38	51.77	46.27	53.25	55.03	54.99	52.62
zone4_00094	4	2026/04/28 18:47	5	0.1	55.24	58.11	58.11	49.96	56.46	47.14	51.29	55.28	52.19	51.92	55.64	57	55.66	55.22	54.06	54.41	54.41	54.86	57.1	51.54	52.87	53.44	53.44	53.44	54.03	53.96	52.09	53.42	51.2	52.88	54.15	53.01	50.95	49.24	49.24	57.98	58.61	57.94	55.32	52.72	58.52	59.31	54.5	56.12	56.23	51.32	48.78	58.34	59.91	53.34	55.69	55.69	56.64	53.63	48.48	54.66	53.28	52.45	54.12	53.48	54.1	55.83	55.01	53.65	52.46	53.39	54.5	55.22	50.49	55.48	53.76	55.97	54.92	54.29	52.24	52.24	52.24	52.24	52.24	51.86	48.71	57.68	56.4	56.08	56.08	55.8	48.57	48.3	48.3	48.3	48.3	54.51	57.12	54.02	58.06	60.01	60.01	58.35	57.54	55.71	67.77	67.77	62.97	65.1	57.54	61.12	63.79	63.94	64.71	62.19	65.15	64.84	64.41	65.15	64.94	65.44	65.44	65.61	62.92	66.08	66.12	67.21	65.09	65.51	63.22	62.3	59.52	58.18	62.04	59.35	59.53	67.71	64.27	65.43	64.84	62.08	65.63	62.51	65.63	62.94	57.66	57.66	65.76	65.36	65.61	61.5	61.5	66.05	65.09	62	52.55	52.55	46.02	51.81	47.07	48.72	51.16	49.88	52.83	49.17	51.81	52.38	52.71	52.55	52.39	53.02	52.9	47.41	47.34	51.77	52.2	52.78	51.76	52.61	50.94	50.92	48.18	47.57	50.39	49.46	45.93	52.94	53.64	55.31	47.73	50.12	54.23	51.13	52.38	51.77	46.27	53.25	55.03	54.99	52.62	50.22	49.15	53.11	53.16	50.61
zone4_00095	4	2026/04/28 18:47	5	0.1	47.14	51.29	55.28	52.19	51.92	55.64	57	55.66	55.22	54.06	54.41	54.41	54.86	57.1	51.54	52.87	53.44	53.44	53.44	54.03	53.96	52.09	53.42	51.2	52.88	54.15	53.01	50.95	49.24	49.24	57.98	58.61	57.94	55.32	52.72	58.52	59.31	54.5	56.12	56.23	51.32	48.78	58.34	59.91	53.34	58.34	57.67	57.67	56.66	53.84	54.66	53.28	52.45	54.12	53.48	54.1	55.83	55.01	53.65	52.46	53.39	54.5	55.22	50.49	55.48	53.76	55.97	54.92	54.29	52.24	52.24	52.24	52.24	52.24	51.86	48.71	57.68	56.4	56.08	56.08	55.8	48.57	48.3	48.3	48.3	48.3	54.51	57.12	54.02	58.06	60.01	60.01	58.35	57.54	55.71	45.19	45.16	45.13	45.13	45.13	61.12	63.79	63.94	64.71	62.19	65.15	64.84	64.41	65.15	64.94	65.44	65.44	65.61	62.92	66.08	66.12	67.21	65.09	65.51	63.22	62.3	59.52	58.18	62.04	59.35	59.53	67.71	64.27	65.43	64.84	62.08	65.63	62.51	65.63	62.94	57.66	57.66	65.76	65.36	65.61	61.5	61.5	66.05	65.09	62	55.98	56.23	55	51.12	65.15	48.72	51.16	49.88	52.83	49.17	51.81	52.38	52.71	52.55	52.39	53.02	52.9	47.41	47.34	51.77	52.2	52.78	51.76	52.61	50.94	50.92	48.18	47.57	50.39	49.46	45.93	52.94	53.64	55.31	47.73	50.12	54.23	51.13	52.38	51.77	46.27	53.25	55.03	54.99	52.62	50.22	49.15	53.11	53.16	50.61	47.87	47.01	53.8	52.88	51.82
zone4_00096	4	2026/04/28 18:47	5	0.1	55.64	57	55.66	55.22	54.06	54.41	54.41	54.86	57.1	51.54	52.87	53.44	53.44	53.44	54.03	53.96	52.09	53.42	51.2	52.88	54.15	53.01	50.95	49.24	49.24	57.98	58.61	57.94	55.32	52.72	58.52	59.31	54.5	56.12	56.23	51.32	48.78	58.34	59.91	53.34	58.34	57.67	57.67	56.66	53.84	52.63	51.58	51.58	46.54	53.9	54.1	55.83	55.01	53.65	52.46	53.39	54.5	55.22	50.49	55.48	53.76	55.97	54.92	54.29	52.24	52.24	52.24	52.24	52.24	51.86	48.71	57.68	56.4	56.08	56.08	55.8	48.57	48.3	48.3	48.3	48.3	54.51	57.12	54.02	58.06	60.01	60.01	58.35	57.54	55.71	45.19	45.16	45.13	45.13	45.13	45.13	45.13	55.69	55.69	55.69	65.15	64.84	64.41	65.15	64.94	65.44	65.44	65.61	62.92	66.08	66.12	67.21	65.09	65.51	63.22	62.3	59.52	58.18	62.04	59.35	59.53	67.71	64.27	65.43	64.84	62.08	65.63	62.51	65.63	62.94	57.66	57.66	65.76	65.36	65.61	61.5	61.5	66.05	65.09	62	55.98	56.23	55	51.12	65.15	65.87	65.42	66.78	61.93	63.76	51.81	52.38	52.71	52.55	52.39	53.02	52.9	47.41	47.34	51.77	52.2	52.78	51.76	52.61	50.94	50.92	48.18	47.57	50.39	49.46	45.93	52.94	53.64	55.31	47.73	50.12	54.23	51.13	52.38	51.77	46.27	53.25	55.03	54.99	52.62	50.22	49.15	53.11	53.16	50.61	47.87	47.01	53.8	52.88	51.82	53.1	54.16	52.43	53.98	51.32
zone4_00097	4	2026/04/28 18:47	5	0.1	54.41	54.41	54.86	57.1	51.54	52.87	53.44	53.44	53.44	54.03	53.96	52.09	53.42	51.2	52.88	54.15	53.01	50.95	49.24	49.24	57.98	58.61	57.94	55.32	52.72	58.52	59.31	54.5	56.12	56.23	51.32	48.78	58.34	59.91	53.34	58.34	57.67	57.67	56.66	53.84	52.63	51.58	51.58	46.54	53.9	56.83	56.87	56.7	59.46	58.12	53.39	54.5	55.22	50.49	55.48	53.76	55.97	54.92	54.29	52.24	52.24	52.24	52.24	52.24	51.86	48.71	57.68	56.4	56.08	56.08	55.8	48.57	48.3	48.3	48.3	48.3	54.51	57.12	54.02	58.06	60.01	60.01	58.35	57.54	55.71	45.19	45.16	45.13	45.13	45.13	45.13	45.13	55.69	55.69	55.69	55.69	55.69	55.88	55.8	57.09	65.44	65.44	65.61	62.92	66.08	66.12	67.21	65.09	65.51	63.22	62.3	59.52	58.18	62.04	59.35	59.53	67.71	64.27	65.43	64.84	62.08	65.63	62.51	65.63	62.94	57.66	57.66	65.76	65.36	65.61	61.5	61.5	66.05	65.09	62	55.98	56.23	55	51.12	65.15	65.87	65.42	66.78	61.93	63.76	63.43	62.51	63.79	61.12	59.08	53.02	52.9	47.41	47.34	51.77	52.2	52.78	51.76	52.61	50.94	50.92	48.18	47.57	50.39	49.46	45.93	52.94	53.64	55.31	47.73	50.12	54.23	51.13	52.38	51.77	46.27	53.25	55.03	54.99	52.62	50.22	49.15	53.11	53.16	50.61	47.87	47.01	53.8	52.88	51.82	53.1	54.16	52.43	53.98	51.32	50.93	52.06	51.01	47.58	46.38
zone4_00098	4	2026/04/28 18:47	5	0.1	52.87	53.44	53.44	53.44	54.03	53.96	52.09	53.42	51.2	52.88	54.15	53.01	50.95	49.24	49.24	57.98	58.61	57.94	55.32	52.72	58.52	59.31	54.5	56.12	56.23	51.32	48.78	58.34	59.91	53.34	58.34	57.67	57.67	56.66	53.84	52.63	51.58	51.58	46.54	53.9	56.83	56.87	56.7	59.46	58.12	53.74	53.67	55.51	50.4	50.4	53.76	55.97	54.92	54.29	52.24	52.24	52.24	52.24	52.24	51.86	48.71	57.68	56.4	56.08	56.08	55.8	48.57	48.3	48.3	48.3	48.3	54.51	57.12	54.02	58.06	60.01	60.01	58.35	57.54	55.71	45.19	45.16	45.13	45.13	45.13	45.13	45.13	55.69	55.69	55.69	55.69	55.69	55.88	55.8	57.09	53.71	52.92	55.46	54.83	54.83	66.12	67.21	65.09	65.51	63.22	62.3	59.52	58.18	62.04	59.35	59.53	67.71	64.27	65.43	64.84	62.08	65.63	62.51	65.63	62.94	57.66	57.66	65.76	65.36	65.61	61.5	61.5	66.05	65.09	62	55.98	56.23	55	51.12	65.15	65.87	65.42	66.78	61.93	63.76	63.43	62.51	63.79	61.12	59.08	64.36	65.35	66.35	61.84	57.45	52.2	52.78	51.76	52.61	50.94	50.92	48.18	47.57	50.39	49.46	45.93	52.94	53.64	55.31	47.73	50.12	54.23	51.13	52.38	51.77	46.27	53.25	55.03	54.99	52.62	50.22	49.15	53.11	53.16	50.61	47.87	47.01	53.8	52.88	51.82	53.1	54.16	52.43	53.98	51.32	50.93	52.06	51.01	47.58	46.38	51.44	53.08	53.21	53.32	46.47
zone4_00099	4	2026/04/28 18:47	5	0.1	53.96	52.09	53.42	51.2	52.88	54.15	53.01	50.95	49.24	49.24	57.98	58.61	57.94	55.32	52.72	58.52	59.31	54.5	56.12	56.23	51.32	48.78	58.34	59.91	53.34	58.34	57.67	57.67	56.66	53.84	52.63	51.58	51.58	46.54	53.9	56.83	56.87	56.7	59.46	58.12	53.74	53.67	55.51	50.4	50.4	56.78	55.95	52.06	50.17	56.46	52.24	52.24	52.24	52.24	51.86	48.71	57.68	56.4	56.08	56.08	55.8	48.57	48.3	48.3	48.3	48.3	54.51	57.12	54.02	58.06	60.01	60.01	58.35	57.54	55.71	45.19	45.16	45.13	45.13	45.13	45.13	45.13	55.69	55.69	55.69	55.69	55.69	55.88	55.8	57.09	53.71	52.92	55.46	54.83	54.83	54.83	54.83	55.52	55.2	51.4	62.3	59.52	58.18	62.04	59.35	59.53	67.71	64.27	65.43	64.84	62.08	65.63	62.51	65.63	62.94	57.66	57.66	65.76	65.36	65.61	61.5	61.5	66.05	65.09	62	55.98	56.23	55	51.12	65.15	65.87	65.42	66.78	61.93	63.76	63.43	62.51	63.79	61.12	59.08	64.36	65.35	66.35	61.84	57.45	64.71	60.33	67.09	58.7	59.63	50.92	48.18	47.57	50.39	49.46	45.93	52.94	53.64	55.31	47.73	50.12	54.23	51.13	52.38	51.77	46.27	53.25	55.03	54.99	52.62	50.22	49.15	53.11	53.16	50.61	47.87	47.01	53.8	52.88	51.82	53.1	54.16	52.43	53.98	51.32	50.93	52.06	51.01	47.58	46.38	51.44	53.08	53.21	53.32	46.47	55.1	48.93	50.84	53.36	48.46
zone4_00100	4	2026/04/28 18:47	5	0.1	54.15	53.01	50.95	49.24	49.24	57.98	58.61	57.94	55.32	52.72	58.52	59.31	54.5	56.12	56.23	51.32	48.78	58.34	59.91	53.34	58.34	57.67	57.67	56.66	53.84	52.63	51.58	51.58	46.54	53.9	56.83	56.87	56.7	59.46	58.12	53.74	53.67	55.51	50.4	50.4	56.78	55.95	52.06	50.17	56.46	52.01	51.84	56.26	51.61	59.96	48.71	57.68	56.4	56.08	56.08	55.8	48.57	48.3	48.3	48.3	48.3	54.51	57.12	54.02	58.06	60.01	60.01	58.35	57.54	55.71	45.19	45.16	45.13	45.13	45.13	45.13	45.13	55.69	55.69	55.69	55.69	55.69	55.88	55.8	57.09	53.71	52.92	55.46	54.83	54.83	54.83	54.83	55.52	55.2	51.4	51.4	51.4	51.4	51.4	54.65	59.53	67.71	64.27	65.43	64.84	62.08	65.63	62.51	65.63	62.94	57.66	57.66	65.76	65.36	65.61	61.5	61.5	66.05	65.09	62	55.98	56.23	55	51.12	65.15	65.87	65.42	66.78	61.93	63.76	63.43	62.51	63.79	61.12	59.08	64.36	65.35	66.35	61.84	57.45	64.71	60.33	67.09	58.7	59.63	67.68	65.56	66.92	64.13	61.94	45.93	52.94	53.64	55.31	47.73	50.12	54.23	51.13	52.38	51.77	46.27	53.25	55.03	54.99	52.62	50.22	49.15	53.11	53.16	50.61	47.87	47.01	53.8	52.88	51.82	53.1	54.16	52.43	53.98	51.32	50.93	52.06	51.01	47.58	46.38	51.44	53.08	53.21	53.32	46.47	55.1	48.93	50.84	53.36	48.46	53.1	52.77	53.53	51.83	53.51
zone5_00001	5	2026/04/28 18:47	5	0.1	54.22	53.63	53.63	53.63	53.63	53.63	53.63	53.63	53.63	53.63	53.63	53.63	50.21	50.21	50.21	49.93	49.93	48.56	55.65	35.55	49.28	43.04	43.04	43.04	43.04	43.06	43.06	43.06	43.06	51.08	51.08	53.64	53.64	51.75	51.03	51.03	50.21	48.71	47.39	50.65	49.96	49.96	49.96	49.96	49.08	49.21	49.21	49.21	50.28	50.01	52.38	52.38	52.38	52.38	52.38	52.38	52.38	52.38	52.38	52.38	52.38	52.38	51.18	51.18	51.18	51.18	51.18	51.18	34.12	34.12	34.12	34.12	34.12	45.3	45.3	45.3	45.3	45.3	45.3	45.3	45.3	45.3	43.01	43.78	47	52.57	49.81	49.13	50.5	54.97	54.97	54.97	56.1	56.1	56.1	56.1	56.1	56.1	56.1	50.49	38.84	38.22	51.12	51.65	49.19	49.19	49.19	50.17	47.05	48.32	51.37	48.72	46.37	42.81	49.26	49.26	50.03	41.81	54.08	50.6	51.01	50.79	50.79	50.15	51.51	51.51	49.81	49.81	49.81	50.59	50.8	47.37	47.37	47.98	51.21	50.02	49.65	51.1	50.62	54.66	54.46	52.98	52.11	51.45	51.45	51.45	50.74	50.74	51.44	53	46.14	43.18	48.37	46.22	42.92	42.68	45.03	40.94	40.94	44.2	38.15	45.06	46.83	45.96	39.83	40.88	43.03	40.71	48.58	45.68	46.32	46.2	46.5	47.51	44.54	47.49	48.76	49.52	46.8	48.58	50.21	41.89	41.89	44.1	48.53	49.04	47.84	47.27	47.75	51.15	53.32	49.55	48.65	50.42	53.5	49.54	46.91	50.74	46.52	51.89
zone5_00002	5	2026/04/28 18:47	5	0.1	53.63	53.63	53.63	53.63	53.63	53.63	53.63	50.21	50.21	50.21	49.93	49.93	48.56	55.65	35.55	49.28	43.04	43.04	43.04	43.04	43.06	43.06	43.06	43.06	51.08	51.08	53.64	53.64	51.75	51.03	51.03	50.21	48.71	47.39	50.65	49.96	49.96	49.96	49.96	49.08	49.21	49.21	49.21	50.28	50.01	50.24	56.64	53.68	53.68	53.68	52.38	52.38	52.38	52.38	52.38	52.38	52.38	51.18	51.18	51.18	51.18	51.18	51.18	34.12	34.12	34.12	34.12	34.12	45.3	45.3	45.3	45.3	45.3	45.3	45.3	45.3	45.3	43.01	43.78	47	52.57	49.81	49.13	50.5	54.97	54.97	54.97	56.1	56.1	56.1	56.1	56.1	56.1	56.1	50.49	51.83	51.19	51.19	51.19	51.19	49.19	49.19	50.17	47.05	48.32	51.37	48.72	46.37	42.81	49.26	49.26	50.03	41.81	54.08	50.6	51.01	50.79	50.79	50.15	51.51	51.51	49.81	49.81	49.81	50.59	50.8	47.37	47.37	47.98	51.21	50.02	49.65	51.1	50.62	54.66	54.46	52.98	52.11	51.45	51.45	51.45	50.74	50.74	51.44	53	50.9	44.35	44.35	44.35	51.3	42.68	45.03	40.94	40.94	44.2	38.15	45.06	46.83	45.96	39.83	40.88	43.03	40.71	48.58	45.68	46.32	46.2	46.5	47.51	44.54	47.49	48.76	49.52	46.8	48.58	50.21	41.89	41.89	44.1	48.53	49.04	47.84	47.27	47.75	51.15	53.32	49.55	48.65	50.42	53.5	49.54	46.91	50.74	46.52	51.89	49.93	44.28	49.56	50.04	49.96
zone5_00003	5	2026/04/28 18:47	5	0.1	53.63	53.63	50.21	50.21	50.21	49.93	49.93	48.56	55.65	35.55	49.28	43.04	43.04	43.04	43.04	43.06	43.06	43.06	43.06	51.08	51.08	53.64	53.64	51.75	51.03	51.03	50.21	48.71	47.39	50.65	49.96	49.96	49.96	49.96	49.08	49.21	49.21	49.21	50.28	50.01	50.24	56.64	53.68	53.68	53.68	53.68	50.39	50.17	50.08	48.22	52.38	52.38	51.18	51.18	51.18	51.18	51.18	51.18	34.12	34.12	34.12	34.12	34.12	45.3	45.3	45.3	45.3	45.3	45.3	45.3	45.3	45.3	43.01	43.78	47	52.57	49.81	49.13	50.5	54.97	54.97	54.97	56.1	56.1	56.1	56.1	56.1	56.1	56.1	50.49	51.83	51.19	51.19	51.19	51.19	49.48	49.48	50.1	44.59	51.37	51.37	48.72	46.37	42.81	49.26	49.26	50.03	41.81	54.08	50.6	51.01	50.79	50.79	50.15	51.51	51.51	49.81	49.81	49.81	50.59	50.8	47.37	47.37	47.98	51.21	50.02	49.65	51.1	50.62	54.66	54.46	52.98	52.11	51.45	51.45	51.45	50.74	50.74	51.44	53	50.9	44.35	44.35	44.35	51.3	52.18	44.58	46.12	54.2	50.09	38.15	45.06	46.83	45.96	39.83	40.88	43.03	40.71	48.58	45.68	46.32	46.2	46.5	47.51	44.54	47.49	48.76	49.52	46.8	48.58	50.21	41.89	41.89	44.1	48.53	49.04	47.84	47.27	47.75	51.15	53.32	49.55	48.65	50.42	53.5	49.54	46.91	50.74	46.52	51.89	49.93	44.28	49.56	50.04	49.96	44.35	43.52	45.01	45.62	50.65
zone5_00004	5	2026/04/28 18:47	5	0.1	49.93	49.93	48.56	55.65	35.55	49.28	43.04	43.04	43.04	43.04	43.06	43.06	43.06	43.06	51.08	51.08	53.64	53.64	51.75	51.03	51.03	50.21	48.71	47.39	50.65	49.96	49.96	49.96	49.96	49.08	49.21	49.21	49.21	50.28	50.01	50.24	56.64	53.68	53.68	53.68	53.68	50.39	50.17	50.08	48.22	47.13	46.82	46.95	48.11	47.57	51.18	51.18	51.18	34.12	34.12	34.12	34.12	34.12	45.3	45.3	45.3	45.3	45.3	45.3	45.3	45.3	45.3	43.01	43.78	47	52.57	49.81	49.13	50.5	54.97	54.97	54.97	56.1	56.1	56.1	56.1	56.1	56.1	56.1	50.49	51.83	51.19	51.19	51.19	51.19	49.48	49.48	50.1	44.59	51.37	51.52	52.67	47.02	47.02	45.57	49.26	50.03	41.81	54.08	50.6	51.01	50.79	50.79	50.15	51.51	51.51	49.81	49.81	49.81	50.59	50.8	47.37	47.37	47.98	51.21	50.02	49.65	51.1	50.62	54.66	54.46	52.98	52.11	51.45	51.45	51.45	50.74	50.74	51.44	53	50.9	44.35	44.35	44.35	51.3	52.18	44.58	46.12	54.2	50.09	54.03	51.9	51.06	51.06	51.06	40.88	43.03	40.71	48.58	45.68	46.32	46.2	46.5	47.51	44.54	47.49	48.76	49.52	46.8	48.58	50.21	41.89	41.89	44.1	48.53	49.04	47.84	47.27	47.75	51.15	53.32	49.55	48.65	50.42	53.5	49.54	46.91	50.74	46.52	51.89	49.93	44.28	49.56	50.04	49.96	44.35	43.52	45.01	45.62	50.65	52.12	49.35	48.6	48.6	52.41
zone5_00005	5	2026/04/28 18:47	5	0.1	49.28	43.04	43.04	43.04	43.04	43.06	43.06	43.06	43.06	51.08	51.08	53.64	53.64	51.75	51.03	51.03	50.21	48.71	47.39	50.65	49.96	49.96	49.96	49.96	49.08	49.21	49.21	49.21	50.28	50.01	50.24	56.64	53.68	53.68	53.68	53.68	50.39	50.17	50.08	48.22	47.13	46.82	46.95	48.11	47.57	44.44	44.68	44.68	48.3	43.05	34.12	34.12	34.12	45.3	45.3	45.3	45.3	45.3	45.3	45.3	45.3	45.3	43.01	43.78	47	52.57	49.81	49.13	50.5	54.97	54.97	54.97	56.1	56.1	56.1	56.1	56.1	56.1	56.1	50.49	51.83	51.19	51.19	51.19	51.19	49.48	49.48	50.1	44.59	51.37	51.52	52.67	47.02	47.02	45.57	47.06	47.06	47.06	47.06	49.42	51.01	50.79	50.79	50.15	51.51	51.51	49.81	49.81	49.81	50.59	50.8	47.37	47.37	47.98	51.21	50.02	49.65	51.1	50.62	54.66	54.46	52.98	52.11	51.45	51.45	51.45	50.74	50.74	51.44	53	50.9	44.35	44.35	44.35	51.3	52.18	44.58	46.12	54.2	50.09	54.03	51.9	51.06	51.06	51.06	52.03	48.89	51.6	51.63	49.11	46.32	46.2	46.5	47.51	44.54	47.49	48.76	49.52	46.8	48.58	50.21	41.89	41.89	44.1	48.53	49.04	47.84	47.27	47.75	51.15	53.32	49.55	48.65	50.42	53.5	49.54	46.91	50.74	46.52	51.89	49.93	44.28	49.56	50.04	49.96	44.35	43.52	45.01	45.62	50.65	52.12	49.35	48.6	48.6	52.41	47.63	49.17	51.83	49.91	48.4
zone5_00006	5	2026/04/28 18:47	5	0.1	43.06	43.06	43.06	43.06	51.08	51.08	53.64	53.64	51.75	51.03	51.03	50.21	48.71	47.39	50.65	49.96	49.96	49.96	49.96	49.08	49.21	49.21	49.21	50.28	50.01	50.24	56.64	53.68	53.68	53.68	53.68	50.39	50.17	50.08	48.22	47.13	46.82	46.95	48.11	47.57	44.44	44.68	44.68	48.3	43.05	50.14	52.55	52.55	50.48	48.21	45.3	45.3	45.3	45.3	45.3	45.3	45.3	43.01	43.78	47	52.57	49.81	49.13	50.5	54.97	54.97	54.97	56.1	56.1	56.1	56.1	56.1	56.1	56.1	50.49	51.83	51.19	51.19	51.19	51.19	49.48	49.48	50.1	44.59	51.37	51.52	52.67	47.02	47.02	45.57	47.06	47.06	47.06	47.06	49.42	51.76	51.92	51.89	50.42	51.41	51.51	49.81	49.81	49.81	50.59	50.8	47.37	47.37	47.98	51.21	50.02	49.65	51.1	50.62	54.66	54.46	52.98	52.11	51.45	51.45	51.45	50.74	50.74	51.44	53	50.9	44.35	44.35	44.35	51.3	52.18	44.58	46.12	54.2	50.09	54.03	51.9	51.06	51.06	51.06	52.03	48.89	51.6	51.63	49.11	53.42	52.02	54.34	51.62	51.83	47.49	48.76	49.52	46.8	48.58	50.21	41.89	41.89	44.1	48.53	49.04	47.84	47.27	47.75	51.15	53.32	49.55	48.65	50.42	53.5	49.54	46.91	50.74	46.52	51.89	49.93	44.28	49.56	50.04	49.96	44.35	43.52	45.01	45.62	50.65	52.12	49.35	48.6	48.6	52.41	47.63	49.17	51.83	49.91	48.4	51.95	52.19	51.11	49.14	50.04
zone5_00007	5	2026/04/28 18:47	5	0.1	51.08	53.64	53.64	51.75	51.03	51.03	50.21	48.71	47.39	50.65	49.96	49.96	49.96	49.96	49.08	49.21	49.21	49.21	50.28	50.01	50.24	56.64	53.68	53.68	53.68	53.68	50.39	50.17	50.08	48.22	47.13	46.82	46.95	48.11	47.57	44.44	44.68	44.68	48.3	43.05	50.14	52.55	52.55	50.48	48.21	51.9	51.36	49.92	50.25	54.48	45.3	45.3	43.01	43.78	47	52.57	49.81	49.13	50.5	54.97	54.97	54.97	56.1	56.1	56.1	56.1	56.1	56.1	56.1	50.49	51.83	51.19	51.19	51.19	51.19	49.48	49.48	50.1	44.59	51.37	51.52	52.67	47.02	47.02	45.57	47.06	47.06	47.06	47.06	49.42	51.76	51.92	51.89	50.42	51.41	57.66	55.4	52.94	54.86	53.91	50.8	47.37	47.37	47.98	51.21	50.02	49.65	51.1	50.62	54.66	54.46	52.98	52.11	51.45	51.45	51.45	50.74	50.74	51.44	53	50.9	44.35	44.35	44.35	51.3	52.18	44.58	46.12	54.2	50.09	54.03	51.9	51.06	51.06	51.06	52.03	48.89	51.6	51.63	49.11	53.42	52.02	54.34	51.62	51.83	55.8	53.38	55.17	53.85	54.64	50.21	41.89	41.89	44.1	48.53	49.04	47.84	47.27	47.75	51.15	53.32	49.55	48.65	50.42	53.5	49.54	46.91	50.74	46.52	51.89	49.93	44.28	49.56	50.04	49.96	44.35	43.52	45.01	45.62	50.65	52.12	49.35	48.6	48.6	52.41	47.63	49.17	51.83	49.91	48.4	51.95	52.19	51.11	49.14	50.04	55.43	52.31	53.98	54.3	53.51
zone5_00008	5	2026/04/28 18:47	5	0.1	51.03	50.21	48.71	47.39	50.65	49.96	49.96	49.96	49.96	49.08	49.21	49.21	49.21	50.28	50.01	50.24	56.64	53.68	53.68	53.68	53.68	50.39	50.17	50.08	48.22	47.13	46.82	46.95	48.11	47.57	44.44	44.68	44.68	48.3	43.05	50.14	52.55	52.55	50.48	48.21	51.9	51.36	49.92	50.25	54.48	49.15	51.17	51.41	51.41	48.87	52.57	49.81	49.13	50.5	54.97	54.97	54.97	56.1	56.1	56.1	56.1	56.1	56.1	56.1	50.49	51.83	51.19	51.19	51.19	51.19	49.48	49.48	50.1	44.59	51.37	51.52	52.67	47.02	47.02	45.57	47.06	47.06	47.06	47.06	49.42	51.76	51.92	51.89	50.42	51.41	57.66	55.4	52.94	54.86	53.91	51.86	56.23	55.93	54.75	53.26	50.02	49.65	51.1	50.62	54.66	54.46	52.98	52.11	51.45	51.45	51.45	50.74	50.74	51.44	53	50.9	44.35	44.35	44.35	51.3	52.18	44.58	46.12	54.2	50.09	54.03	51.9	51.06	51.06	51.06	52.03	48.89	51.6	51.63	49.11	53.42	52.02	54.34	51.62	51.83	55.8	53.38	55.17	53.85	54.64	52.73	53.57	53.57	51.36	51.88	49.04	47.84	47.27	47.75	51.15	53.32	49.55	48.65	50.42	53.5	49.54	46.91	50.74	46.52	51.89	49.93	44.28	49.56	50.04	49.96	44.35	43.52	45.01	45.62	50.65	52.12	49.35	48.6	48.6	52.41	47.63	49.17	51.83	49.91	48.4	51.95	52.19	51.11	49.14	50.04	55.43	52.31	53.98	54.3	53.51	51.46	48.9	50.07	50.53	52.39
zone5_00009	5	2026/04/28 18:47	5	0.1	49.96	49.96	49.96	49.96	49.08	49.21	49.21	49.21	50.28	50.01	50.24	56.64	53.68	53.68	53.68	53.68	50.39	50.17	50.08	48.22	47.13	46.82	46.95	48.11	47.57	44.44	44.68	44.68	48.3	43.05	50.14	52.55	52.55	50.48	48.21	51.9	51.36	49.92	50.25	54.48	49.15	51.17	51.41	51.41	48.87	49.12	48.39	50.85	46.17	45.68	54.97	54.97	56.1	56.1	56.1	56.1	56.1	56.1	56.1	50.49	51.83	51.19	51.19	51.19	51.19	49.48	49.48	50.1	44.59	51.37	51.52	52.67	47.02	47.02	45.57	47.06	47.06	47.06	47.06	49.42	51.76	51.92	51.89	50.42	51.41	57.66	55.4	52.94	54.86	53.91	51.86	56.23	55.93	54.75	53.26	55.22	51.11	47.59	47.81	46.05	54.46	52.98	52.11	51.45	51.45	51.45	50.74	50.74	51.44	53	50.9	44.35	44.35	44.35	51.3	52.18	44.58	46.12	54.2	50.09	54.03	51.9	51.06	51.06	51.06	52.03	48.89	51.6	51.63	49.11	53.42	52.02	54.34	51.62	51.83	55.8	53.38	55.17	53.85	54.64	52.73	53.57	53.57	51.36	51.88	54.23	50.39	47.54	48.57	46.2	53.32	49.55	48.65	50.42	53.5	49.54	46.91	50.74	46.52	51.89	49.93	44.28	49.56	50.04	49.96	44.35	43.52	45.01	45.62	50.65	52.12	49.35	48.6	48.6	52.41	47.63	49.17	51.83	49.91	48.4	51.95	52.19	51.11	49.14	50.04	55.43	52.31	53.98	54.3	53.51	51.46	48.9	50.07	50.53	52.39	54.8	51.5	44.97	46.96	42.66
zone5_00010	5	2026/04/28 18:47	5	0.1	49.21	49.21	49.21	50.28	50.01	50.24	56.64	53.68	53.68	53.68	53.68	50.39	50.17	50.08	48.22	47.13	46.82	46.95	48.11	47.57	44.44	44.68	44.68	48.3	43.05	50.14	52.55	52.55	50.48	48.21	51.9	51.36	49.92	50.25	54.48	49.15	51.17	51.41	51.41	48.87	49.12	48.39	50.85	46.17	45.68	44.84	44.84	45.53	47.28	49.18	56.1	56.1	56.1	56.1	50.49	51.83	51.19	51.19	51.19	51.19	49.48	49.48	50.1	44.59	51.37	51.52	52.67	47.02	47.02	45.57	47.06	47.06	47.06	47.06	49.42	51.76	51.92	51.89	50.42	51.41	57.66	55.4	52.94	54.86	53.91	51.86	56.23	55.93	54.75	53.26	55.22	51.11	47.59	47.81	46.05	46.71	51.25	46.79	41.51	55.43	51.45	50.74	50.74	51.44	53	50.9	44.35	44.35	44.35	51.3	52.18	44.58	46.12	54.2	50.09	54.03	51.9	51.06	51.06	51.06	52.03	48.89	51.6	51.63	49.11	53.42	52.02	54.34	51.62	51.83	55.8	53.38	55.17	53.85	54.64	52.73	53.57	53.57	51.36	51.88	54.23	50.39	47.54	48.57	46.2	49.14	49.77	48.39	54.92	47.83	49.54	46.91	50.74	46.52	51.89	49.93	44.28	49.56	50.04	49.96	44.35	43.52	45.01	45.62	50.65	52.12	49.35	48.6	48.6	52.41	47.63	49.17	51.83	49.91	48.4	51.95	52.19	51.11	49.14	50.04	55.43	52.31	53.98	54.3	53.51	51.46	48.9	50.07	50.53	52.39	54.8	51.5	44.97	46.96	42.66	42.66	48.75	43.99	52.32	46.98
zone5_00011	5	2026/04/28 18:47	5	0.1	50.24	56.64	53.68	53.68	53.68	53.68	50.39	50.17	50.08	48.22	47.13	46.82	46.95	48.11	47.57	44.44	44.68	44.68	48.3	43.05	50.14	52.55	52.55	50.48	48.21	51.9	51.36	49.92	50.25	54.48	49.15	51.17	51.41	51.41	48.87	49.12	48.39	50.85	46.17	45.68	44.84	44.84	45.53	47.28	49.18	47.93	47.93	46.8	45.91	43.79	51.83	51.19	51.19	51.19	51.19	49.48	49.48	50.1	44.59	51.37	51.52	52.67	47.02	47.02	45.57	47.06	47.06	47.06	47.06	49.42	51.76	51.92	51.89	50.42	51.41	57.66	55.4	52.94	54.86	53.91	51.86	56.23	55.93	54.75	53.26	55.22	51.11	47.59	47.81	46.05	46.71	51.25	46.79	41.51	55.43	55.43	55.43	55.43	55.43	44.99	50.9	44.35	44.35	44.35	51.3	52.18	44.58	46.12	54.2	50.09	54.03	51.9	51.06	51.06	51.06	52.03	48.89	51.6	51.63	49.11	53.42	52.02	54.34	51.62	51.83	55.8	53.38	55.17	53.85	54.64	52.73	53.57	53.57	51.36	51.88	54.23	50.39	47.54	48.57	46.2	49.14	49.77	48.39	54.92	47.83	48.04	52.5	49.9	48.69	46.68	49.93	44.28	49.56	50.04	49.96	44.35	43.52	45.01	45.62	50.65	52.12	49.35	48.6	48.6	52.41	47.63	49.17	51.83	49.91	48.4	51.95	52.19	51.11	49.14	50.04	55.43	52.31	53.98	54.3	53.51	51.46	48.9	50.07	50.53	52.39	54.8	51.5	44.97	46.96	42.66	42.66	48.75	43.99	52.32	46.98	45.19	53.21	50.73	46.62	49.12
zone5_00012	5	2026/04/28 18:47	5	0.1	53.68	50.39	50.17	50.08	48.22	47.13	46.82	46.95	48.11	47.57	44.44	44.68	44.68	48.3	43.05	50.14	52.55	52.55	50.48	48.21	51.9	51.36	49.92	50.25	54.48	49.15	51.17	51.41	51.41	48.87	49.12	48.39	50.85	46.17	45.68	44.84	44.84	45.53	47.28	49.18	47.93	47.93	46.8	45.91	43.79	45.8	45.8	45.8	58.4	58.4	49.48	49.48	50.1	44.59	51.37	51.52	52.67	47.02	47.02	45.57	47.06	47.06	47.06	47.06	49.42	51.76	51.92	51.89	50.42	51.41	57.66	55.4	52.94	54.86	53.91	51.86	56.23	55.93	54.75	53.26	55.22	51.11	47.59	47.81	46.05	46.71	51.25	46.79	41.51	55.43	55.43	55.43	55.43	55.43	44.99	54.07	49.24	46.21	46.21	46.21	52.18	44.58	46.12	54.2	50.09	54.03	51.9	51.06	51.06	51.06	52.03	48.89	51.6	51.63	49.11	53.42	52.02	54.34	51.62	51.83	55.8	53.38	55.17	53.85	54.64	52.73	53.57	53.57	51.36	51.88	54.23	50.39	47.54	48.57	46.2	49.14	49.77	48.39	54.92	47.83	48.04	52.5	49.9	48.69	46.68	50.17	55.19	46.5	56.69	56.45	44.35	43.52	45.01	45.62	50.65	52.12	49.35	48.6	48.6	52.41	47.63	49.17	51.83	49.91	48.4	51.95	52.19	51.11	49.14	50.04	55.43	52.31	53.98	54.3	53.51	51.46	48.9	50.07	50.53	52.39	54.8	51.5	44.97	46.96	42.66	42.66	48.75	43.99	52.32	46.98	45.19	53.21	50.73	46.62	49.12	53.11	54.58	50.53	54.75	51.82
zone5_00013	5	2026/04/28 18:47	5	0.1	47.13	46.82	46.95	48.11	47.57	44.44	44.68	44.68	48.3	43.05	50.14	52.55	52.55	50.48	48.21	51.9	51.36	49.92	50.25	54.48	49.15	51.17	51.41	51.41	48.87	49.12	48.39	50.85	46.17	45.68	44.84	44.84	45.53	47.28	49.18	47.93	47.93	46.8	45.91	43.79	45.8	45.8	45.8	58.4	58.4	52.21	49.42	49.42	49.42	49.69	51.52	52.67	47.02	47.02	45.57	47.06	47.06	47.06	47.06	49.42	51.76	51.92	51.89	50.42	51.41	57.66	55.4	52.94	54.86	53.91	51.86	56.23	55.93	54.75	53.26	55.22	51.11	47.59	47.81	46.05	46.71	51.25	46.79	41.51	55.43	55.43	55.43	55.43	55.43	44.99	54.07	49.24	46.21	46.21	46.21	52.32	54.19	56.19	49.04	53.33	54.03	51.9	51.06	51.06	51.06	52.03	48.89	51.6	51.63	49.11	53.42	52.02	54.34	51.62	51.83	55.8	53.38	55.17	53.85	54.64	52.73	53.57	53.57	51.36	51.88	54.23	50.39	47.54	48.57	46.2	49.14	49.77	48.39	54.92	47.83	48.04	52.5	49.9	48.69	46.68	50.17	55.19	46.5	56.69	56.45	55.23	58.05	56.65	48.77	52.95	52.12	49.35	48.6	48.6	52.41	47.63	49.17	51.83	49.91	48.4	51.95	52.19	51.11	49.14	50.04	55.43	52.31	53.98	54.3	53.51	51.46	48.9	50.07	50.53	52.39	54.8	51.5	44.97	46.96	42.66	42.66	48.75	43.99	52.32	46.98	45.19	53.21	50.73	46.62	49.12	53.11	54.58	50.53	54.75	51.82	55.25	55.5	55.5	53.94	52.77
zone5_00014	5	2026/04/28 18:47	5	0.1	44.44	44.68	44.68	48.3	43.05	50.14	52.55	52.55	50.48	48.21	51.9	51.36	49.92	50.25	54.48	49.15	51.17	51.41	51.41	48.87	49.12	48.39	50.85	46.17	45.68	44.84	44.84	45.53	47.28	49.18	47.93	47.93	46.8	45.91	43.79	45.8	45.8	45.8	58.4	58.4	52.21	49.42	49.42	49.42	49.69	49.41	53.82	47.75	47.75	47.75	47.06	47.06	47.06	47.06	49.42	51.76	51.92	51.89	50.42	51.41	57.66	55.4	52.94	54.86	53.91	51.86	56.23	55.93	54.75	53.26	55.22	51.11	47.59	47.81	46.05	46.71	51.25	46.79	41.51	55.43	55.43	55.43	55.43	55.43	44.99	54.07	49.24	46.21	46.21	46.21	52.32	54.19	56.19	49.04	53.33	55.49	56.75	53.53	50.84	48.8	52.03	48.89	51.6	51.63	49.11	53.42	52.02	54.34	51.62	51.83	55.8	53.38	55.17	53.85	54.64	52.73	53.57	53.57	51.36	51.88	54.23	50.39	47.54	48.57	46.2	49.14	49.77	48.39	54.92	47.83	48.04	52.5	49.9	48.69	46.68	50.17	55.19	46.5	56.69	56.45	55.23	58.05	56.65	48.77	52.95	52.77	54.87	53.76	51.62	51.62	47.63	49.17	51.83	49.91	48.4	51.95	52.19	51.11	49.14	50.04	55.43	52.31	53.98	54.3	53.51	51.46	48.9	50.07	50.53	52.39	54.8	51.5	44.97	46.96	42.66	42.66	48.75	43.99	52.32	46.98	45.19	53.21	50.73	46.62	49.12	53.11	54.58	50.53	54.75	51.82	55.25	55.5	55.5	53.94	52.77	53.95	53.63	52.65	53.42	53.42
zone5_00015	5	2026/04/28 18:47	5	0.1	50.14	52.55	52.55	50.48	48.21	51.9	51.36	49.92	50.25	54.48	49.15	51.17	51.41	51.41	48.87	49.12	48.39	50.85	46.17	45.68	44.84	44.84	45.53	47.28	49.18	47.93	47.93	46.8	45.91	43.79	45.8	45.8	45.8	58.4	58.4	52.21	49.42	49.42	49.42	49.69	49.41	53.82	47.75	47.75	47.75	49.81	54.02	54.02	47.1	50.95	51.76	51.92	51.89	50.42	51.41	57.66	55.4	52.94	54.86	53.91	51.86	56.23	55.93	54.75	53.26	55.22	51.11	47.59	47.81	46.05	46.71	51.25	46.79	41.51	55.43	55.43	55.43	55.43	55.43	44.99	54.07	49.24	46.21	46.21	46.21	52.32	54.19	56.19	49.04	53.33	55.49	56.75	53.53	50.84	48.8	54.56	52.48	52.48	52.48	52.48	53.42	52.02	54.34	51.62	51.83	55.8	53.38	55.17	53.85	54.64	52.73	53.57	53.57	51.36	51.88	54.23	50.39	47.54	48.57	46.2	49.14	49.77	48.39	54.92	47.83	48.04	52.5	49.9	48.69	46.68	50.17	55.19	46.5	56.69	56.45	55.23	58.05	56.65	48.77	52.95	52.77	54.87	53.76	51.62	51.62	51.82	54.23	55.01	52.83	54.04	51.95	52.19	51.11	49.14	50.04	55.43	52.31	53.98	54.3	53.51	51.46	48.9	50.07	50.53	52.39	54.8	51.5	44.97	46.96	42.66	42.66	48.75	43.99	52.32	46.98	45.19	53.21	50.73	46.62	49.12	53.11	54.58	50.53	54.75	51.82	55.25	55.5	55.5	53.94	52.77	53.95	53.63	52.65	53.42	53.42	45.74	54.89	54.66	53.7	51.8
zone5_00016	5	2026/04/28 18:47	5	0.1	51.9	51.36	49.92	50.25	54.48	49.15	51.17	51.41	51.41	48.87	49.12	48.39	50.85	46.17	45.68	44.84	44.84	45.53	47.28	49.18	47.93	47.93	46.8	45.91	43.79	45.8	45.8	45.8	58.4	58.4	52.21	49.42	49.42	49.42	49.69	49.41	53.82	47.75	47.75	47.75	49.81	54.02	54.02	47.1	50.95	56.6	54.45	53.06	49.97	51.28	57.66	55.4	52.94	54.86	53.91	51.86	56.23	55.93	54.75	53.26	55.22	51.11	47.59	47.81	46.05	46.71	51.25	46.79	41.51	55.43	55.43	55.43	55.43	55.43	44.99	54.07	49.24	46.21	46.21	46.21	52.32	54.19	56.19	49.04	53.33	55.49	56.75	53.53	50.84	48.8	54.56	52.48	52.48	52.48	52.48	52.48	52.48	52.48	54.76	50.76	55.8	53.38	55.17	53.85	54.64	52.73	53.57	53.57	51.36	51.88	54.23	50.39	47.54	48.57	46.2	49.14	49.77	48.39	54.92	47.83	48.04	52.5	49.9	48.69	46.68	50.17	55.19	46.5	56.69	56.45	55.23	58.05	56.65	48.77	52.95	52.77	54.87	53.76	51.62	51.62	51.82	54.23	55.01	52.83	54.04	53.29	55.26	53.73	54.2	52.41	55.43	52.31	53.98	54.3	53.51	51.46	48.9	50.07	50.53	52.39	54.8	51.5	44.97	46.96	42.66	42.66	48.75	43.99	52.32	46.98	45.19	53.21	50.73	46.62	49.12	53.11	54.58	50.53	54.75	51.82	55.25	55.5	55.5	53.94	52.77	53.95	53.63	52.65	53.42	53.42	45.74	54.89	54.66	53.7	51.8	52.52	56.09	55.71	51.36	52.85
zone5_00017	5	2026/04/28 18:47	5	0.1	49.15	51.17	51.41	51.41	48.87	49.12	48.39	50.85	46.17	45.68	44.84	44.84	45.53	47.28	49.18	47.93	47.93	46.8	45.91	43.79	45.8	45.8	45.8	58.4	58.4	52.21	49.42	49.42	49.42	49.69	49.41	53.82	47.75	47.75	47.75	49.81	54.02	54.02	47.1	50.95	56.6	54.45	53.06	49.97	51.28	51.96	48.65	47.01	47.01	52.1	51.86	56.23	55.93	54.75	53.26	55.22	51.11	47.59	47.81	46.05	46.71	51.25	46.79	41.51	55.43	55.43	55.43	55.43	55.43	44.99	54.07	49.24	46.21	46.21	46.21	52.32	54.19	56.19	49.04	53.33	55.49	56.75	53.53	50.84	48.8	54.56	52.48	52.48	52.48	52.48	52.48	52.48	52.48	54.76	50.76	54.02	52.48	49.5	53.11	47.51	52.73	53.57	53.57	51.36	51.88	54.23	50.39	47.54	48.57	46.2	49.14	49.77	48.39	54.92	47.83	48.04	52.5	49.9	48.69	46.68	50.17	55.19	46.5	56.69	56.45	55.23	58.05	56.65	48.77	52.95	52.77	54.87	53.76	51.62	51.62	51.82	54.23	55.01	52.83	54.04	53.29	55.26	53.73	54.2	52.41	52.82	52.32	55.98	50.91	51.68	51.46	48.9	50.07	50.53	52.39	54.8	51.5	44.97	46.96	42.66	42.66	48.75	43.99	52.32	46.98	45.19	53.21	50.73	46.62	49.12	53.11	54.58	50.53	54.75	51.82	55.25	55.5	55.5	53.94	52.77	53.95	53.63	52.65	53.42	53.42	45.74	54.89	54.66	53.7	51.8	52.52	56.09	55.71	51.36	52.85	53.01	50.07	52.1	46.46	46.38
zone5_00018	5	2026/04/28 18:47	5	0.1	49.12	48.39	50.85	46.17	45.68	44.84	44.84	45.53	47.28	49.18	47.93	47.93	46.8	45.91	43.79	45.8	45.8	45.8	58.4	58.4	52.21	49.42	49.42	49.42	49.69	49.41	53.82	47.75	47.75	47.75	49.81	54.02	54.02	47.1	50.95	56.6	54.45	53.06	49.97	51.28	51.96	48.65	47.01	47.01	52.1	50.21	49.05	49.05	49.05	49.05	55.22	51.11	47.59	47.81	46.05	46.71	51.25	46.79	41.51	55.43	55.43	55.43	55.43	55.43	44.99	54.07	49.24	46.21	46.21	46.21	52.32	54.19	56.19	49.04	53.33	55.49	56.75	53.53	50.84	48.8	54.56	52.48	52.48	52.48	52.48	52.48	52.48	52.48	54.76	50.76	54.02	52.48	49.5	53.11	47.51	47.51	47.51	47.51	47.51	47.51	54.23	50.39	47.54	48.57	46.2	49.14	49.77	48.39	54.92	47.83	48.04	52.5	49.9	48.69	46.68	50.17	55.19	46.5	56.69	56.45	55.23	58.05	56.65	48.77	52.95	52.77	54.87	53.76	51.62	51.62	51.82	54.23	55.01	52.83	54.04	53.29	55.26	53.73	54.2	52.41	52.82	52.32	55.98	50.91	51.68	47.27	45.51	46.26	46.26	46.26	54.8	51.5	44.97	46.96	42.66	42.66	48.75	43.99	52.32	46.98	45.19	53.21	50.73	46.62	49.12	53.11	54.58	50.53	54.75	51.82	55.25	55.5	55.5	53.94	52.77	53.95	53.63	52.65	53.42	53.42	45.74	54.89	54.66	53.7	51.8	52.52	56.09	55.71	51.36	52.85	53.01	50.07	52.1	46.46	46.38	44.06	46	47.74	45.11	47.9
zone5_00019	5	2026/04/28 18:47	5	0.1	44.84	44.84	45.53	47.28	49.18	47.93	47.93	46.8	45.91	43.79	45.8	45.8	45.8	58.4	58.4	52.21	49.42	49.42	49.42	49.69	49.41	53.82	47.75	47.75	47.75	49.81	54.02	54.02	47.1	50.95	56.6	54.45	53.06	49.97	51.28	51.96	48.65	47.01	47.01	52.1	50.21	49.05	49.05	49.05	49.05	49.05	49.05	49.05	50.74	50.74	46.71	51.25	46.79	41.51	55.43	55.43	55.43	55.43	55.43	44.99	54.07	49.24	46.21	46.21	46.21	52.32	54.19	56.19	49.04	53.33	55.49	56.75	53.53	50.84	48.8	54.56	52.48	52.48	52.48	52.48	52.48	52.48	52.48	54.76	50.76	54.02	52.48	49.5	53.11	47.51	47.51	47.51	47.51	47.51	47.51	47.51	47.51	49.56	49.56	49.56	49.14	49.77	48.39	54.92	47.83	48.04	52.5	49.9	48.69	46.68	50.17	55.19	46.5	56.69	56.45	55.23	58.05	56.65	48.77	52.95	52.77	54.87	53.76	51.62	51.62	51.82	54.23	55.01	52.83	54.04	53.29	55.26	53.73	54.2	52.41	52.82	52.32	55.98	50.91	51.68	47.27	45.51	46.26	46.26	46.26	46.26	46.26	47.88	47.9	46.92	42.66	48.75	43.99	52.32	46.98	45.19	53.21	50.73	46.62	49.12	53.11	54.58	50.53	54.75	51.82	55.25	55.5	55.5	53.94	52.77	53.95	53.63	52.65	53.42	53.42	45.74	54.89	54.66	53.7	51.8	52.52	56.09	55.71	51.36	52.85	53.01	50.07	52.1	46.46	46.38	44.06	46	47.74	45.11	47.9	49.17	45.41	54.39	50.54	46.43
zone5_00020	5	2026/04/28 18:47	5	0.1	47.93	47.93	46.8	45.91	43.79	45.8	45.8	45.8	58.4	58.4	52.21	49.42	49.42	49.42	49.69	49.41	53.82	47.75	47.75	47.75	49.81	54.02	54.02	47.1	50.95	56.6	54.45	53.06	49.97	51.28	51.96	48.65	47.01	47.01	52.1	50.21	49.05	49.05	49.05	49.05	49.05	49.05	49.05	50.74	50.74	50.74	50.74	50.74	50.74	50.74	55.43	55.43	55.43	55.43	44.99	54.07	49.24	46.21	46.21	46.21	52.32	54.19	56.19	49.04	53.33	55.49	56.75	53.53	50.84	48.8	54.56	52.48	52.48	52.48	52.48	52.48	52.48	52.48	54.76	50.76	54.02	52.48	49.5	53.11	47.51	47.51	47.51	47.51	47.51	47.51	47.51	47.51	49.56	49.56	49.56	49.56	46.38	48.66	48.66	48.66	48.04	52.5	49.9	48.69	46.68	50.17	55.19	46.5	56.69	56.45	55.23	58.05	56.65	48.77	52.95	52.77	54.87	53.76	51.62	51.62	51.82	54.23	55.01	52.83	54.04	53.29	55.26	53.73	54.2	52.41	52.82	52.32	55.98	50.91	51.68	47.27	45.51	46.26	46.26	46.26	46.26	46.26	47.88	47.9	46.92	48.77	48.77	49.7	49.02	49.02	45.19	53.21	50.73	46.62	49.12	53.11	54.58	50.53	54.75	51.82	55.25	55.5	55.5	53.94	52.77	53.95	53.63	52.65	53.42	53.42	45.74	54.89	54.66	53.7	51.8	52.52	56.09	55.71	51.36	52.85	53.01	50.07	52.1	46.46	46.38	44.06	46	47.74	45.11	47.9	49.17	45.41	54.39	50.54	46.43	42.66	44.76	50.66	50.66	47.12
zone5_00021	5	2026/04/28 18:47	5	0.1	45.8	45.8	45.8	58.4	58.4	52.21	49.42	49.42	49.42	49.69	49.41	53.82	47.75	47.75	47.75	49.81	54.02	54.02	47.1	50.95	56.6	54.45	53.06	49.97	51.28	51.96	48.65	47.01	47.01	52.1	50.21	49.05	49.05	49.05	49.05	49.05	49.05	49.05	50.74	50.74	50.74	50.74	50.74	50.74	50.74	50.74	50.74	50.74	50.74	50.74	54.07	49.24	46.21	46.21	46.21	52.32	54.19	56.19	49.04	53.33	55.49	56.75	53.53	50.84	48.8	54.56	52.48	52.48	52.48	52.48	52.48	52.48	52.48	54.76	50.76	54.02	52.48	49.5	53.11	47.51	47.51	47.51	47.51	47.51	47.51	47.51	47.51	49.56	49.56	49.56	49.56	46.38	48.66	48.66	48.66	45.36	45.36	45.36	45.36	45.36	50.17	55.19	46.5	56.69	56.45	55.23	58.05	56.65	48.77	52.95	52.77	54.87	53.76	51.62	51.62	51.82	54.23	55.01	52.83	54.04	53.29	55.26	53.73	54.2	52.41	52.82	52.32	55.98	50.91	51.68	47.27	45.51	46.26	46.26	46.26	46.26	46.26	47.88	47.9	46.92	48.77	48.77	49.7	49.02	49.02	49.02	48.55	48.55	54.54	52.12	53.11	54.58	50.53	54.75	51.82	55.25	55.5	55.5	53.94	52.77	53.95	53.63	52.65	53.42	53.42	45.74	54.89	54.66	53.7	51.8	52.52	56.09	55.71	51.36	52.85	53.01	50.07	52.1	46.46	46.38	44.06	46	47.74	45.11	47.9	49.17	45.41	54.39	50.54	46.43	42.66	44.76	50.66	50.66	47.12	46.17	45.77	45.77	52.72	46.34
zone5_00022	5	2026/04/28 18:47	5	0.1	52.21	49.42	49.42	49.42	49.69	49.41	53.82	47.75	47.75	47.75	49.81	54.02	54.02	47.1	50.95	56.6	54.45	53.06	49.97	51.28	51.96	48.65	47.01	47.01	52.1	50.21	49.05	49.05	49.05	49.05	49.05	49.05	49.05	50.74	50.74	50.74	50.74	50.74	50.74	50.74	50.74	50.74	50.74	50.74	50.74	50.74	46.28	46.28	47.73	47.73	52.32	54.19	56.19	49.04	53.33	55.49	56.75	53.53	50.84	48.8	54.56	52.48	52.48	52.48	52.48	52.48	52.48	52.48	54.76	50.76	54.02	52.48	49.5	53.11	47.51	47.51	47.51	47.51	47.51	47.51	47.51	47.51	49.56	49.56	49.56	49.56	46.38	48.66	48.66	48.66	45.36	45.36	45.36	45.36	45.36	45.36	45.36	50.92	50.92	44.26	55.23	58.05	56.65	48.77	52.95	52.77	54.87	53.76	51.62	51.62	51.82	54.23	55.01	52.83	54.04	53.29	55.26	53.73	54.2	52.41	52.82	52.32	55.98	50.91	51.68	47.27	45.51	46.26	46.26	46.26	46.26	46.26	47.88	47.9	46.92	48.77	48.77	49.7	49.02	49.02	49.02	48.55	48.55	54.54	52.12	48.03	44.85	45.48	44.44	50.89	55.25	55.5	55.5	53.94	52.77	53.95	53.63	52.65	53.42	53.42	45.74	54.89	54.66	53.7	51.8	52.52	56.09	55.71	51.36	52.85	53.01	50.07	52.1	46.46	46.38	44.06	46	47.74	45.11	47.9	49.17	45.41	54.39	50.54	46.43	42.66	44.76	50.66	50.66	47.12	46.17	45.77	45.77	52.72	46.34	47.09	46.89	46.14	50.66	47.99
zone5_00023	5	2026/04/28 18:47	5	0.1	49.41	53.82	47.75	47.75	47.75	49.81	54.02	54.02	47.1	50.95	56.6	54.45	53.06	49.97	51.28	51.96	48.65	47.01	47.01	52.1	50.21	49.05	49.05	49.05	49.05	49.05	49.05	49.05	50.74	50.74	50.74	50.74	50.74	50.74	50.74	50.74	50.74	50.74	50.74	50.74	50.74	46.28	46.28	47.73	47.73	46.96	47.3	47.3	47.3	41.8	55.49	56.75	53.53	50.84	48.8	54.56	52.48	52.48	52.48	52.48	52.48	52.48	52.48	54.76	50.76	54.02	52.48	49.5	53.11	47.51	47.51	47.51	47.51	47.51	47.51	47.51	47.51	49.56	49.56	49.56	49.56	46.38	48.66	48.66	48.66	45.36	45.36	45.36	45.36	45.36	45.36	45.36	50.92	50.92	44.26	50.45	52.7	47.73	46.9	44.68	52.77	54.87	53.76	51.62	51.62	51.82	54.23	55.01	52.83	54.04	53.29	55.26	53.73	54.2	52.41	52.82	52.32	55.98	50.91	51.68	47.27	45.51	46.26	46.26	46.26	46.26	46.26	47.88	47.9	46.92	48.77	48.77	49.7	49.02	49.02	49.02	48.55	48.55	54.54	52.12	48.03	44.85	45.48	44.44	50.89	44.65	51.15	49.78	49.78	52.23	53.95	53.63	52.65	53.42	53.42	45.74	54.89	54.66	53.7	51.8	52.52	56.09	55.71	51.36	52.85	53.01	50.07	52.1	46.46	46.38	44.06	46	47.74	45.11	47.9	49.17	45.41	54.39	50.54	46.43	42.66	44.76	50.66	50.66	47.12	46.17	45.77	45.77	52.72	46.34	47.09	46.89	46.14	50.66	47.99	46.92	49.17	44.77	53.87	51.87
zone5_00024	5	2026/04/28 18:47	5	0.1	49.81	54.02	54.02	47.1	50.95	56.6	54.45	53.06	49.97	51.28	51.96	48.65	47.01	47.01	52.1	50.21	49.05	49.05	49.05	49.05	49.05	49.05	49.05	50.74	50.74	50.74	50.74	50.74	50.74	50.74	50.74	50.74	50.74	50.74	50.74	50.74	46.28	46.28	47.73	47.73	46.96	47.3	47.3	47.3	41.8	44.66	44.06	44.06	44.06	44.06	54.56	52.48	52.48	52.48	52.48	52.48	52.48	52.48	54.76	50.76	54.02	52.48	49.5	53.11	47.51	47.51	47.51	47.51	47.51	47.51	47.51	47.51	49.56	49.56	49.56	49.56	46.38	48.66	48.66	48.66	45.36	45.36	45.36	45.36	45.36	45.36	45.36	50.92	50.92	44.26	50.45	52.7	47.73	46.9	44.68	52.92	51.67	50.54	51.02	51.61	51.82	54.23	55.01	52.83	54.04	53.29	55.26	53.73	54.2	52.41	52.82	52.32	55.98	50.91	51.68	47.27	45.51	46.26	46.26	46.26	46.26	46.26	47.88	47.9	46.92	48.77	48.77	49.7	49.02	49.02	49.02	48.55	48.55	54.54	52.12	48.03	44.85	45.48	44.44	50.89	44.65	51.15	49.78	49.78	52.23	51.01	51.1	49.67	49.67	49.67	45.74	54.89	54.66	53.7	51.8	52.52	56.09	55.71	51.36	52.85	53.01	50.07	52.1	46.46	46.38	44.06	46	47.74	45.11	47.9	49.17	45.41	54.39	50.54	46.43	42.66	44.76	50.66	50.66	47.12	46.17	45.77	45.77	52.72	46.34	47.09	46.89	46.14	50.66	47.99	46.92	49.17	44.77	53.87	51.87	52.92	51.51	50.12	50.12	50.9
zone5_00025	5	2026/04/28 18:47	5	0.1	56.6	54.45	53.06	49.97	51.28	51.96	48.65	47.01	47.01	52.1	50.21	49.05	49.05	49.05	49.05	49.05	49.05	49.05	50.74	50.74	50.74	50.74	50.74	50.74	50.74	50.74	50.74	50.74	50.74	50.74	50.74	46.28	46.28	47.73	47.73	46.96	47.3	47.3	47.3	41.8	44.66	44.06	44.06	44.06	44.06	44.06	45.44	45.44	45.44	45.44	52.48	52.48	52.48	54.76	50.76	54.02	52.48	49.5	53.11	47.51	47.51	47.51	47.51	47.51	47.51	47.51	47.51	49.56	49.56	49.56	49.56	46.38	48.66	48.66	48.66	45.36	45.36	45.36	45.36	45.36	45.36	45.36	50.92	50.92	44.26	50.45	52.7	47.73	46.9	44.68	52.92	51.67	50.54	51.02	51.61	52.21	51.36	50.92	51.48	51.48	53.29	55.26	53.73	54.2	52.41	52.82	52.32	55.98	50.91	51.68	47.27	45.51	46.26	46.26	46.26	46.26	46.26	47.88	47.9	46.92	48.77	48.77	49.7	49.02	49.02	49.02	48.55	48.55	54.54	52.12	48.03	44.85	45.48	44.44	50.89	44.65	51.15	49.78	49.78	52.23	51.01	51.1	49.67	49.67	49.67	48.84	50.91	52	50.93	49.22	52.52	56.09	55.71	51.36	52.85	53.01	50.07	52.1	46.46	46.38	44.06	46	47.74	45.11	47.9	49.17	45.41	54.39	50.54	46.43	42.66	44.76	50.66	50.66	47.12	46.17	45.77	45.77	52.72	46.34	47.09	46.89	46.14	50.66	47.99	46.92	49.17	44.77	53.87	51.87	52.92	51.51	50.12	50.12	50.9	48.36	50.77	51.47	54.85	50.14
zone5_00026	5	2026/04/28 18:47	5	0.1	51.96	48.65	47.01	47.01	52.1	50.21	49.05	49.05	49.05	49.05	49.05	49.05	49.05	50.74	50.74	50.74	50.74	50.74	50.74	50.74	50.74	50.74	50.74	50.74	50.74	50.74	46.28	46.28	47.73	47.73	46.96	47.3	47.3	47.3	41.8	44.66	44.06	44.06	44.06	44.06	44.06	45.44	45.44	45.44	45.44	45.44	45.44	45.44	47.3	46.39	54.02	52.48	49.5	53.11	47.51	47.51	47.51	47.51	47.51	47.51	47.51	47.51	49.56	49.56	49.56	49.56	46.38	48.66	48.66	48.66	45.36	45.36	45.36	45.36	45.36	45.36	45.36	50.92	50.92	44.26	50.45	52.7	47.73	46.9	44.68	52.92	51.67	50.54	51.02	51.61	52.21	51.36	50.92	51.48	51.48	49.8	50.09	50.09	48.76	50.2	52.82	52.32	55.98	50.91	51.68	47.27	45.51	46.26	46.26	46.26	46.26	46.26	47.88	47.9	46.92	48.77	48.77	49.7	49.02	49.02	49.02	48.55	48.55	54.54	52.12	48.03	44.85	45.48	44.44	50.89	44.65	51.15	49.78	49.78	52.23	51.01	51.1	49.67	49.67	49.67	48.84	50.91	52	50.93	49.22	50.71	49.54	49.54	50.72	55.82	53.01	50.07	52.1	46.46	46.38	44.06	46	47.74	45.11	47.9	49.17	45.41	54.39	50.54	46.43	42.66	44.76	50.66	50.66	47.12	46.17	45.77	45.77	52.72	46.34	47.09	46.89	46.14	50.66	47.99	46.92	49.17	44.77	53.87	51.87	52.92	51.51	50.12	50.12	50.9	48.36	50.77	51.47	54.85	50.14	46.91	48.74	46.63	48.92	43.6
zone5_00027	5	2026/04/28 18:47	5	0.1	50.21	49.05	49.05	49.05	49.05	49.05	49.05	49.05	50.74	50.74	50.74	50.74	50.74	50.74	50.74	50.74	50.74	50.74	50.74	50.74	50.74	46.28	46.28	47.73	47.73	46.96	47.3	47.3	47.3	41.8	44.66	44.06	44.06	44.06	44.06	44.06	45.44	45.44	45.44	45.44	45.44	45.44	45.44	47.3	46.39	44.86	48.15	48.15	48.15	46.32	47.51	47.51	47.51	47.51	47.51	47.51	47.51	49.56	49.56	49.56	49.56	46.38	48.66	48.66	48.66	45.36	45.36	45.36	45.36	45.36	45.36	45.36	50.92	50.92	44.26	50.45	52.7	47.73	46.9	44.68	52.92	51.67	50.54	51.02	51.61	52.21	51.36	50.92	51.48	51.48	49.8	50.09	50.09	48.76	50.2	54.7	47.25	49.99	51.42	45.63	47.27	45.51	46.26	46.26	46.26	46.26	46.26	47.88	47.9	46.92	48.77	48.77	49.7	49.02	49.02	49.02	48.55	48.55	54.54	52.12	48.03	44.85	45.48	44.44	50.89	44.65	51.15	49.78	49.78	52.23	51.01	51.1	49.67	49.67	49.67	48.84	50.91	52	50.93	49.22	50.71	49.54	49.54	50.72	55.82	45.12	51.36	47.19	47.19	50.99	44.06	46	47.74	45.11	47.9	49.17	45.41	54.39	50.54	46.43	42.66	44.76	50.66	50.66	47.12	46.17	45.77	45.77	52.72	46.34	47.09	46.89	46.14	50.66	47.99	46.92	49.17	44.77	53.87	51.87	52.92	51.51	50.12	50.12	50.9	48.36	50.77	51.47	54.85	50.14	46.91	48.74	46.63	48.92	43.6	44.66	47.61	44.71	46.39	49.86
zone5_00028	5	2026/04/28 18:47	5	0.1	49.05	49.05	49.05	50.74	50.74	50.74	50.74	50.74	50.74	50.74	50.74	50.74	50.74	50.74	50.74	50.74	46.28	46.28	47.73	47.73	46.96	47.3	47.3	47.3	41.8	44.66	44.06	44.06	44.06	44.06	44.06	45.44	45.44	45.44	45.44	45.44	45.44	45.44	47.3	46.39	44.86	48.15	48.15	48.15	46.32	46.82	46.82	46.82	51.58	51.43	47.51	47.51	49.56	49.56	49.56	49.56	46.38	48.66	48.66	48.66	45.36	45.36	45.36	45.36	45.36	45.36	45.36	50.92	50.92	44.26	50.45	52.7	47.73	46.9	44.68	52.92	51.67	50.54	51.02	51.61	52.21	51.36	50.92	51.48	51.48	49.8	50.09	50.09	48.76	50.2	54.7	47.25	49.99	51.42	45.63	47.55	50.91	50.91	52.78	51.81	46.26	46.26	47.88	47.9	46.92	48.77	48.77	49.7	49.02	49.02	49.02	48.55	48.55	54.54	52.12	48.03	44.85	45.48	44.44	50.89	44.65	51.15	49.78	49.78	52.23	51.01	51.1	49.67	49.67	49.67	48.84	50.91	52	50.93	49.22	50.71	49.54	49.54	50.72	55.82	45.12	51.36	47.19	47.19	50.99	45.66	51.07	50.23	50.23	49.91	49.17	45.41	54.39	50.54	46.43	42.66	44.76	50.66	50.66	47.12	46.17	45.77	45.77	52.72	46.34	47.09	46.89	46.14	50.66	47.99	46.92	49.17	44.77	53.87	51.87	52.92	51.51	50.12	50.12	50.9	48.36	50.77	51.47	54.85	50.14	46.91	48.74	46.63	48.92	43.6	44.66	47.61	44.71	46.39	49.86	46.3	51.07	49.15	49.03	53.59
zone5_00029	5	2026/04/28 18:47	5	0.1	50.74	50.74	50.74	50.74	50.74	50.74	50.74	50.74	50.74	50.74	50.74	46.28	46.28	47.73	47.73	46.96	47.3	47.3	47.3	41.8	44.66	44.06	44.06	44.06	44.06	44.06	45.44	45.44	45.44	45.44	45.44	45.44	45.44	47.3	46.39	44.86	48.15	48.15	48.15	46.32	46.82	46.82	46.82	51.58	51.43	51.51	51.51	49.79	45.53	42.64	49.56	46.38	48.66	48.66	48.66	45.36	45.36	45.36	45.36	45.36	45.36	45.36	50.92	50.92	44.26	50.45	52.7	47.73	46.9	44.68	52.92	51.67	50.54	51.02	51.61	52.21	51.36	50.92	51.48	51.48	49.8	50.09	50.09	48.76	50.2	54.7	47.25	49.99	51.42	45.63	47.55	50.91	50.91	52.78	51.81	51.81	49.6	49.84	49.84	49.84	48.77	48.77	49.7	49.02	49.02	49.02	48.55	48.55	54.54	52.12	48.03	44.85	45.48	44.44	50.89	44.65	51.15	49.78	49.78	52.23	51.01	51.1	49.67	49.67	49.67	48.84	50.91	52	50.93	49.22	50.71	49.54	49.54	50.72	55.82	45.12	51.36	47.19	47.19	50.99	45.66	51.07	50.23	50.23	49.91	49.91	52.27	55.56	56.62	57.06	42.66	44.76	50.66	50.66	47.12	46.17	45.77	45.77	52.72	46.34	47.09	46.89	46.14	50.66	47.99	46.92	49.17	44.77	53.87	51.87	52.92	51.51	50.12	50.12	50.9	48.36	50.77	51.47	54.85	50.14	46.91	48.74	46.63	48.92	43.6	44.66	47.61	44.71	46.39	49.86	46.3	51.07	49.15	49.03	53.59	51.7	50.33	51.52	49.47	51.95
zone5_00030	5	2026/04/28 18:47	5	0.1	50.74	50.74	50.74	50.74	50.74	50.74	46.28	46.28	47.73	47.73	46.96	47.3	47.3	47.3	41.8	44.66	44.06	44.06	44.06	44.06	44.06	45.44	45.44	45.44	45.44	45.44	45.44	45.44	47.3	46.39	44.86	48.15	48.15	48.15	46.32	46.82	46.82	46.82	51.58	51.43	51.51	51.51	49.79	45.53	42.64	47.6	46.51	46.51	44.35	51.59	45.36	45.36	45.36	45.36	45.36	45.36	45.36	50.92	50.92	44.26	50.45	52.7	47.73	46.9	44.68	52.92	51.67	50.54	51.02	51.61	52.21	51.36	50.92	51.48	51.48	49.8	50.09	50.09	48.76	50.2	54.7	47.25	49.99	51.42	45.63	47.55	50.91	50.91	52.78	51.81	51.81	49.6	49.84	49.84	49.84	49.84	49.84	49.84	50.59	50.59	49.02	48.55	48.55	54.54	52.12	48.03	44.85	45.48	44.44	50.89	44.65	51.15	49.78	49.78	52.23	51.01	51.1	49.67	49.67	49.67	48.84	50.91	52	50.93	49.22	50.71	49.54	49.54	50.72	55.82	45.12	51.36	47.19	47.19	50.99	45.66	51.07	50.23	50.23	49.91	49.91	52.27	55.56	56.62	57.06	49.35	52.85	53.02	53.99	52.6	46.17	45.77	45.77	52.72	46.34	47.09	46.89	46.14	50.66	47.99	46.92	49.17	44.77	53.87	51.87	52.92	51.51	50.12	50.12	50.9	48.36	50.77	51.47	54.85	50.14	46.91	48.74	46.63	48.92	43.6	44.66	47.61	44.71	46.39	49.86	46.3	51.07	49.15	49.03	53.59	51.7	50.33	51.52	49.47	51.95	49.63	51.2	49.27	47.1	52.11
zone5_00031	5	2026/04/28 18:47	5	0.1	50.74	46.28	46.28	47.73	47.73	46.96	47.3	47.3	47.3	41.8	44.66	44.06	44.06	44.06	44.06	44.06	45.44	45.44	45.44	45.44	45.44	45.44	45.44	47.3	46.39	44.86	48.15	48.15	48.15	46.32	46.82	46.82	46.82	51.58	51.43	51.51	51.51	49.79	45.53	42.64	47.6	46.51	46.51	44.35	51.59	48.53	46.65	46.65	50.67	53.2	45.36	45.36	50.92	50.92	44.26	50.45	52.7	47.73	46.9	44.68	52.92	51.67	50.54	51.02	51.61	52.21	51.36	50.92	51.48	51.48	49.8	50.09	50.09	48.76	50.2	54.7	47.25	49.99	51.42	45.63	47.55	50.91	50.91	52.78	51.81	51.81	49.6	49.84	49.84	49.84	49.84	49.84	49.84	50.59	50.59	50.59	50.59	50.59	50.59	50.59	48.03	44.85	45.48	44.44	50.89	44.65	51.15	49.78	49.78	52.23	51.01	51.1	49.67	49.67	49.67	48.84	50.91	52	50.93	49.22	50.71	49.54	49.54	50.72	55.82	45.12	51.36	47.19	47.19	50.99	45.66	51.07	50.23	50.23	49.91	49.91	52.27	55.56	56.62	57.06	49.35	52.85	53.02	53.99	52.6	48.27	54.42	54.42	53.51	44.79	47.09	46.89	46.14	50.66	47.99	46.92	49.17	44.77	53.87	51.87	52.92	51.51	50.12	50.12	50.9	48.36	50.77	51.47	54.85	50.14	46.91	48.74	46.63	48.92	43.6	44.66	47.61	44.71	46.39	49.86	46.3	51.07	49.15	49.03	53.59	51.7	50.33	51.52	49.47	51.95	49.63	51.2	49.27	47.1	52.11	53.01	50.82	48.06	47.08	55.49
zone5_00032	5	2026/04/28 18:47	5	0.1	46.96	47.3	47.3	47.3	41.8	44.66	44.06	44.06	44.06	44.06	44.06	45.44	45.44	45.44	45.44	45.44	45.44	45.44	47.3	46.39	44.86	48.15	48.15	48.15	46.32	46.82	46.82	46.82	51.58	51.43	51.51	51.51	49.79	45.53	42.64	47.6	46.51	46.51	44.35	51.59	48.53	46.65	46.65	50.67	53.2	52.34	52.34	52.34	52.34	52.34	50.45	52.7	47.73	46.9	44.68	52.92	51.67	50.54	51.02	51.61	52.21	51.36	50.92	51.48	51.48	49.8	50.09	50.09	48.76	50.2	54.7	47.25	49.99	51.42	45.63	47.55	50.91	50.91	52.78	51.81	51.81	49.6	49.84	49.84	49.84	49.84	49.84	49.84	50.59	50.59	50.59	50.59	50.59	50.59	50.59	54.09	54.09	54.09	54.09	54.09	44.65	51.15	49.78	49.78	52.23	51.01	51.1	49.67	49.67	49.67	48.84	50.91	52	50.93	49.22	50.71	49.54	49.54	50.72	55.82	45.12	51.36	47.19	47.19	50.99	45.66	51.07	50.23	50.23	49.91	49.91	52.27	55.56	56.62	57.06	49.35	52.85	53.02	53.99	52.6	48.27	54.42	54.42	53.51	44.79	51.51	49.98	50.23	49.11	49.11	46.92	49.17	44.77	53.87	51.87	52.92	51.51	50.12	50.12	50.9	48.36	50.77	51.47	54.85	50.14	46.91	48.74	46.63	48.92	43.6	44.66	47.61	44.71	46.39	49.86	46.3	51.07	49.15	49.03	53.59	51.7	50.33	51.52	49.47	51.95	49.63	51.2	49.27	47.1	52.11	53.01	50.82	48.06	47.08	55.49	52.44	50.8	48.35	51.41	52.19
zone5_00033	5	2026/04/28 18:47	5	0.1	44.66	44.06	44.06	44.06	44.06	44.06	45.44	45.44	45.44	45.44	45.44	45.44	45.44	47.3	46.39	44.86	48.15	48.15	48.15	46.32	46.82	46.82	46.82	51.58	51.43	51.51	51.51	49.79	45.53	42.64	47.6	46.51	46.51	44.35	51.59	48.53	46.65	46.65	50.67	53.2	52.34	52.34	52.34	52.34	52.34	52.34	52.34	52.34	52.34	52.34	52.92	51.67	50.54	51.02	51.61	52.21	51.36	50.92	51.48	51.48	49.8	50.09	50.09	48.76	50.2	54.7	47.25	49.99	51.42	45.63	47.55	50.91	50.91	52.78	51.81	51.81	49.6	49.84	49.84	49.84	49.84	49.84	49.84	50.59	50.59	50.59	50.59	50.59	50.59	50.59	54.09	54.09	54.09	54.09	54.09	54.09	54.09	50.27	50.27	50.11	51.01	51.1	49.67	49.67	49.67	48.84	50.91	52	50.93	49.22	50.71	49.54	49.54	50.72	55.82	45.12	51.36	47.19	47.19	50.99	45.66	51.07	50.23	50.23	49.91	49.91	52.27	55.56	56.62	57.06	49.35	52.85	53.02	53.99	52.6	48.27	54.42	54.42	53.51	44.79	51.51	49.98	50.23	49.11	49.11	54.84	54.38	54.38	52.21	52.21	52.92	51.51	50.12	50.12	50.9	48.36	50.77	51.47	54.85	50.14	46.91	48.74	46.63	48.92	43.6	44.66	47.61	44.71	46.39	49.86	46.3	51.07	49.15	49.03	53.59	51.7	50.33	51.52	49.47	51.95	49.63	51.2	49.27	47.1	52.11	53.01	50.82	48.06	47.08	55.49	52.44	50.8	48.35	51.41	52.19	48.77	47.4	47.9	44.83	44.07
zone5_00034	5	2026/04/28 18:47	5	0.1	44.06	45.44	45.44	45.44	45.44	45.44	45.44	45.44	47.3	46.39	44.86	48.15	48.15	48.15	46.32	46.82	46.82	46.82	51.58	51.43	51.51	51.51	49.79	45.53	42.64	47.6	46.51	46.51	44.35	51.59	48.53	46.65	46.65	50.67	53.2	52.34	52.34	52.34	52.34	52.34	52.34	52.34	52.34	52.34	52.34	52.34	52.34	52.34	52.34	52.34	52.21	51.36	50.92	51.48	51.48	49.8	50.09	50.09	48.76	50.2	54.7	47.25	49.99	51.42	45.63	47.55	50.91	50.91	52.78	51.81	51.81	49.6	49.84	49.84	49.84	49.84	49.84	49.84	50.59	50.59	50.59	50.59	50.59	50.59	50.59	54.09	54.09	54.09	54.09	54.09	54.09	54.09	50.27	50.27	50.11	53.8	54.5	54.22	57.3	57.3	48.84	50.91	52	50.93	49.22	50.71	49.54	49.54	50.72	55.82	45.12	51.36	47.19	47.19	50.99	45.66	51.07	50.23	50.23	49.91	49.91	52.27	55.56	56.62	57.06	49.35	52.85	53.02	53.99	52.6	48.27	54.42	54.42	53.51	44.79	51.51	49.98	50.23	49.11	49.11	54.84	54.38	54.38	52.21	52.21	52.48	51.37	47.03	47.7	46.63	48.36	50.77	51.47	54.85	50.14	46.91	48.74	46.63	48.92	43.6	44.66	47.61	44.71	46.39	49.86	46.3	51.07	49.15	49.03	53.59	51.7	50.33	51.52	49.47	51.95	49.63	51.2	49.27	47.1	52.11	53.01	50.82	48.06	47.08	55.49	52.44	50.8	48.35	51.41	52.19	48.77	47.4	47.9	44.83	44.07	54.54	46.18	42.5	52.6	51.16
zone5_00035	5	2026/04/28 18:47	5	0.1	45.44	45.44	45.44	47.3	46.39	44.86	48.15	48.15	48.15	46.32	46.82	46.82	46.82	51.58	51.43	51.51	51.51	49.79	45.53	42.64	47.6	46.51	46.51	44.35	51.59	48.53	46.65	46.65	50.67	53.2	52.34	52.34	52.34	52.34	52.34	52.34	52.34	52.34	52.34	52.34	52.34	52.34	52.34	52.34	52.34	48.46	47.55	47.55	47.55	51.24	49.8	50.09	50.09	48.76	50.2	54.7	47.25	49.99	51.42	45.63	47.55	50.91	50.91	52.78	51.81	51.81	49.6	49.84	49.84	49.84	49.84	49.84	49.84	50.59	50.59	50.59	50.59	50.59	50.59	50.59	54.09	54.09	54.09	54.09	54.09	54.09	54.09	50.27	50.27	50.11	53.8	54.5	54.22	57.3	57.3	54.63	52.34	52.34	57.2	57.2	50.71	49.54	49.54	50.72	55.82	45.12	51.36	47.19	47.19	50.99	45.66	51.07	50.23	50.23	49.91	49.91	52.27	55.56	56.62	57.06	49.35	52.85	53.02	53.99	52.6	48.27	54.42	54.42	53.51	44.79	51.51	49.98	50.23	49.11	49.11	54.84	54.38	54.38	52.21	52.21	52.48	51.37	47.03	47.7	46.63	48.45	52.57	53.1	53.1	48.28	46.91	48.74	46.63	48.92	43.6	44.66	47.61	44.71	46.39	49.86	46.3	51.07	49.15	49.03	53.59	51.7	50.33	51.52	49.47	51.95	49.63	51.2	49.27	47.1	52.11	53.01	50.82	48.06	47.08	55.49	52.44	50.8	48.35	51.41	52.19	48.77	47.4	47.9	44.83	44.07	54.54	46.18	42.5	52.6	51.16	50.73	51.4	49.32	50.38	49.79
zone5_00036	5	2026/04/28 18:47	5	0.1	44.86	48.15	48.15	48.15	46.32	46.82	46.82	46.82	51.58	51.43	51.51	51.51	49.79	45.53	42.64	47.6	46.51	46.51	44.35	51.59	48.53	46.65	46.65	50.67	53.2	52.34	52.34	52.34	52.34	52.34	52.34	52.34	52.34	52.34	52.34	52.34	52.34	52.34	52.34	52.34	48.46	47.55	47.55	47.55	51.24	51.24	51.24	49.27	49.27	51.01	54.7	47.25	49.99	51.42	45.63	47.55	50.91	50.91	52.78	51.81	51.81	49.6	49.84	49.84	49.84	49.84	49.84	49.84	50.59	50.59	50.59	50.59	50.59	50.59	50.59	54.09	54.09	54.09	54.09	54.09	54.09	54.09	50.27	50.27	50.11	53.8	54.5	54.22	57.3	57.3	54.63	52.34	52.34	57.2	57.2	57.2	57.2	57.2	57.2	57.2	45.12	51.36	47.19	47.19	50.99	45.66	51.07	50.23	50.23	49.91	49.91	52.27	55.56	56.62	57.06	49.35	52.85	53.02	53.99	52.6	48.27	54.42	54.42	53.51	44.79	51.51	49.98	50.23	49.11	49.11	54.84	54.38	54.38	52.21	52.21	52.48	51.37	47.03	47.7	46.63	48.45	52.57	53.1	53.1	48.28	52.95	55.05	55.05	55.05	53.31	44.66	47.61	44.71	46.39	49.86	46.3	51.07	49.15	49.03	53.59	51.7	50.33	51.52	49.47	51.95	49.63	51.2	49.27	47.1	52.11	53.01	50.82	48.06	47.08	55.49	52.44	50.8	48.35	51.41	52.19	48.77	47.4	47.9	44.83	44.07	54.54	46.18	42.5	52.6	51.16	50.73	51.4	49.32	50.38	49.79	52.16	47.3	51.11	52.87	52.75
zone5_00037	5	2026/04/28 18:47	5	0.1	46.82	46.82	46.82	51.58	51.43	51.51	51.51	49.79	45.53	42.64	47.6	46.51	46.51	44.35	51.59	48.53	46.65	46.65	50.67	53.2	52.34	52.34	52.34	52.34	52.34	52.34	52.34	52.34	52.34	52.34	52.34	52.34	52.34	52.34	52.34	48.46	47.55	47.55	47.55	51.24	51.24	51.24	49.27	49.27	51.01	44.12	44.12	44.12	55.73	51.01	47.55	50.91	50.91	52.78	51.81	51.81	49.6	49.84	49.84	49.84	49.84	49.84	49.84	50.59	50.59	50.59	50.59	50.59	50.59	50.59	54.09	54.09	54.09	54.09	54.09	54.09	54.09	50.27	50.27	50.11	53.8	54.5	54.22	57.3	57.3	54.63	52.34	52.34	57.2	57.2	57.2	57.2	57.2	57.2	57.2	57.2	46.63	46.63	46.63	46.63	45.66	51.07	50.23	50.23	49.91	49.91	52.27	55.56	56.62	57.06	49.35	52.85	53.02	53.99	52.6	48.27	54.42	54.42	53.51	44.79	51.51	49.98	50.23	49.11	49.11	54.84	54.38	54.38	52.21	52.21	52.48	51.37	47.03	47.7	46.63	48.45	52.57	53.1	53.1	48.28	52.95	55.05	55.05	55.05	53.31	55.39	56.89	56.29	54.43	47.33	46.3	51.07	49.15	49.03	53.59	51.7	50.33	51.52	49.47	51.95	49.63	51.2	49.27	47.1	52.11	53.01	50.82	48.06	47.08	55.49	52.44	50.8	48.35	51.41	52.19	48.77	47.4	47.9	44.83	44.07	54.54	46.18	42.5	52.6	51.16	50.73	51.4	49.32	50.38	49.79	52.16	47.3	51.11	52.87	52.75	53.04	53.39	51.47	48.79	46.29
zone5_00038	5	2026/04/28 18:47	5	0.1	51.51	51.51	49.79	45.53	42.64	47.6	46.51	46.51	44.35	51.59	48.53	46.65	46.65	50.67	53.2	52.34	52.34	52.34	52.34	52.34	52.34	52.34	52.34	52.34	52.34	52.34	52.34	52.34	52.34	52.34	48.46	47.55	47.55	47.55	51.24	51.24	51.24	49.27	49.27	51.01	44.12	44.12	44.12	55.73	51.01	46.77	57.42	57.42	57.42	55.45	51.81	49.6	49.84	49.84	49.84	49.84	49.84	49.84	50.59	50.59	50.59	50.59	50.59	50.59	50.59	54.09	54.09	54.09	54.09	54.09	54.09	54.09	50.27	50.27	50.11	53.8	54.5	54.22	57.3	57.3	54.63	52.34	52.34	57.2	57.2	57.2	57.2	57.2	57.2	57.2	57.2	46.63	46.63	46.63	46.63	46.63	49.69	49.69	46.42	54.84	49.91	52.27	55.56	56.62	57.06	49.35	52.85	53.02	53.99	52.6	48.27	54.42	54.42	53.51	44.79	51.51	49.98	50.23	49.11	49.11	54.84	54.38	54.38	52.21	52.21	52.48	51.37	47.03	47.7	46.63	48.45	52.57	53.1	53.1	48.28	52.95	55.05	55.05	55.05	53.31	55.39	56.89	56.29	54.43	47.33	52.51	50.13	50.16	45.16	51.75	51.7	50.33	51.52	49.47	51.95	49.63	51.2	49.27	47.1	52.11	53.01	50.82	48.06	47.08	55.49	52.44	50.8	48.35	51.41	52.19	48.77	47.4	47.9	44.83	44.07	54.54	46.18	42.5	52.6	51.16	50.73	51.4	49.32	50.38	49.79	52.16	47.3	51.11	52.87	52.75	53.04	53.39	51.47	48.79	46.29	52.11	49.39	49.39	50.26	49.31
zone5_00039	5	2026/04/28 18:47	5	0.1	47.6	46.51	46.51	44.35	51.59	48.53	46.65	46.65	50.67	53.2	52.34	52.34	52.34	52.34	52.34	52.34	52.34	52.34	52.34	52.34	52.34	52.34	52.34	52.34	52.34	48.46	47.55	47.55	47.55	51.24	51.24	51.24	49.27	49.27	51.01	44.12	44.12	44.12	55.73	51.01	46.77	57.42	57.42	57.42	55.45	47.58	51.84	46.67	46.67	44.46	49.84	49.84	49.84	50.59	50.59	50.59	50.59	50.59	50.59	50.59	54.09	54.09	54.09	54.09	54.09	54.09	54.09	50.27	50.27	50.11	53.8	54.5	54.22	57.3	57.3	54.63	52.34	52.34	57.2	57.2	57.2	57.2	57.2	57.2	57.2	57.2	46.63	46.63	46.63	46.63	46.63	49.69	49.69	46.42	54.84	50.91	46.93	46.93	46.93	46.93	49.35	52.85	53.02	53.99	52.6	48.27	54.42	54.42	53.51	44.79	51.51	49.98	50.23	49.11	49.11	54.84	54.38	54.38	52.21	52.21	52.48	51.37	47.03	47.7	46.63	48.45	52.57	53.1	53.1	48.28	52.95	55.05	55.05	55.05	53.31	55.39	56.89	56.29	54.43	47.33	52.51	50.13	50.16	45.16	51.75	55.71	53.14	47.29	48.08	48.01	49.63	51.2	49.27	47.1	52.11	53.01	50.82	48.06	47.08	55.49	52.44	50.8	48.35	51.41	52.19	48.77	47.4	47.9	44.83	44.07	54.54	46.18	42.5	52.6	51.16	50.73	51.4	49.32	50.38	49.79	52.16	47.3	51.11	52.87	52.75	53.04	53.39	51.47	48.79	46.29	52.11	49.39	49.39	50.26	49.31	54.28	51.22	46.98	48.18	48.05
zone5_00040	5	2026/04/28 18:47	5	0.1	48.53	46.65	46.65	50.67	53.2	52.34	52.34	52.34	52.34	52.34	52.34	52.34	52.34	52.34	52.34	52.34	52.34	52.34	52.34	52.34	48.46	47.55	47.55	47.55	51.24	51.24	51.24	49.27	49.27	51.01	44.12	44.12	44.12	55.73	51.01	46.77	57.42	57.42	57.42	55.45	47.58	51.84	46.67	46.67	44.46	56.19	46.73	47.81	52.58	47.68	50.59	50.59	50.59	50.59	50.59	54.09	54.09	54.09	54.09	54.09	54.09	54.09	50.27	50.27	50.11	53.8	54.5	54.22	57.3	57.3	54.63	52.34	52.34	57.2	57.2	57.2	57.2	57.2	57.2	57.2	57.2	46.63	46.63	46.63	46.63	46.63	49.69	49.69	46.42	54.84	50.91	46.93	46.93	46.93	46.93	46.93	57.92	55.87	54.16	58.08	48.27	54.42	54.42	53.51	44.79	51.51	49.98	50.23	49.11	49.11	54.84	54.38	54.38	52.21	52.21	52.48	51.37	47.03	47.7	46.63	48.45	52.57	53.1	53.1	48.28	52.95	55.05	55.05	55.05	53.31	55.39	56.89	56.29	54.43	47.33	52.51	50.13	50.16	45.16	51.75	55.71	53.14	47.29	48.08	48.01	53.68	56.62	55.23	53.85	56.81	53.01	50.82	48.06	47.08	55.49	52.44	50.8	48.35	51.41	52.19	48.77	47.4	47.9	44.83	44.07	54.54	46.18	42.5	52.6	51.16	50.73	51.4	49.32	50.38	49.79	52.16	47.3	51.11	52.87	52.75	53.04	53.39	51.47	48.79	46.29	52.11	49.39	49.39	50.26	49.31	54.28	51.22	46.98	48.18	48.05	55.16	54.27	52.3	51.22	59.07
zone5_00041	5	2026/04/28 18:47	5	0.1	52.34	52.34	52.34	52.34	52.34	52.34	52.34	52.34	52.34	52.34	52.34	52.34	52.34	52.34	52.34	48.46	47.55	47.55	47.55	51.24	51.24	51.24	49.27	49.27	51.01	44.12	44.12	44.12	55.73	51.01	46.77	57.42	57.42	57.42	55.45	47.58	51.84	46.67	46.67	44.46	56.19	46.73	47.81	52.58	47.68	53.4	53.36	58.09	60.99	60.49	54.09	54.09	54.09	54.09	54.09	54.09	54.09	50.27	50.27	50.11	53.8	54.5	54.22	57.3	57.3	54.63	52.34	52.34	57.2	57.2	57.2	57.2	57.2	57.2	57.2	57.2	46.63	46.63	46.63	46.63	46.63	49.69	49.69	46.42	54.84	50.91	46.93	46.93	46.93	46.93	46.93	57.92	55.87	54.16	58.08	58.08	58.08	58.08	56.07	56.83	51.51	49.98	50.23	49.11	49.11	54.84	54.38	54.38	52.21	52.21	52.48	51.37	47.03	47.7	46.63	48.45	52.57	53.1	53.1	48.28	52.95	55.05	55.05	55.05	53.31	55.39	56.89	56.29	54.43	47.33	52.51	50.13	50.16	45.16	51.75	55.71	53.14	47.29	48.08	48.01	53.68	56.62	55.23	53.85	56.81	58.65	58.07	57.64	54.21	54.25	52.44	50.8	48.35	51.41	52.19	48.77	47.4	47.9	44.83	44.07	54.54	46.18	42.5	52.6	51.16	50.73	51.4	49.32	50.38	49.79	52.16	47.3	51.11	52.87	52.75	53.04	53.39	51.47	48.79	46.29	52.11	49.39	49.39	50.26	49.31	54.28	51.22	46.98	48.18	48.05	55.16	54.27	52.3	51.22	59.07	62.21	60.27	56.97	54.11	54.21
zone5_00042	5	2026/04/28 18:47	5	0.1	52.34	52.34	52.34	52.34	52.34	52.34	52.34	52.34	52.34	52.34	48.46	47.55	47.55	47.55	51.24	51.24	51.24	49.27	49.27	51.01	44.12	44.12	44.12	55.73	51.01	46.77	57.42	57.42	57.42	55.45	47.58	51.84	46.67	46.67	44.46	56.19	46.73	47.81	52.58	47.68	53.4	53.36	58.09	60.99	60.49	54.81	54.45	51.59	53.25	56.53	54.09	54.09	50.27	50.27	50.11	53.8	54.5	54.22	57.3	57.3	54.63	52.34	52.34	57.2	57.2	57.2	57.2	57.2	57.2	57.2	57.2	46.63	46.63	46.63	46.63	46.63	49.69	49.69	46.42	54.84	50.91	46.93	46.93	46.93	46.93	46.93	57.92	55.87	54.16	58.08	58.08	58.08	58.08	56.07	56.83	53.85	56.09	59.85	59.85	59.85	54.84	54.38	54.38	52.21	52.21	52.48	51.37	47.03	47.7	46.63	48.45	52.57	53.1	53.1	48.28	52.95	55.05	55.05	55.05	53.31	55.39	56.89	56.29	54.43	47.33	52.51	50.13	50.16	45.16	51.75	55.71	53.14	47.29	48.08	48.01	53.68	56.62	55.23	53.85	56.81	58.65	58.07	57.64	54.21	54.25	51.77	55.69	56.31	54	54.65	48.77	47.4	47.9	44.83	44.07	54.54	46.18	42.5	52.6	51.16	50.73	51.4	49.32	50.38	49.79	52.16	47.3	51.11	52.87	52.75	53.04	53.39	51.47	48.79	46.29	52.11	49.39	49.39	50.26	49.31	54.28	51.22	46.98	48.18	48.05	55.16	54.27	52.3	51.22	59.07	62.21	60.27	56.97	54.11	54.21	51.4	54.93	54.16	54.46	53.02
zone5_00043	5	2026/04/28 18:47	5	0.1	52.34	52.34	52.34	52.34	52.34	48.46	47.55	47.55	47.55	51.24	51.24	51.24	49.27	49.27	51.01	44.12	44.12	44.12	55.73	51.01	46.77	57.42	57.42	57.42	55.45	47.58	51.84	46.67	46.67	44.46	56.19	46.73	47.81	52.58	47.68	53.4	53.36	58.09	60.99	60.49	54.81	54.45	51.59	53.25	56.53	55.34	55.1	52.77	55.58	55.58	53.8	54.5	54.22	57.3	57.3	54.63	52.34	52.34	57.2	57.2	57.2	57.2	57.2	57.2	57.2	57.2	46.63	46.63	46.63	46.63	46.63	49.69	49.69	46.42	54.84	50.91	46.93	46.93	46.93	46.93	46.93	57.92	55.87	54.16	58.08	58.08	58.08	58.08	56.07	56.83	53.85	56.09	59.85	59.85	59.85	59.85	60.46	54.13	52.08	57.98	52.48	51.37	47.03	47.7	46.63	48.45	52.57	53.1	53.1	48.28	52.95	55.05	55.05	55.05	53.31	55.39	56.89	56.29	54.43	47.33	52.51	50.13	50.16	45.16	51.75	55.71	53.14	47.29	48.08	48.01	53.68	56.62	55.23	53.85	56.81	58.65	58.07	57.64	54.21	54.25	51.77	55.69	56.31	54	54.65	50.69	53.81	48.97	51.28	57.51	54.54	46.18	42.5	52.6	51.16	50.73	51.4	49.32	50.38	49.79	52.16	47.3	51.11	52.87	52.75	53.04	53.39	51.47	48.79	46.29	52.11	49.39	49.39	50.26	49.31	54.28	51.22	46.98	48.18	48.05	55.16	54.27	52.3	51.22	59.07	62.21	60.27	56.97	54.11	54.21	51.4	54.93	54.16	54.46	53.02	50.42	53.06	50.73	51.99	58.41
zone5_00044	5	2026/04/28 18:47	5	0.1	48.46	47.55	47.55	47.55	51.24	51.24	51.24	49.27	49.27	51.01	44.12	44.12	44.12	55.73	51.01	46.77	57.42	57.42	57.42	55.45	47.58	51.84	46.67	46.67	44.46	56.19	46.73	47.81	52.58	47.68	53.4	53.36	58.09	60.99	60.49	54.81	54.45	51.59	53.25	56.53	55.34	55.1	52.77	55.58	55.58	52.68	48.1	48.87	51.57	51.32	54.63	52.34	52.34	57.2	57.2	57.2	57.2	57.2	57.2	57.2	57.2	46.63	46.63	46.63	46.63	46.63	49.69	49.69	46.42	54.84	50.91	46.93	46.93	46.93	46.93	46.93	57.92	55.87	54.16	58.08	58.08	58.08	58.08	56.07	56.83	53.85	56.09	59.85	59.85	59.85	59.85	60.46	54.13	52.08	57.98	59.52	62.19	63.36	63.36	63.36	48.45	52.57	53.1	53.1	48.28	52.95	55.05	55.05	55.05	53.31	55.39	56.89	56.29	54.43	47.33	52.51	50.13	50.16	45.16	51.75	55.71	53.14	47.29	48.08	48.01	53.68	56.62	55.23	53.85	56.81	58.65	58.07	57.64	54.21	54.25	51.77	55.69	56.31	54	54.65	50.69	53.81	48.97	51.28	57.51	57.18	58.26	58.3	55.88	55.46	50.73	51.4	49.32	50.38	49.79	52.16	47.3	51.11	52.87	52.75	53.04	53.39	51.47	48.79	46.29	52.11	49.39	49.39	50.26	49.31	54.28	51.22	46.98	48.18	48.05	55.16	54.27	52.3	51.22	59.07	62.21	60.27	56.97	54.11	54.21	51.4	54.93	54.16	54.46	53.02	50.42	53.06	50.73	51.99	58.41	57.18	55.25	52.03	50.98	52.62
zone5_00045	5	2026/04/28 18:47	5	0.1	51.24	51.24	49.27	49.27	51.01	44.12	44.12	44.12	55.73	51.01	46.77	57.42	57.42	57.42	55.45	47.58	51.84	46.67	46.67	44.46	56.19	46.73	47.81	52.58	47.68	53.4	53.36	58.09	60.99	60.49	54.81	54.45	51.59	53.25	56.53	55.34	55.1	52.77	55.58	55.58	52.68	48.1	48.87	51.57	51.32	54.16	54.12	54.12	54.17	54.03	57.2	57.2	57.2	57.2	57.2	57.2	46.63	46.63	46.63	46.63	46.63	49.69	49.69	46.42	54.84	50.91	46.93	46.93	46.93	46.93	46.93	57.92	55.87	54.16	58.08	58.08	58.08	58.08	56.07	56.83	53.85	56.09	59.85	59.85	59.85	59.85	60.46	54.13	52.08	57.98	59.52	62.19	63.36	63.36	63.36	63.36	63.36	48.82	49.78	60.3	52.95	55.05	55.05	55.05	53.31	55.39	56.89	56.29	54.43	47.33	52.51	50.13	50.16	45.16	51.75	55.71	53.14	47.29	48.08	48.01	53.68	56.62	55.23	53.85	56.81	58.65	58.07	57.64	54.21	54.25	51.77	55.69	56.31	54	54.65	50.69	53.81	48.97	51.28	57.51	57.18	58.26	58.3	55.88	55.46	50.25	48.15	49.99	49.02	57.74	52.16	47.3	51.11	52.87	52.75	53.04	53.39	51.47	48.79	46.29	52.11	49.39	49.39	50.26	49.31	54.28	51.22	46.98	48.18	48.05	55.16	54.27	52.3	51.22	59.07	62.21	60.27	56.97	54.11	54.21	51.4	54.93	54.16	54.46	53.02	50.42	53.06	50.73	51.99	58.41	57.18	55.25	52.03	50.98	52.62	47.31	47.12	49.68	46.41	57.2
zone5_00046	5	2026/04/28 18:47	5	0.1	44.12	44.12	55.73	51.01	46.77	57.42	57.42	57.42	55.45	47.58	51.84	46.67	46.67	44.46	56.19	46.73	47.81	52.58	47.68	53.4	53.36	58.09	60.99	60.49	54.81	54.45	51.59	53.25	56.53	55.34	55.1	52.77	55.58	55.58	52.68	48.1	48.87	51.57	51.32	54.16	54.12	54.12	54.17	54.03	49.91	56.82	54.34	55.67	53.36	54.42	46.63	46.63	46.63	46.63	46.63	49.69	49.69	46.42	54.84	50.91	46.93	46.93	46.93	46.93	46.93	57.92	55.87	54.16	58.08	58.08	58.08	58.08	56.07	56.83	53.85	56.09	59.85	59.85	59.85	59.85	60.46	54.13	52.08	57.98	59.52	62.19	63.36	63.36	63.36	63.36	63.36	48.82	49.78	60.3	58.32	58.46	55.38	55.19	51.98	51.48	56.89	56.29	54.43	47.33	52.51	50.13	50.16	45.16	51.75	55.71	53.14	47.29	48.08	48.01	53.68	56.62	55.23	53.85	56.81	58.65	58.07	57.64	54.21	54.25	51.77	55.69	56.31	54	54.65	50.69	53.81	48.97	51.28	57.51	57.18	58.26	58.3	55.88	55.46	50.25	48.15	49.99	49.02	57.74	56.5	56.26	54.6	53.6	53.89	53.97	53.39	51.47	48.79	46.29	52.11	49.39	49.39	50.26	49.31	54.28	51.22	46.98	48.18	48.05	55.16	54.27	52.3	51.22	59.07	62.21	60.27	56.97	54.11	54.21	51.4	54.93	54.16	54.46	53.02	50.42	53.06	50.73	51.99	58.41	57.18	55.25	52.03	50.98	52.62	47.31	47.12	49.68	46.41	57.2	54.93	56.04	56.4	54	49.72	50.54
zone5_00047	5	2026/04/28 18:47	5	0.1	57.42	57.42	57.42	55.45	47.58	51.84	46.67	46.67	44.46	56.19	46.73	47.81	52.58	47.68	53.4	53.36	58.09	60.99	60.49	54.81	54.45	51.59	53.25	56.53	55.34	55.1	52.77	55.58	55.58	52.68	48.1	48.87	51.57	51.32	54.16	54.12	54.12	54.17	54.03	49.91	56.82	54.34	55.67	53.36	54.42	51.19	49.9	48.94	48.32	51.69	49.69	49.69	46.42	54.84	50.91	46.93	46.93	46.93	46.93	46.93	57.92	55.87	54.16	58.08	58.08	58.08	58.08	56.07	56.83	53.85	56.09	59.85	59.85	59.85	59.85	60.46	54.13	52.08	57.98	59.52	62.19	63.36	63.36	63.36	63.36	63.36	48.82	49.78	60.3	58.32	58.46	55.38	55.19	51.98	51.48	49.88	52.42	54.82	54.82	54.82	50.13	50.16	45.16	51.75	55.71	53.14	47.29	48.08	48.01	53.68	56.62	55.23	53.85	56.81	58.65	58.07	57.64	54.21	54.25	51.77	55.69	56.31	54	54.65	50.69	53.81	48.97	51.28	57.51	57.18	58.26	58.3	55.88	55.46	50.25	48.15	49.99	49.02	57.74	56.5	56.26	54.6	53.6	53.89	53.97	50.14	53.47	51.88	47.86	45.77	49.39	49.39	50.26	49.31	54.28	51.22	46.98	48.18	48.05	55.16	54.27	52.3	51.22	59.07	62.21	60.27	56.97	54.11	54.21	51.4	54.93	54.16	54.46	53.02	50.42	53.06	50.73	51.99	58.41	57.18	55.25	52.03	50.98	52.62	47.31	47.12	49.68	46.41	57.2	54.93	56.04	56.4	54	49.72	50.54	49.53	52.8	51.83	47.09	43.77
zone5_00048	5	2026/04/28 18:47	5	0.1	51.84	46.67	46.67	44.46	56.19	46.73	47.81	52.58	47.68	53.4	53.36	58.09	60.99	60.49	54.81	54.45	51.59	53.25	56.53	55.34	55.1	52.77	55.58	55.58	52.68	48.1	48.87	51.57	51.32	54.16	54.12	54.12	54.17	54.03	49.91	56.82	54.34	55.67	53.36	54.42	51.19	49.9	48.94	48.32	51.69	50.83	52.7	52.7	50.94	46.6	46.93	46.93	46.93	46.93	46.93	57.92	55.87	54.16	58.08	58.08	58.08	58.08	56.07	56.83	53.85	56.09	59.85	59.85	59.85	59.85	60.46	54.13	52.08	57.98	59.52	62.19	63.36	63.36	63.36	63.36	63.36	48.82	49.78	60.3	58.32	58.46	55.38	55.19	51.98	51.48	49.88	52.42	54.82	54.82	54.82	54.82	55.93	55.93	53.56	46.51	53.14	47.29	48.08	48.01	53.68	56.62	55.23	53.85	56.81	58.65	58.07	57.64	54.21	54.25	51.77	55.69	56.31	54	54.65	50.69	53.81	48.97	51.28	57.51	57.18	58.26	58.3	55.88	55.46	50.25	48.15	49.99	49.02	57.74	56.5	56.26	54.6	53.6	53.89	53.97	50.14	53.47	51.88	47.86	45.77	48.2	58.38	59.3	51.18	47.36	51.22	46.98	48.18	48.05	55.16	54.27	52.3	51.22	59.07	62.21	60.27	56.97	54.11	54.21	51.4	54.93	54.16	54.46	53.02	50.42	53.06	50.73	51.99	58.41	57.18	55.25	52.03	50.98	52.62	47.31	47.12	49.68	46.41	57.2	54.93	56.04	56.4	54	49.72	50.54	49.53	52.8	51.83	47.09	43.77	45.56	54.89	55.93	53.92	46.85
zone5_00049	5	2026/04/28 18:47	5	0.1	46.73	47.81	52.58	47.68	53.4	53.36	58.09	60.99	60.49	54.81	54.45	51.59	53.25	56.53	55.34	55.1	52.77	55.58	55.58	52.68	48.1	48.87	51.57	51.32	54.16	54.12	54.12	54.17	54.03	49.91	56.82	54.34	55.67	53.36	54.42	51.19	49.9	48.94	48.32	51.69	50.83	52.7	52.7	50.94	46.6	44.66	44.66	43.5	44.77	50.99	57.92	55.87	54.16	58.08	58.08	58.08	58.08	56.07	56.83	53.85	56.09	59.85	59.85	59.85	59.85	60.46	54.13	52.08	57.98	59.52	62.19	63.36	63.36	63.36	63.36	63.36	48.82	49.78	60.3	58.32	58.46	55.38	55.19	51.98	51.48	49.88	52.42	54.82	54.82	54.82	54.82	55.93	55.93	53.56	46.51	45.22	45.22	45.22	45.22	45.22	56.62	55.23	53.85	56.81	58.65	58.07	57.64	54.21	54.25	51.77	55.69	56.31	54	54.65	50.69	53.81	48.97	51.28	57.51	57.18	58.26	58.3	55.88	55.46	50.25	48.15	49.99	49.02	57.74	56.5	56.26	54.6	53.6	53.89	53.97	50.14	53.47	51.88	47.86	45.77	48.2	58.38	59.3	51.18	47.36	46.13	54.65	60.3	59.61	57.55	54.27	52.3	51.22	59.07	62.21	60.27	56.97	54.11	54.21	51.4	54.93	54.16	54.46	53.02	50.42	53.06	50.73	51.99	58.41	57.18	55.25	52.03	50.98	52.62	47.31	47.12	49.68	46.41	57.2	54.93	56.04	56.4	54	49.72	50.54	49.53	52.8	51.83	47.09	43.77	45.56	54.89	55.93	53.92	46.85	43	55.73	54.32	54.1	54.18
zone5_00050	5	2026/04/28 18:47	5	0.1	53.36	58.09	60.99	60.49	54.81	54.45	51.59	53.25	56.53	55.34	55.1	52.77	55.58	55.58	52.68	48.1	48.87	51.57	51.32	54.16	54.12	54.12	54.17	54.03	49.91	56.82	54.34	55.67	53.36	54.42	51.19	49.9	48.94	48.32	51.69	50.83	52.7	52.7	50.94	46.6	44.66	44.66	43.5	44.77	50.99	54.93	54.93	54.93	51.67	51.67	58.08	58.08	56.07	56.83	53.85	56.09	59.85	59.85	59.85	59.85	60.46	54.13	52.08	57.98	59.52	62.19	63.36	63.36	63.36	63.36	63.36	48.82	49.78	60.3	58.32	58.46	55.38	55.19	51.98	51.48	49.88	52.42	54.82	54.82	54.82	54.82	55.93	55.93	53.56	46.51	45.22	45.22	45.22	45.22	45.22	45.22	57.33	57.2	57.2	57.2	58.07	57.64	54.21	54.25	51.77	55.69	56.31	54	54.65	50.69	53.81	48.97	51.28	57.51	57.18	58.26	58.3	55.88	55.46	50.25	48.15	49.99	49.02	57.74	56.5	56.26	54.6	53.6	53.89	53.97	50.14	53.47	51.88	47.86	45.77	48.2	58.38	59.3	51.18	47.36	46.13	54.65	60.3	59.61	57.55	50.56	49.3	49.3	57.85	56.28	60.27	56.97	54.11	54.21	51.4	54.93	54.16	54.46	53.02	50.42	53.06	50.73	51.99	58.41	57.18	55.25	52.03	50.98	52.62	47.31	47.12	49.68	46.41	57.2	54.93	56.04	56.4	54	49.72	50.54	49.53	52.8	51.83	47.09	43.77	45.56	54.89	55.93	53.92	46.85	43	55.73	54.32	54.1	54.18	50.43	51.83	53.99	46.75	55.37
zone5_00051	5	2026/04/28 18:47	5	0.1	54.45	51.59	53.25	56.53	55.34	55.1	52.77	55.58	55.58	52.68	48.1	48.87	51.57	51.32	54.16	54.12	54.12	54.17	54.03	49.91	56.82	54.34	55.67	53.36	54.42	51.19	49.9	48.94	48.32	51.69	50.83	52.7	52.7	50.94	46.6	44.66	44.66	43.5	44.77	50.99	54.93	54.93	54.93	51.67	51.67	51.67	48.97	48.97	45.93	54.1	56.09	59.85	59.85	59.85	59.85	60.46	54.13	52.08	57.98	59.52	62.19	63.36	63.36	63.36	63.36	63.36	48.82	49.78	60.3	58.32	58.46	55.38	55.19	51.98	51.48	49.88	52.42	54.82	54.82	54.82	54.82	55.93	55.93	53.56	46.51	45.22	45.22	45.22	45.22	45.22	45.22	57.33	57.2	57.2	57.2	57.2	57.2	57.2	57.2	57.2	55.69	56.31	54	54.65	50.69	53.81	48.97	51.28	57.51	57.18	58.26	58.3	55.88	55.46	50.25	48.15	49.99	49.02	57.74	56.5	56.26	54.6	53.6	53.89	53.97	50.14	53.47	51.88	47.86	45.77	48.2	58.38	59.3	51.18	47.36	46.13	54.65	60.3	59.61	57.55	50.56	49.3	49.3	57.85	56.28	54.48	49.99	50.98	59.05	55.7	54.93	54.16	54.46	53.02	50.42	53.06	50.73	51.99	58.41	57.18	55.25	52.03	50.98	52.62	47.31	47.12	49.68	46.41	57.2	54.93	56.04	56.4	54	49.72	50.54	49.53	52.8	51.83	47.09	43.77	45.56	54.89	55.93	53.92	46.85	43	55.73	54.32	54.1	54.18	50.43	51.83	53.99	46.75	55.37	57.5	55.98	49.18	44.59	51.24
zone5_00052	5	2026/04/28 18:47	5	0.1	55.1	52.77	55.58	55.58	52.68	48.1	48.87	51.57	51.32	54.16	54.12	54.12	54.17	54.03	49.91	56.82	54.34	55.67	53.36	54.42	51.19	49.9	48.94	48.32	51.69	50.83	52.7	52.7	50.94	46.6	44.66	44.66	43.5	44.77	50.99	54.93	54.93	54.93	51.67	51.67	51.67	48.97	48.97	45.93	54.1	52.04	52.04	51.47	51.47	51.47	60.46	54.13	52.08	57.98	59.52	62.19	63.36	63.36	63.36	63.36	63.36	48.82	49.78	60.3	58.32	58.46	55.38	55.19	51.98	51.48	49.88	52.42	54.82	54.82	54.82	54.82	55.93	55.93	53.56	46.51	45.22	45.22	45.22	45.22	45.22	45.22	57.33	57.2	57.2	57.2	57.2	57.2	57.2	57.2	57.2	57.2	49.89	51.32	51.32	51.32	53.81	48.97	51.28	57.51	57.18	58.26	58.3	55.88	55.46	50.25	48.15	49.99	49.02	57.74	56.5	56.26	54.6	53.6	53.89	53.97	50.14	53.47	51.88	47.86	45.77	48.2	58.38	59.3	51.18	47.36	46.13	54.65	60.3	59.61	57.55	50.56	49.3	49.3	57.85	56.28	54.48	49.99	50.98	59.05	55.7	47.74	53.5	58.18	58.31	58.31	53.06	50.73	51.99	58.41	57.18	55.25	52.03	50.98	52.62	47.31	47.12	49.68	46.41	57.2	54.93	56.04	56.4	54	49.72	50.54	49.53	52.8	51.83	47.09	43.77	45.56	54.89	55.93	53.92	46.85	43	55.73	54.32	54.1	54.18	50.43	51.83	53.99	46.75	55.37	57.5	55.98	49.18	44.59	51.24	57.91	53.73	56.14	46.84	50.7
zone5_00053	5	2026/04/28 18:47	5	0.1	48.1	48.87	51.57	51.32	54.16	54.12	54.12	54.17	54.03	49.91	56.82	54.34	55.67	53.36	54.42	51.19	49.9	48.94	48.32	51.69	50.83	52.7	52.7	50.94	46.6	44.66	44.66	43.5	44.77	50.99	54.93	54.93	54.93	51.67	51.67	51.67	48.97	48.97	45.93	54.1	52.04	52.04	51.47	51.47	51.47	51.47	51.47	51.38	48.96	49.44	62.19	63.36	63.36	63.36	63.36	63.36	48.82	49.78	60.3	58.32	58.46	55.38	55.19	51.98	51.48	49.88	52.42	54.82	54.82	54.82	54.82	55.93	55.93	53.56	46.51	45.22	45.22	45.22	45.22	45.22	45.22	57.33	57.2	57.2	57.2	57.2	57.2	57.2	57.2	57.2	57.2	49.89	51.32	51.32	51.32	57.42	56.24	54.04	57.67	52.75	58.26	58.3	55.88	55.46	50.25	48.15	49.99	49.02	57.74	56.5	56.26	54.6	53.6	53.89	53.97	50.14	53.47	51.88	47.86	45.77	48.2	58.38	59.3	51.18	47.36	46.13	54.65	60.3	59.61	57.55	50.56	49.3	49.3	57.85	56.28	54.48	49.99	50.98	59.05	55.7	47.74	53.5	58.18	58.31	58.31	56.6	57.49	54.81	51.5	48.6	55.25	52.03	50.98	52.62	47.31	47.12	49.68	46.41	57.2	54.93	56.04	56.4	54	49.72	50.54	49.53	52.8	51.83	47.09	43.77	45.56	54.89	55.93	53.92	46.85	43	55.73	54.32	54.1	54.18	50.43	51.83	53.99	46.75	55.37	57.5	55.98	49.18	44.59	51.24	57.91	53.73	56.14	46.84	50.7	52.21	48.29	51.22	48.21	48.29
zone5_00054	5	2026/04/28 18:47	5	0.1	54.12	54.12	54.17	54.03	49.91	56.82	54.34	55.67	53.36	54.42	51.19	49.9	48.94	48.32	51.69	50.83	52.7	52.7	50.94	46.6	44.66	44.66	43.5	44.77	50.99	54.93	54.93	54.93	51.67	51.67	51.67	48.97	48.97	45.93	54.1	52.04	52.04	51.47	51.47	51.47	51.47	51.47	51.38	48.96	49.44	49.44	53.53	46.19	44.34	44.34	63.36	48.82	49.78	60.3	58.32	58.46	55.38	55.19	51.98	51.48	49.88	52.42	54.82	54.82	54.82	54.82	55.93	55.93	53.56	46.51	45.22	45.22	45.22	45.22	45.22	45.22	57.33	57.2	57.2	57.2	57.2	57.2	57.2	57.2	57.2	57.2	49.89	51.32	51.32	51.32	57.42	56.24	54.04	57.67	52.75	50.19	50.19	50.19	47.36	47.36	48.15	49.99	49.02	57.74	56.5	56.26	54.6	53.6	53.89	53.97	50.14	53.47	51.88	47.86	45.77	48.2	58.38	59.3	51.18	47.36	46.13	54.65	60.3	59.61	57.55	50.56	49.3	49.3	57.85	56.28	54.48	49.99	50.98	59.05	55.7	47.74	53.5	58.18	58.31	58.31	56.6	57.49	54.81	51.5	48.6	56.96	55.29	56.62	55.51	51.8	47.12	49.68	46.41	57.2	54.93	56.04	56.4	54	49.72	50.54	49.53	52.8	51.83	47.09	43.77	45.56	54.89	55.93	53.92	46.85	43	55.73	54.32	54.1	54.18	50.43	51.83	53.99	46.75	55.37	57.5	55.98	49.18	44.59	51.24	57.91	53.73	56.14	46.84	50.7	52.21	48.29	51.22	48.21	48.29	55.31	52.2	57.88	47.85	50.03
zone5_00055	5	2026/04/28 18:47	5	0.1	56.82	54.34	55.67	53.36	54.42	51.19	49.9	48.94	48.32	51.69	50.83	52.7	52.7	50.94	46.6	44.66	44.66	43.5	44.77	50.99	54.93	54.93	54.93	51.67	51.67	51.67	48.97	48.97	45.93	54.1	52.04	52.04	51.47	51.47	51.47	51.47	51.47	51.38	48.96	49.44	49.44	53.53	46.19	44.34	44.34	44.34	53.35	53.35	53.35	53.35	58.46	55.38	55.19	51.98	51.48	49.88	52.42	54.82	54.82	54.82	54.82	55.93	55.93	53.56	46.51	45.22	45.22	45.22	45.22	45.22	45.22	57.33	57.2	57.2	57.2	57.2	57.2	57.2	57.2	57.2	57.2	49.89	51.32	51.32	51.32	57.42	56.24	54.04	57.67	52.75	50.19	50.19	50.19	47.36	47.36	48.05	56.34	56.34	56.34	56.34	56.26	54.6	53.6	53.89	53.97	50.14	53.47	51.88	47.86	45.77	48.2	58.38	59.3	51.18	47.36	46.13	54.65	60.3	59.61	57.55	50.56	49.3	49.3	57.85	56.28	54.48	49.99	50.98	59.05	55.7	47.74	53.5	58.18	58.31	58.31	56.6	57.49	54.81	51.5	48.6	56.96	55.29	56.62	55.51	51.8	57.29	45.88	45.88	45.88	45.88	56.04	56.4	54	49.72	50.54	49.53	52.8	51.83	47.09	43.77	45.56	54.89	55.93	53.92	46.85	43	55.73	54.32	54.1	54.18	50.43	51.83	53.99	46.75	55.37	57.5	55.98	49.18	44.59	51.24	57.91	53.73	56.14	46.84	50.7	52.21	48.29	51.22	48.21	48.29	55.31	52.2	57.88	47.85	50.03	53.72	53.02	52.38	50.81	47.09
zone5_00056	5	2026/04/28 18:47	5	0.1	51.19	49.9	48.94	48.32	51.69	50.83	52.7	52.7	50.94	46.6	44.66	44.66	43.5	44.77	50.99	54.93	54.93	54.93	51.67	51.67	51.67	48.97	48.97	45.93	54.1	52.04	52.04	51.47	51.47	51.47	51.47	51.47	51.38	48.96	49.44	49.44	53.53	46.19	44.34	44.34	44.34	53.35	53.35	53.35	53.35	53.52	53.52	53.52	53.94	53.94	49.88	52.42	54.82	54.82	54.82	54.82	55.93	55.93	53.56	46.51	45.22	45.22	45.22	45.22	45.22	45.22	57.33	57.2	57.2	57.2	57.2	57.2	57.2	57.2	57.2	57.2	49.89	51.32	51.32	51.32	57.42	56.24	54.04	57.67	52.75	50.19	50.19	50.19	47.36	47.36	48.05	56.34	56.34	56.34	56.34	55.01	56.16	57.79	57.79	55.81	50.14	53.47	51.88	47.86	45.77	48.2	58.38	59.3	51.18	47.36	46.13	54.65	60.3	59.61	57.55	50.56	49.3	49.3	57.85	56.28	54.48	49.99	50.98	59.05	55.7	47.74	53.5	58.18	58.31	58.31	56.6	57.49	54.81	51.5	48.6	56.96	55.29	56.62	55.51	51.8	57.29	45.88	45.88	45.88	45.88	54.78	53.43	50.43	50.43	50.43	49.53	52.8	51.83	47.09	43.77	45.56	54.89	55.93	53.92	46.85	43	55.73	54.32	54.1	54.18	50.43	51.83	53.99	46.75	55.37	57.5	55.98	49.18	44.59	51.24	57.91	53.73	56.14	46.84	50.7	52.21	48.29	51.22	48.21	48.29	55.31	52.2	57.88	47.85	50.03	53.72	53.02	52.38	50.81	47.09	47.46	46.82	50.66	50.29	52.2
zone5_00057	5	2026/04/28 18:47	5	0.1	50.83	52.7	52.7	50.94	46.6	44.66	44.66	43.5	44.77	50.99	54.93	54.93	54.93	51.67	51.67	51.67	48.97	48.97	45.93	54.1	52.04	52.04	51.47	51.47	51.47	51.47	51.47	51.38	48.96	49.44	49.44	53.53	46.19	44.34	44.34	44.34	53.35	53.35	53.35	53.35	53.52	53.52	53.52	53.94	53.94	53.94	53.94	53.94	53.24	53.24	54.82	55.93	55.93	53.56	46.51	45.22	45.22	45.22	45.22	45.22	45.22	57.33	57.2	57.2	57.2	57.2	57.2	57.2	57.2	57.2	57.2	49.89	51.32	51.32	51.32	57.42	56.24	54.04	57.67	52.75	50.19	50.19	50.19	47.36	47.36	48.05	56.34	56.34	56.34	56.34	55.01	56.16	57.79	57.79	55.81	58.09	58.09	49.33	47.9	55.23	48.2	58.38	59.3	51.18	47.36	46.13	54.65	60.3	59.61	57.55	50.56	49.3	49.3	57.85	56.28	54.48	49.99	50.98	59.05	55.7	47.74	53.5	58.18	58.31	58.31	56.6	57.49	54.81	51.5	48.6	56.96	55.29	56.62	55.51	51.8	57.29	45.88	45.88	45.88	45.88	54.78	53.43	50.43	50.43	50.43	50.43	50.43	52.04	52.04	52.27	45.56	54.89	55.93	53.92	46.85	43	55.73	54.32	54.1	54.18	50.43	51.83	53.99	46.75	55.37	57.5	55.98	49.18	44.59	51.24	57.91	53.73	56.14	46.84	50.7	52.21	48.29	51.22	48.21	48.29	55.31	52.2	57.88	47.85	50.03	53.72	53.02	52.38	50.81	47.09	47.46	46.82	50.66	50.29	52.2	50.63	47.85	45.41	54.98	52.51
zone5_00058	5	2026/04/28 18:47	5	0.1	44.66	44.66	43.5	44.77	50.99	54.93	54.93	54.93	51.67	51.67	51.67	48.97	48.97	45.93	54.1	52.04	52.04	51.47	51.47	51.47	51.47	51.47	51.38	48.96	49.44	49.44	53.53	46.19	44.34	44.34	44.34	53.35	53.35	53.35	53.35	53.52	53.52	53.52	53.94	53.94	53.94	53.94	53.94	53.24	53.24	53.24	53.24	52.78	52.78	52.78	45.22	45.22	45.22	45.22	45.22	45.22	57.33	57.2	57.2	57.2	57.2	57.2	57.2	57.2	57.2	57.2	49.89	51.32	51.32	51.32	57.42	56.24	54.04	57.67	52.75	50.19	50.19	50.19	47.36	47.36	48.05	56.34	56.34	56.34	56.34	55.01	56.16	57.79	57.79	55.81	58.09	58.09	49.33	47.9	55.23	54.47	48.39	48.23	48.7	51.45	46.13	54.65	60.3	59.61	57.55	50.56	49.3	49.3	57.85	56.28	54.48	49.99	50.98	59.05	55.7	47.74	53.5	58.18	58.31	58.31	56.6	57.49	54.81	51.5	48.6	56.96	55.29	56.62	55.51	51.8	57.29	45.88	45.88	45.88	45.88	54.78	53.43	50.43	50.43	50.43	50.43	50.43	52.04	52.04	52.27	52.27	52.33	49.37	47.11	47.24	43	55.73	54.32	54.1	54.18	50.43	51.83	53.99	46.75	55.37	57.5	55.98	49.18	44.59	51.24	57.91	53.73	56.14	46.84	50.7	52.21	48.29	51.22	48.21	48.29	55.31	52.2	57.88	47.85	50.03	53.72	53.02	52.38	50.81	47.09	47.46	46.82	50.66	50.29	52.2	50.63	47.85	45.41	54.98	52.51	52.95	53.21	52.82	54.52	54.27
zone5_00059	5	2026/04/28 18:47	5	0.1	54.93	54.93	54.93	51.67	51.67	51.67	48.97	48.97	45.93	54.1	52.04	52.04	51.47	51.47	51.47	51.47	51.47	51.38	48.96	49.44	49.44	53.53	46.19	44.34	44.34	44.34	53.35	53.35	53.35	53.35	53.52	53.52	53.52	53.94	53.94	53.94	53.94	53.94	53.24	53.24	53.24	53.24	52.78	52.78	52.78	52.78	52.78	52.78	52.78	52.78	45.22	57.33	57.2	57.2	57.2	57.2	57.2	57.2	57.2	57.2	57.2	49.89	51.32	51.32	51.32	57.42	56.24	54.04	57.67	52.75	50.19	50.19	50.19	47.36	47.36	48.05	56.34	56.34	56.34	56.34	55.01	56.16	57.79	57.79	55.81	58.09	58.09	49.33	47.9	55.23	54.47	48.39	48.23	48.7	51.45	54.81	54.81	55.62	54.83	48.04	50.56	49.3	49.3	57.85	56.28	54.48	49.99	50.98	59.05	55.7	47.74	53.5	58.18	58.31	58.31	56.6	57.49	54.81	51.5	48.6	56.96	55.29	56.62	55.51	51.8	57.29	45.88	45.88	45.88	45.88	54.78	53.43	50.43	50.43	50.43	50.43	50.43	52.04	52.04	52.27	52.27	52.33	49.37	47.11	47.24	47.24	49.11	50.79	50.24	53.95	50.43	51.83	53.99	46.75	55.37	57.5	55.98	49.18	44.59	51.24	57.91	53.73	56.14	46.84	50.7	52.21	48.29	51.22	48.21	48.29	55.31	52.2	57.88	47.85	50.03	53.72	53.02	52.38	50.81	47.09	47.46	46.82	50.66	50.29	52.2	50.63	47.85	45.41	54.98	52.51	52.95	53.21	52.82	54.52	54.27	54.06	53.93	46.9	55.35	55.01
zone5_00060	5	2026/04/28 18:47	5	0.1	51.67	48.97	48.97	45.93	54.1	52.04	52.04	51.47	51.47	51.47	51.47	51.47	51.38	48.96	49.44	49.44	53.53	46.19	44.34	44.34	44.34	53.35	53.35	53.35	53.35	53.52	53.52	53.52	53.94	53.94	53.94	53.94	53.94	53.24	53.24	53.24	53.24	52.78	52.78	52.78	52.78	52.78	52.78	52.78	52.78	52.78	52.78	46.12	46.12	51.5	57.2	57.2	57.2	57.2	57.2	57.2	49.89	51.32	51.32	51.32	57.42	56.24	54.04	57.67	52.75	50.19	50.19	50.19	47.36	47.36	48.05	56.34	56.34	56.34	56.34	55.01	56.16	57.79	57.79	55.81	58.09	58.09	49.33	47.9	55.23	54.47	48.39	48.23	48.7	51.45	54.81	54.81	55.62	54.83	48.04	48.04	48.04	48.04	48.04	48.04	54.48	49.99	50.98	59.05	55.7	47.74	53.5	58.18	58.31	58.31	56.6	57.49	54.81	51.5	48.6	56.96	55.29	56.62	55.51	51.8	57.29	45.88	45.88	45.88	45.88	54.78	53.43	50.43	50.43	50.43	50.43	50.43	52.04	52.04	52.27	52.27	52.33	49.37	47.11	47.24	47.24	49.11	50.79	50.24	53.95	53.8	55.1	55.1	53.91	51.94	57.5	55.98	49.18	44.59	51.24	57.91	53.73	56.14	46.84	50.7	52.21	48.29	51.22	48.21	48.29	55.31	52.2	57.88	47.85	50.03	53.72	53.02	52.38	50.81	47.09	47.46	46.82	50.66	50.29	52.2	50.63	47.85	45.41	54.98	52.51	52.95	53.21	52.82	54.52	54.27	54.06	53.93	46.9	55.35	55.01	55.01	52.06	49.16	52.57	48.69
zone5_00061	5	2026/04/28 18:47	5	0.1	52.04	52.04	51.47	51.47	51.47	51.47	51.47	51.38	48.96	49.44	49.44	53.53	46.19	44.34	44.34	44.34	53.35	53.35	53.35	53.35	53.52	53.52	53.52	53.94	53.94	53.94	53.94	53.94	53.24	53.24	53.24	53.24	52.78	52.78	52.78	52.78	52.78	52.78	52.78	52.78	52.78	52.78	46.12	46.12	51.5	51.5	54.21	54.21	53.27	56.27	57.2	49.89	51.32	51.32	51.32	57.42	56.24	54.04	57.67	52.75	50.19	50.19	50.19	47.36	47.36	48.05	56.34	56.34	56.34	56.34	55.01	56.16	57.79	57.79	55.81	58.09	58.09	49.33	47.9	55.23	54.47	48.39	48.23	48.7	51.45	54.81	54.81	55.62	54.83	48.04	48.04	48.04	48.04	48.04	48.04	48.04	48.04	48.04	57.8	57.08	47.74	53.5	58.18	58.31	58.31	56.6	57.49	54.81	51.5	48.6	56.96	55.29	56.62	55.51	51.8	57.29	45.88	45.88	45.88	45.88	54.78	53.43	50.43	50.43	50.43	50.43	50.43	52.04	52.04	52.27	52.27	52.33	49.37	47.11	47.24	47.24	49.11	50.79	50.24	53.95	53.8	55.1	55.1	53.91	51.94	58.56	58.56	58.52	54.6	52.18	57.91	53.73	56.14	46.84	50.7	52.21	48.29	51.22	48.21	48.29	55.31	52.2	57.88	47.85	50.03	53.72	53.02	52.38	50.81	47.09	47.46	46.82	50.66	50.29	52.2	50.63	47.85	45.41	54.98	52.51	52.95	53.21	52.82	54.52	54.27	54.06	53.93	46.9	55.35	55.01	55.01	52.06	49.16	52.57	48.69	48.73	55.71	52.36	51.84	50.93
zone5_00062	5	2026/04/28 18:47	5	0.1	51.47	51.47	51.38	48.96	49.44	49.44	53.53	46.19	44.34	44.34	44.34	53.35	53.35	53.35	53.35	53.52	53.52	53.52	53.94	53.94	53.94	53.94	53.94	53.24	53.24	53.24	53.24	52.78	52.78	52.78	52.78	52.78	52.78	52.78	52.78	52.78	52.78	46.12	46.12	51.5	51.5	54.21	54.21	53.27	56.27	46.05	46.05	46.62	49.06	51.43	57.42	56.24	54.04	57.67	52.75	50.19	50.19	50.19	47.36	47.36	48.05	56.34	56.34	56.34	56.34	55.01	56.16	57.79	57.79	55.81	58.09	58.09	49.33	47.9	55.23	54.47	48.39	48.23	48.7	51.45	54.81	54.81	55.62	54.83	48.04	48.04	48.04	48.04	48.04	48.04	48.04	48.04	48.04	57.8	57.08	57.54	57.54	54.82	55.96	48.51	56.6	57.49	54.81	51.5	48.6	56.96	55.29	56.62	55.51	51.8	57.29	45.88	45.88	45.88	45.88	54.78	53.43	50.43	50.43	50.43	50.43	50.43	52.04	52.04	52.27	52.27	52.33	49.37	47.11	47.24	47.24	49.11	50.79	50.24	53.95	53.8	55.1	55.1	53.91	51.94	58.56	58.56	58.52	54.6	52.18	50.96	54.92	55.14	57.57	51.29	52.21	48.29	51.22	48.21	48.29	55.31	52.2	57.88	47.85	50.03	53.72	53.02	52.38	50.81	47.09	47.46	46.82	50.66	50.29	52.2	50.63	47.85	45.41	54.98	52.51	52.95	53.21	52.82	54.52	54.27	54.06	53.93	46.9	55.35	55.01	55.01	52.06	49.16	52.57	48.69	48.73	55.71	52.36	51.84	50.93	49.66	54.65	51.24	55.64	48.74
zone5_00063	5	2026/04/28 18:48	5	0.1	49.44	53.53	46.19	44.34	44.34	44.34	53.35	53.35	53.35	53.35	53.52	53.52	53.52	53.94	53.94	53.94	53.94	53.94	53.24	53.24	53.24	53.24	52.78	52.78	52.78	52.78	52.78	52.78	52.78	52.78	52.78	52.78	46.12	46.12	51.5	51.5	54.21	54.21	53.27	56.27	46.05	46.05	46.62	49.06	51.43	50.88	47.04	49.98	53.24	53.98	50.19	50.19	50.19	47.36	47.36	48.05	56.34	56.34	56.34	56.34	55.01	56.16	57.79	57.79	55.81	58.09	58.09	49.33	47.9	55.23	54.47	48.39	48.23	48.7	51.45	54.81	54.81	55.62	54.83	48.04	48.04	48.04	48.04	48.04	48.04	48.04	48.04	48.04	57.8	57.08	57.54	57.54	54.82	55.96	48.51	54.65	49.43	52.15	54.53	53.29	56.96	55.29	56.62	55.51	51.8	57.29	45.88	45.88	45.88	45.88	54.78	53.43	50.43	50.43	50.43	50.43	50.43	52.04	52.04	52.27	52.27	52.33	49.37	47.11	47.24	47.24	49.11	50.79	50.24	53.95	53.8	55.1	55.1	53.91	51.94	58.56	58.56	58.52	54.6	52.18	50.96	54.92	55.14	57.57	51.29	51.8	59.47	56.64	56.92	56.96	55.31	52.2	57.88	47.85	50.03	53.72	53.02	52.38	50.81	47.09	47.46	46.82	50.66	50.29	52.2	50.63	47.85	45.41	54.98	52.51	52.95	53.21	52.82	54.52	54.27	54.06	53.93	46.9	55.35	55.01	55.01	52.06	49.16	52.57	48.69	48.73	55.71	52.36	51.84	50.93	49.66	54.65	51.24	55.64	48.74	51.68	54.14	54.99	54.24	52.5
zone5_00064	5	2026/04/28 18:48	5	0.1	44.34	53.35	53.35	53.35	53.35	53.52	53.52	53.52	53.94	53.94	53.94	53.94	53.94	53.24	53.24	53.24	53.24	52.78	52.78	52.78	52.78	52.78	52.78	52.78	52.78	52.78	52.78	46.12	46.12	51.5	51.5	54.21	54.21	53.27	56.27	46.05	46.05	46.62	49.06	51.43	50.88	47.04	49.98	53.24	53.98	55.81	53.22	53.68	51.74	51.69	48.05	56.34	56.34	56.34	56.34	55.01	56.16	57.79	57.79	55.81	58.09	58.09	49.33	47.9	55.23	54.47	48.39	48.23	48.7	51.45	54.81	54.81	55.62	54.83	48.04	48.04	48.04	48.04	48.04	48.04	48.04	48.04	48.04	57.8	57.08	57.54	57.54	54.82	55.96	48.51	54.65	49.43	52.15	54.53	53.29	53.1	50.3	50.3	50.3	50.3	57.29	45.88	45.88	45.88	45.88	54.78	53.43	50.43	50.43	50.43	50.43	50.43	52.04	52.04	52.27	52.27	52.33	49.37	47.11	47.24	47.24	49.11	50.79	50.24	53.95	53.8	55.1	55.1	53.91	51.94	58.56	58.56	58.52	54.6	52.18	50.96	54.92	55.14	57.57	51.29	51.8	59.47	56.64	56.92	56.96	56.8	57.19	53.73	55.55	51.61	53.72	53.02	52.38	50.81	47.09	47.46	46.82	50.66	50.29	52.2	50.63	47.85	45.41	54.98	52.51	52.95	53.21	52.82	54.52	54.27	54.06	53.93	46.9	55.35	55.01	55.01	52.06	49.16	52.57	48.69	48.73	55.71	52.36	51.84	50.93	49.66	54.65	51.24	55.64	48.74	51.68	54.14	54.99	54.24	52.5	50.74	51.87	50.59	54.32	50.4
zone5_00065	5	2026/04/28 18:48	5	0.1	53.52	53.52	53.52	53.94	53.94	53.94	53.94	53.94	53.24	53.24	53.24	53.24	52.78	52.78	52.78	52.78	52.78	52.78	52.78	52.78	52.78	52.78	46.12	46.12	51.5	51.5	54.21	54.21	53.27	56.27	46.05	46.05	46.62	49.06	51.43	50.88	47.04	49.98	53.24	53.98	55.81	53.22	53.68	51.74	51.69	46.89	48.08	53.76	54.81	56.2	55.01	56.16	57.79	57.79	55.81	58.09	58.09	49.33	47.9	55.23	54.47	48.39	48.23	48.7	51.45	54.81	54.81	55.62	54.83	48.04	48.04	48.04	48.04	48.04	48.04	48.04	48.04	48.04	57.8	57.08	57.54	57.54	54.82	55.96	48.51	54.65	49.43	52.15	54.53	53.29	53.1	50.3	50.3	50.3	50.3	50.3	54.22	55.12	57.24	56.78	54.78	53.43	50.43	50.43	50.43	50.43	50.43	52.04	52.04	52.27	52.27	52.33	49.37	47.11	47.24	47.24	49.11	50.79	50.24	53.95	53.8	55.1	55.1	53.91	51.94	58.56	58.56	58.52	54.6	52.18	50.96	54.92	55.14	57.57	51.29	51.8	59.47	56.64	56.92	56.96	56.8	57.19	53.73	55.55	51.61	49.33	58	57.06	58.27	58.86	47.46	46.82	50.66	50.29	52.2	50.63	47.85	45.41	54.98	52.51	52.95	53.21	52.82	54.52	54.27	54.06	53.93	46.9	55.35	55.01	55.01	52.06	49.16	52.57	48.69	48.73	55.71	52.36	51.84	50.93	49.66	54.65	51.24	55.64	48.74	51.68	54.14	54.99	54.24	52.5	50.74	51.87	50.59	54.32	50.4	47.11	54.95	52.41	53.42	54.27
zone5_00066	5	2026/04/28 18:48	5	0.1	53.94	53.94	53.94	53.24	53.24	53.24	53.24	52.78	52.78	52.78	52.78	52.78	52.78	52.78	52.78	52.78	52.78	46.12	46.12	51.5	51.5	54.21	54.21	53.27	56.27	46.05	46.05	46.62	49.06	51.43	50.88	47.04	49.98	53.24	53.98	55.81	53.22	53.68	51.74	51.69	46.89	48.08	53.76	54.81	56.2	60.33	52.16	55.16	55.23	55.3	58.09	58.09	49.33	47.9	55.23	54.47	48.39	48.23	48.7	51.45	54.81	54.81	55.62	54.83	48.04	48.04	48.04	48.04	48.04	48.04	48.04	48.04	48.04	57.8	57.08	57.54	57.54	54.82	55.96	48.51	54.65	49.43	52.15	54.53	53.29	53.1	50.3	50.3	50.3	50.3	50.3	54.22	55.12	57.24	56.78	58.14	54.91	55.18	54	54.56	50.43	50.43	52.04	52.04	52.27	52.27	52.33	49.37	47.11	47.24	47.24	49.11	50.79	50.24	53.95	53.8	55.1	55.1	53.91	51.94	58.56	58.56	58.52	54.6	52.18	50.96	54.92	55.14	57.57	51.29	51.8	59.47	56.64	56.92	56.96	56.8	57.19	53.73	55.55	51.61	49.33	58	57.06	58.27	58.86	57.61	57.96	59.5	59.71	59.13	50.63	47.85	45.41	54.98	52.51	52.95	53.21	52.82	54.52	54.27	54.06	53.93	46.9	55.35	55.01	55.01	52.06	49.16	52.57	48.69	48.73	55.71	52.36	51.84	50.93	49.66	54.65	51.24	55.64	48.74	51.68	54.14	54.99	54.24	52.5	50.74	51.87	50.59	54.32	50.4	47.11	54.95	52.41	53.42	54.27	56.83	52.42	52.84	51.89	53.09
zone5_00067	5	2026/04/28 18:48	5	0.1	53.24	53.24	52.78	52.78	52.78	52.78	52.78	52.78	52.78	52.78	52.78	52.78	46.12	46.12	51.5	51.5	54.21	54.21	53.27	56.27	46.05	46.05	46.62	49.06	51.43	50.88	47.04	49.98	53.24	53.98	55.81	53.22	53.68	51.74	51.69	46.89	48.08	53.76	54.81	56.2	60.33	52.16	55.16	55.23	55.3	47.7	48.58	52.87	53.31	51.58	54.47	48.39	48.23	48.7	51.45	54.81	54.81	55.62	54.83	48.04	48.04	48.04	48.04	48.04	48.04	48.04	48.04	48.04	57.8	57.08	57.54	57.54	54.82	55.96	48.51	54.65	49.43	52.15	54.53	53.29	53.1	50.3	50.3	50.3	50.3	50.3	54.22	55.12	57.24	56.78	58.14	54.91	55.18	54	54.56	52.44	52.77	55.29	53.71	54.47	52.27	52.33	49.37	47.11	47.24	47.24	49.11	50.79	50.24	53.95	53.8	55.1	55.1	53.91	51.94	58.56	58.56	58.52	54.6	52.18	50.96	54.92	55.14	57.57	51.29	51.8	59.47	56.64	56.92	56.96	56.8	57.19	53.73	55.55	51.61	49.33	58	57.06	58.27	58.86	57.61	57.96	59.5	59.71	59.13	50.89	59.37	58.47	58.82	59.86	52.95	53.21	52.82	54.52	54.27	54.06	53.93	46.9	55.35	55.01	55.01	52.06	49.16	52.57	48.69	48.73	55.71	52.36	51.84	50.93	49.66	54.65	51.24	55.64	48.74	51.68	54.14	54.99	54.24	52.5	50.74	51.87	50.59	54.32	50.4	47.11	54.95	52.41	53.42	54.27	56.83	52.42	52.84	51.89	53.09	48.21	53.96	53.74	52.1	53.15
zone5_00068	5	2026/04/28 18:48	5	0.1	52.78	52.78	52.78	52.78	52.78	52.78	52.78	46.12	46.12	51.5	51.5	54.21	54.21	53.27	56.27	46.05	46.05	46.62	49.06	51.43	50.88	47.04	49.98	53.24	53.98	55.81	53.22	53.68	51.74	51.69	46.89	48.08	53.76	54.81	56.2	60.33	52.16	55.16	55.23	55.3	47.7	48.58	52.87	53.31	51.58	52.44	52.26	51.99	51.68	49.2	54.81	54.81	55.62	54.83	48.04	48.04	48.04	48.04	48.04	48.04	48.04	48.04	48.04	57.8	57.08	57.54	57.54	54.82	55.96	48.51	54.65	49.43	52.15	54.53	53.29	53.1	50.3	50.3	50.3	50.3	50.3	54.22	55.12	57.24	56.78	58.14	54.91	55.18	54	54.56	52.44	52.77	55.29	53.71	54.47	54.47	54.47	54.47	54.47	51.44	47.24	49.11	50.79	50.24	53.95	53.8	55.1	55.1	53.91	51.94	58.56	58.56	58.52	54.6	52.18	50.96	54.92	55.14	57.57	51.29	51.8	59.47	56.64	56.92	56.96	56.8	57.19	53.73	55.55	51.61	49.33	58	57.06	58.27	58.86	57.61	57.96	59.5	59.71	59.13	50.89	59.37	58.47	58.82	59.86	59.45	58.92	55.51	52.09	50.94	54.06	53.93	46.9	55.35	55.01	55.01	52.06	49.16	52.57	48.69	48.73	55.71	52.36	51.84	50.93	49.66	54.65	51.24	55.64	48.74	51.68	54.14	54.99	54.24	52.5	50.74	51.87	50.59	54.32	50.4	47.11	54.95	52.41	53.42	54.27	56.83	52.42	52.84	51.89	53.09	48.21	53.96	53.74	52.1	53.15	52.83	53.09	50.29	47.95	47.58
zone5_00069	5	2026/04/28 18:48	5	0.1	52.78	52.78	46.12	46.12	51.5	51.5	54.21	54.21	53.27	56.27	46.05	46.05	46.62	49.06	51.43	50.88	47.04	49.98	53.24	53.98	55.81	53.22	53.68	51.74	51.69	46.89	48.08	53.76	54.81	56.2	60.33	52.16	55.16	55.23	55.3	47.7	48.58	52.87	53.31	51.58	52.44	52.26	51.99	51.68	49.2	49.55	49	51.85	48.51	57.26	48.04	48.04	48.04	48.04	48.04	48.04	48.04	48.04	57.8	57.08	57.54	57.54	54.82	55.96	48.51	54.65	49.43	52.15	54.53	53.29	53.1	50.3	50.3	50.3	50.3	50.3	54.22	55.12	57.24	56.78	58.14	54.91	55.18	54	54.56	52.44	52.77	55.29	53.71	54.47	54.47	54.47	54.47	54.47	51.44	49.14	51.66	54	48.84	58.5	53.8	55.1	55.1	53.91	51.94	58.56	58.56	58.52	54.6	52.18	50.96	54.92	55.14	57.57	51.29	51.8	59.47	56.64	56.92	56.96	56.8	57.19	53.73	55.55	51.61	49.33	58	57.06	58.27	58.86	57.61	57.96	59.5	59.71	59.13	50.89	59.37	58.47	58.82	59.86	59.45	58.92	55.51	52.09	50.94	50.68	53.03	52.5	48.43	58.64	55.01	52.06	49.16	52.57	48.69	48.73	55.71	52.36	51.84	50.93	49.66	54.65	51.24	55.64	48.74	51.68	54.14	54.99	54.24	52.5	50.74	51.87	50.59	54.32	50.4	47.11	54.95	52.41	53.42	54.27	56.83	52.42	52.84	51.89	53.09	48.21	53.96	53.74	52.1	53.15	52.83	53.09	50.29	47.95	47.58	49.3	52.89	50.39	49.01	56.22
zone5_00070	5	2026/04/28 18:48	5	0.1	51.5	54.21	54.21	53.27	56.27	46.05	46.05	46.62	49.06	51.43	50.88	47.04	49.98	53.24	53.98	55.81	53.22	53.68	51.74	51.69	46.89	48.08	53.76	54.81	56.2	60.33	52.16	55.16	55.23	55.3	47.7	48.58	52.87	53.31	51.58	52.44	52.26	51.99	51.68	49.2	49.55	49	51.85	48.51	57.26	56.19	56.04	53.56	49.26	55.2	48.04	48.04	48.04	57.8	57.08	57.54	57.54	54.82	55.96	48.51	54.65	49.43	52.15	54.53	53.29	53.1	50.3	50.3	50.3	50.3	50.3	54.22	55.12	57.24	56.78	58.14	54.91	55.18	54	54.56	52.44	52.77	55.29	53.71	54.47	54.47	54.47	54.47	54.47	51.44	49.14	51.66	54	48.84	58.5	57.64	54.8	51.19	51.84	57.86	58.56	58.56	58.52	54.6	52.18	50.96	54.92	55.14	57.57	51.29	51.8	59.47	56.64	56.92	56.96	56.8	57.19	53.73	55.55	51.61	49.33	58	57.06	58.27	58.86	57.61	57.96	59.5	59.71	59.13	50.89	59.37	58.47	58.82	59.86	59.45	58.92	55.51	52.09	50.94	50.68	53.03	52.5	48.43	58.64	56.64	56.54	51.44	50.68	58.46	48.73	55.71	52.36	51.84	50.93	49.66	54.65	51.24	55.64	48.74	51.68	54.14	54.99	54.24	52.5	50.74	51.87	50.59	54.32	50.4	47.11	54.95	52.41	53.42	54.27	56.83	52.42	52.84	51.89	53.09	48.21	53.96	53.74	52.1	53.15	52.83	53.09	50.29	47.95	47.58	49.3	52.89	50.39	49.01	56.22	55.49	55.94	49.63	51.69	54.63
zone5_00071	5	2026/04/28 18:48	5	0.1	46.05	46.05	46.62	49.06	51.43	50.88	47.04	49.98	53.24	53.98	55.81	53.22	53.68	51.74	51.69	46.89	48.08	53.76	54.81	56.2	60.33	52.16	55.16	55.23	55.3	47.7	48.58	52.87	53.31	51.58	52.44	52.26	51.99	51.68	49.2	49.55	49	51.85	48.51	57.26	56.19	56.04	53.56	49.26	55.2	55.14	53.65	55.17	51.6	59.78	57.54	57.54	54.82	55.96	48.51	54.65	49.43	52.15	54.53	53.29	53.1	50.3	50.3	50.3	50.3	50.3	54.22	55.12	57.24	56.78	58.14	54.91	55.18	54	54.56	52.44	52.77	55.29	53.71	54.47	54.47	54.47	54.47	54.47	51.44	49.14	51.66	54	48.84	58.5	57.64	54.8	51.19	51.84	57.86	57.86	57.86	57.86	57.86	61.09	50.96	54.92	55.14	57.57	51.29	51.8	59.47	56.64	56.92	56.96	56.8	57.19	53.73	55.55	51.61	49.33	58	57.06	58.27	58.86	57.61	57.96	59.5	59.71	59.13	50.89	59.37	58.47	58.82	59.86	59.45	58.92	55.51	52.09	50.94	50.68	53.03	52.5	48.43	58.64	56.64	56.54	51.44	50.68	58.46	54.86	54.34	55.85	50.64	60	49.66	54.65	51.24	55.64	48.74	51.68	54.14	54.99	54.24	52.5	50.74	51.87	50.59	54.32	50.4	47.11	54.95	52.41	53.42	54.27	56.83	52.42	52.84	51.89	53.09	48.21	53.96	53.74	52.1	53.15	52.83	53.09	50.29	47.95	47.58	49.3	52.89	50.39	49.01	56.22	55.49	55.94	49.63	51.69	54.63	54.42	54.12	53.2	47.72	57.37
zone5_00072	5	2026/04/28 18:48	5	0.1	50.88	47.04	49.98	53.24	53.98	55.81	53.22	53.68	51.74	51.69	46.89	48.08	53.76	54.81	56.2	60.33	52.16	55.16	55.23	55.3	47.7	48.58	52.87	53.31	51.58	52.44	52.26	51.99	51.68	49.2	49.55	49	51.85	48.51	57.26	56.19	56.04	53.56	49.26	55.2	55.14	53.65	55.17	51.6	59.78	57.1	59.07	59.45	57.09	52.79	54.65	49.43	52.15	54.53	53.29	53.1	50.3	50.3	50.3	50.3	50.3	54.22	55.12	57.24	56.78	58.14	54.91	55.18	54	54.56	52.44	52.77	55.29	53.71	54.47	54.47	54.47	54.47	54.47	51.44	49.14	51.66	54	48.84	58.5	57.64	54.8	51.19	51.84	57.86	57.86	57.86	57.86	57.86	61.09	61.09	60.04	58.89	57.9	57.9	51.8	59.47	56.64	56.92	56.96	56.8	57.19	53.73	55.55	51.61	49.33	58	57.06	58.27	58.86	57.61	57.96	59.5	59.71	59.13	50.89	59.37	58.47	58.82	59.86	59.45	58.92	55.51	52.09	50.94	50.68	53.03	52.5	48.43	58.64	56.64	56.54	51.44	50.68	58.46	54.86	54.34	55.85	50.64	60	59.26	60.78	58	56.01	53.44	51.68	54.14	54.99	54.24	52.5	50.74	51.87	50.59	54.32	50.4	47.11	54.95	52.41	53.42	54.27	56.83	52.42	52.84	51.89	53.09	48.21	53.96	53.74	52.1	53.15	52.83	53.09	50.29	47.95	47.58	49.3	52.89	50.39	49.01	56.22	55.49	55.94	49.63	51.69	54.63	54.42	54.12	53.2	47.72	57.37	58.27	57.97	56.96	52.23	52.98
zone5_00073	5	2026/04/28 18:48	5	0.1	55.81	53.22	53.68	51.74	51.69	46.89	48.08	53.76	54.81	56.2	60.33	52.16	55.16	55.23	55.3	47.7	48.58	52.87	53.31	51.58	52.44	52.26	51.99	51.68	49.2	49.55	49	51.85	48.51	57.26	56.19	56.04	53.56	49.26	55.2	55.14	53.65	55.17	51.6	59.78	57.1	59.07	59.45	57.09	52.79	51.58	51.58	57.12	51.79	45.43	53.1	50.3	50.3	50.3	50.3	50.3	54.22	55.12	57.24	56.78	58.14	54.91	55.18	54	54.56	52.44	52.77	55.29	53.71	54.47	54.47	54.47	54.47	54.47	51.44	49.14	51.66	54	48.84	58.5	57.64	54.8	51.19	51.84	57.86	57.86	57.86	57.86	57.86	61.09	61.09	60.04	58.89	57.9	57.9	57.9	57.9	57.9	48.5	44.51	56.8	57.19	53.73	55.55	51.61	49.33	58	57.06	58.27	58.86	57.61	57.96	59.5	59.71	59.13	50.89	59.37	58.47	58.82	59.86	59.45	58.92	55.51	52.09	50.94	50.68	53.03	52.5	48.43	58.64	56.64	56.54	51.44	50.68	58.46	54.86	54.34	55.85	50.64	60	59.26	60.78	58	56.01	53.44	60.21	57.99	52.38	47.9	47.24	50.74	51.87	50.59	54.32	50.4	47.11	54.95	52.41	53.42	54.27	56.83	52.42	52.84	51.89	53.09	48.21	53.96	53.74	52.1	53.15	52.83	53.09	50.29	47.95	47.58	49.3	52.89	50.39	49.01	56.22	55.49	55.94	49.63	51.69	54.63	54.42	54.12	53.2	47.72	57.37	58.27	57.97	56.96	52.23	52.98	58.2	54.91	50.26	45.32	41.76
zone5_00074	5	2026/04/28 18:48	5	0.1	46.89	48.08	53.76	54.81	56.2	60.33	52.16	55.16	55.23	55.3	47.7	48.58	52.87	53.31	51.58	52.44	52.26	51.99	51.68	49.2	49.55	49	51.85	48.51	57.26	56.19	56.04	53.56	49.26	55.2	55.14	53.65	55.17	51.6	59.78	57.1	59.07	59.45	57.09	52.79	51.58	51.58	57.12	51.79	45.43	55.56	53.79	54.07	55.94	54.2	50.3	54.22	55.12	57.24	56.78	58.14	54.91	55.18	54	54.56	52.44	52.77	55.29	53.71	54.47	54.47	54.47	54.47	54.47	51.44	49.14	51.66	54	48.84	58.5	57.64	54.8	51.19	51.84	57.86	57.86	57.86	57.86	57.86	61.09	61.09	60.04	58.89	57.9	57.9	57.9	57.9	57.9	48.5	44.51	47.61	56.39	54.91	55.9	54.84	49.33	58	57.06	58.27	58.86	57.61	57.96	59.5	59.71	59.13	50.89	59.37	58.47	58.82	59.86	59.45	58.92	55.51	52.09	50.94	50.68	53.03	52.5	48.43	58.64	56.64	56.54	51.44	50.68	58.46	54.86	54.34	55.85	50.64	60	59.26	60.78	58	56.01	53.44	60.21	57.99	52.38	47.9	47.24	57.83	58.44	55.39	57.93	55.84	47.11	54.95	52.41	53.42	54.27	56.83	52.42	52.84	51.89	53.09	48.21	53.96	53.74	52.1	53.15	52.83	53.09	50.29	47.95	47.58	49.3	52.89	50.39	49.01	56.22	55.49	55.94	49.63	51.69	54.63	54.42	54.12	53.2	47.72	57.37	58.27	57.97	56.96	52.23	52.98	58.2	54.91	50.26	45.32	41.76	57.95	56.27	55.02	55.28	53.18
zone5_00075	5	2026/04/28 18:48	5	0.1	60.33	52.16	55.16	55.23	55.3	47.7	48.58	52.87	53.31	51.58	52.44	52.26	51.99	51.68	49.2	49.55	49	51.85	48.51	57.26	56.19	56.04	53.56	49.26	55.2	55.14	53.65	55.17	51.6	59.78	57.1	59.07	59.45	57.09	52.79	51.58	51.58	57.12	51.79	45.43	55.56	53.79	54.07	55.94	54.2	54.68	51.25	52.87	56.9	55.88	58.14	54.91	55.18	54	54.56	52.44	52.77	55.29	53.71	54.47	54.47	54.47	54.47	54.47	51.44	49.14	51.66	54	48.84	58.5	57.64	54.8	51.19	51.84	57.86	57.86	57.86	57.86	57.86	61.09	61.09	60.04	58.89	57.9	57.9	57.9	57.9	57.9	48.5	44.51	47.61	56.39	54.91	55.9	54.84	55.25	55.01	54.13	55.68	56.27	57.61	57.96	59.5	59.71	59.13	50.89	59.37	58.47	58.82	59.86	59.45	58.92	55.51	52.09	50.94	50.68	53.03	52.5	48.43	58.64	56.64	56.54	51.44	50.68	58.46	54.86	54.34	55.85	50.64	60	59.26	60.78	58	56.01	53.44	60.21	57.99	52.38	47.9	47.24	57.83	58.44	55.39	57.93	55.84	57.64	57.04	56.81	56.91	54.96	56.83	52.42	52.84	51.89	53.09	48.21	53.96	53.74	52.1	53.15	52.83	53.09	50.29	47.95	47.58	49.3	52.89	50.39	49.01	56.22	55.49	55.94	49.63	51.69	54.63	54.42	54.12	53.2	47.72	57.37	58.27	57.97	56.96	52.23	52.98	58.2	54.91	50.26	45.32	41.76	57.95	56.27	55.02	55.28	53.18	55.59	54.88	54.21	55.84	54.1
zone5_00076	5	2026/04/28 18:48	5	0.1	47.7	48.58	52.87	53.31	51.58	52.44	52.26	51.99	51.68	49.2	49.55	49	51.85	48.51	57.26	56.19	56.04	53.56	49.26	55.2	55.14	53.65	55.17	51.6	59.78	57.1	59.07	59.45	57.09	52.79	51.58	51.58	57.12	51.79	45.43	55.56	53.79	54.07	55.94	54.2	54.68	51.25	52.87	56.9	55.88	51.78	51.06	49.65	56.67	56.87	52.44	52.77	55.29	53.71	54.47	54.47	54.47	54.47	54.47	51.44	49.14	51.66	54	48.84	58.5	57.64	54.8	51.19	51.84	57.86	57.86	57.86	57.86	57.86	61.09	61.09	60.04	58.89	57.9	57.9	57.9	57.9	57.9	48.5	44.51	47.61	56.39	54.91	55.9	54.84	55.25	55.01	54.13	55.68	56.27	55.93	52.9	52.18	57.36	57.76	50.89	59.37	58.47	58.82	59.86	59.45	58.92	55.51	52.09	50.94	50.68	53.03	52.5	48.43	58.64	56.64	56.54	51.44	50.68	58.46	54.86	54.34	55.85	50.64	60	59.26	60.78	58	56.01	53.44	60.21	57.99	52.38	47.9	47.24	57.83	58.44	55.39	57.93	55.84	57.64	57.04	56.81	56.91	54.96	52.52	51.58	50.77	57.73	57.49	48.21	53.96	53.74	52.1	53.15	52.83	53.09	50.29	47.95	47.58	49.3	52.89	50.39	49.01	56.22	55.49	55.94	49.63	51.69	54.63	54.42	54.12	53.2	47.72	57.37	58.27	57.97	56.96	52.23	52.98	58.2	54.91	50.26	45.32	41.76	57.95	56.27	55.02	55.28	53.18	55.59	54.88	54.21	55.84	54.1	51.69	49.53	49.98	55	54.68
zone5_00077	5	2026/04/28 18:48	5	0.1	52.44	52.26	51.99	51.68	49.2	49.55	49	51.85	48.51	57.26	56.19	56.04	53.56	49.26	55.2	55.14	53.65	55.17	51.6	59.78	57.1	59.07	59.45	57.09	52.79	51.58	51.58	57.12	51.79	45.43	55.56	53.79	54.07	55.94	54.2	54.68	51.25	52.87	56.9	55.88	51.78	51.06	49.65	56.67	56.87	57.08	54.85	49.14	49.85	51.91	54.47	54.47	54.47	54.47	51.44	49.14	51.66	54	48.84	58.5	57.64	54.8	51.19	51.84	57.86	57.86	57.86	57.86	57.86	61.09	61.09	60.04	58.89	57.9	57.9	57.9	57.9	57.9	48.5	44.51	47.61	56.39	54.91	55.9	54.84	55.25	55.01	54.13	55.68	56.27	55.93	52.9	52.18	57.36	57.76	58.52	55.46	49.86	51.35	52.83	59.45	58.92	55.51	52.09	50.94	50.68	53.03	52.5	48.43	58.64	56.64	56.54	51.44	50.68	58.46	54.86	54.34	55.85	50.64	60	59.26	60.78	58	56.01	53.44	60.21	57.99	52.38	47.9	47.24	57.83	58.44	55.39	57.93	55.84	57.64	57.04	56.81	56.91	54.96	52.52	51.58	50.77	57.73	57.49	56.24	54.31	49.52	56.62	52.23	52.83	53.09	50.29	47.95	47.58	49.3	52.89	50.39	49.01	56.22	55.49	55.94	49.63	51.69	54.63	54.42	54.12	53.2	47.72	57.37	58.27	57.97	56.96	52.23	52.98	58.2	54.91	50.26	45.32	41.76	57.95	56.27	55.02	55.28	53.18	55.59	54.88	54.21	55.84	54.1	51.69	49.53	49.98	55	54.68	55.93	55.23	47.84	55.43	50.62
zone5_00078	5	2026/04/28 18:48	5	0.1	49.55	49	51.85	48.51	57.26	56.19	56.04	53.56	49.26	55.2	55.14	53.65	55.17	51.6	59.78	57.1	59.07	59.45	57.09	52.79	51.58	51.58	57.12	51.79	45.43	55.56	53.79	54.07	55.94	54.2	54.68	51.25	52.87	56.9	55.88	51.78	51.06	49.65	56.67	56.87	57.08	54.85	49.14	49.85	51.91	52.02	50.86	54.08	51.11	54.21	49.14	51.66	54	48.84	58.5	57.64	54.8	51.19	51.84	57.86	57.86	57.86	57.86	57.86	61.09	61.09	60.04	58.89	57.9	57.9	57.9	57.9	57.9	48.5	44.51	47.61	56.39	54.91	55.9	54.84	55.25	55.01	54.13	55.68	56.27	55.93	52.9	52.18	57.36	57.76	58.52	55.46	49.86	51.35	52.83	52.15	53.86	53.37	52.78	52.78	50.68	53.03	52.5	48.43	58.64	56.64	56.54	51.44	50.68	58.46	54.86	54.34	55.85	50.64	60	59.26	60.78	58	56.01	53.44	60.21	57.99	52.38	47.9	47.24	57.83	58.44	55.39	57.93	55.84	57.64	57.04	56.81	56.91	54.96	52.52	51.58	50.77	57.73	57.49	56.24	54.31	49.52	56.62	52.23	53.86	56.55	51.96	58.44	57.3	49.3	52.89	50.39	49.01	56.22	55.49	55.94	49.63	51.69	54.63	54.42	54.12	53.2	47.72	57.37	58.27	57.97	56.96	52.23	52.98	58.2	54.91	50.26	45.32	41.76	57.95	56.27	55.02	55.28	53.18	55.59	54.88	54.21	55.84	54.1	51.69	49.53	49.98	55	54.68	55.93	55.23	47.84	55.43	50.62	52.85	50.98	49.95	54.83	55.03
zone5_00079	5	2026/04/28 18:48	5	0.1	56.19	56.04	53.56	49.26	55.2	55.14	53.65	55.17	51.6	59.78	57.1	59.07	59.45	57.09	52.79	51.58	51.58	57.12	51.79	45.43	55.56	53.79	54.07	55.94	54.2	54.68	51.25	52.87	56.9	55.88	51.78	51.06	49.65	56.67	56.87	57.08	54.85	49.14	49.85	51.91	52.02	50.86	54.08	51.11	54.21	54.21	57.02	52.49	52.61	53.76	57.64	54.8	51.19	51.84	57.86	57.86	57.86	57.86	57.86	61.09	61.09	60.04	58.89	57.9	57.9	57.9	57.9	57.9	48.5	44.51	47.61	56.39	54.91	55.9	54.84	55.25	55.01	54.13	55.68	56.27	55.93	52.9	52.18	57.36	57.76	58.52	55.46	49.86	51.35	52.83	52.15	53.86	53.37	52.78	52.78	52.78	52.78	53.66	51.42	53.36	56.64	56.54	51.44	50.68	58.46	54.86	54.34	55.85	50.64	60	59.26	60.78	58	56.01	53.44	60.21	57.99	52.38	47.9	47.24	57.83	58.44	55.39	57.93	55.84	57.64	57.04	56.81	56.91	54.96	52.52	51.58	50.77	57.73	57.49	56.24	54.31	49.52	56.62	52.23	53.86	56.55	51.96	58.44	57.3	55.22	57.25	54.39	52.84	58.79	55.49	55.94	49.63	51.69	54.63	54.42	54.12	53.2	47.72	57.37	58.27	57.97	56.96	52.23	52.98	58.2	54.91	50.26	45.32	41.76	57.95	56.27	55.02	55.28	53.18	55.59	54.88	54.21	55.84	54.1	51.69	49.53	49.98	55	54.68	55.93	55.23	47.84	55.43	50.62	52.85	50.98	49.95	54.83	55.03	52.52	54.81	50.5	51.77	53.61
zone5_00080	5	2026/04/28 18:48	5	0.1	55.14	53.65	55.17	51.6	59.78	57.1	59.07	59.45	57.09	52.79	51.58	51.58	57.12	51.79	45.43	55.56	53.79	54.07	55.94	54.2	54.68	51.25	52.87	56.9	55.88	51.78	51.06	49.65	56.67	56.87	57.08	54.85	49.14	49.85	51.91	52.02	50.86	54.08	51.11	54.21	54.21	57.02	52.49	52.61	53.76	54.81	52.93	51.63	49.36	48.69	57.86	57.86	57.86	57.86	61.09	61.09	60.04	58.89	57.9	57.9	57.9	57.9	57.9	48.5	44.51	47.61	56.39	54.91	55.9	54.84	55.25	55.01	54.13	55.68	56.27	55.93	52.9	52.18	57.36	57.76	58.52	55.46	49.86	51.35	52.83	52.15	53.86	53.37	52.78	52.78	52.78	52.78	53.66	51.42	53.36	52.32	50.24	49.8	49.06	50.82	54.86	54.34	55.85	50.64	60	59.26	60.78	58	56.01	53.44	60.21	57.99	52.38	47.9	47.24	57.83	58.44	55.39	57.93	55.84	57.64	57.04	56.81	56.91	54.96	52.52	51.58	50.77	57.73	57.49	56.24	54.31	49.52	56.62	52.23	53.86	56.55	51.96	58.44	57.3	55.22	57.25	54.39	52.84	58.79	57.65	56.49	51.76	51.86	53.63	54.42	54.12	53.2	47.72	57.37	58.27	57.97	56.96	52.23	52.98	58.2	54.91	50.26	45.32	41.76	57.95	56.27	55.02	55.28	53.18	55.59	54.88	54.21	55.84	54.1	51.69	49.53	49.98	55	54.68	55.93	55.23	47.84	55.43	50.62	52.85	50.98	49.95	54.83	55.03	52.52	54.81	50.5	51.77	53.61	51.68	47.75	49.6	49.37	50.7
zone5_00081	5	2026/04/28 18:48	5	0.1	57.1	59.07	59.45	57.09	52.79	51.58	51.58	57.12	51.79	45.43	55.56	53.79	54.07	55.94	54.2	54.68	51.25	52.87	56.9	55.88	51.78	51.06	49.65	56.67	56.87	57.08	54.85	49.14	49.85	51.91	52.02	50.86	54.08	51.11	54.21	54.21	57.02	52.49	52.61	53.76	54.81	52.93	51.63	49.36	48.69	49.5	50.82	55.08	52.74	52.21	61.09	60.04	58.89	57.9	57.9	57.9	57.9	57.9	48.5	44.51	47.61	56.39	54.91	55.9	54.84	55.25	55.01	54.13	55.68	56.27	55.93	52.9	52.18	57.36	57.76	58.52	55.46	49.86	51.35	52.83	52.15	53.86	53.37	52.78	52.78	52.78	52.78	53.66	51.42	53.36	52.32	50.24	49.8	49.06	50.82	51.05	55.83	53.51	51.86	55.81	59.26	60.78	58	56.01	53.44	60.21	57.99	52.38	47.9	47.24	57.83	58.44	55.39	57.93	55.84	57.64	57.04	56.81	56.91	54.96	52.52	51.58	50.77	57.73	57.49	56.24	54.31	49.52	56.62	52.23	53.86	56.55	51.96	58.44	57.3	55.22	57.25	54.39	52.84	58.79	57.65	56.49	51.76	51.86	53.63	52.77	56.99	54.51	51.4	59.08	58.27	57.97	56.96	52.23	52.98	58.2	54.91	50.26	45.32	41.76	57.95	56.27	55.02	55.28	53.18	55.59	54.88	54.21	55.84	54.1	51.69	49.53	49.98	55	54.68	55.93	55.23	47.84	55.43	50.62	52.85	50.98	49.95	54.83	55.03	52.52	54.81	50.5	51.77	53.61	51.68	47.75	49.6	49.37	50.7	50.41	55.42	52.96	49.89	54.88
zone5_00082	5	2026/04/28 18:48	5	0.1	51.58	51.58	57.12	51.79	45.43	55.56	53.79	54.07	55.94	54.2	54.68	51.25	52.87	56.9	55.88	51.78	51.06	49.65	56.67	56.87	57.08	54.85	49.14	49.85	51.91	52.02	50.86	54.08	51.11	54.21	54.21	57.02	52.49	52.61	53.76	54.81	52.93	51.63	49.36	48.69	49.5	50.82	55.08	52.74	52.21	53.11	55.08	55.08	56.67	56.67	57.9	57.9	57.9	48.5	44.51	47.61	56.39	54.91	55.9	54.84	55.25	55.01	54.13	55.68	56.27	55.93	52.9	52.18	57.36	57.76	58.52	55.46	49.86	51.35	52.83	52.15	53.86	53.37	52.78	52.78	52.78	52.78	53.66	51.42	53.36	52.32	50.24	49.8	49.06	50.82	51.05	55.83	53.51	51.86	55.81	54.73	57.44	58.7	59.49	59.49	60.21	57.99	52.38	47.9	47.24	57.83	58.44	55.39	57.93	55.84	57.64	57.04	56.81	56.91	54.96	52.52	51.58	50.77	57.73	57.49	56.24	54.31	49.52	56.62	52.23	53.86	56.55	51.96	58.44	57.3	55.22	57.25	54.39	52.84	58.79	57.65	56.49	51.76	51.86	53.63	52.77	56.99	54.51	51.4	59.08	58.26	58.43	58.05	57.23	56.29	58.2	54.91	50.26	45.32	41.76	57.95	56.27	55.02	55.28	53.18	55.59	54.88	54.21	55.84	54.1	51.69	49.53	49.98	55	54.68	55.93	55.23	47.84	55.43	50.62	52.85	50.98	49.95	54.83	55.03	52.52	54.81	50.5	51.77	53.61	51.68	47.75	49.6	49.37	50.7	50.41	55.42	52.96	49.89	54.88	52.2	56.41	56.51	57.15	55.96
zone5_00083	5	2026/04/28 18:48	5	0.1	55.56	53.79	54.07	55.94	54.2	54.68	51.25	52.87	56.9	55.88	51.78	51.06	49.65	56.67	56.87	57.08	54.85	49.14	49.85	51.91	52.02	50.86	54.08	51.11	54.21	54.21	57.02	52.49	52.61	53.76	54.81	52.93	51.63	49.36	48.69	49.5	50.82	55.08	52.74	52.21	53.11	55.08	55.08	56.67	56.67	56.67	57.83	55.61	55.4	55.67	47.61	56.39	54.91	55.9	54.84	55.25	55.01	54.13	55.68	56.27	55.93	52.9	52.18	57.36	57.76	58.52	55.46	49.86	51.35	52.83	52.15	53.86	53.37	52.78	52.78	52.78	52.78	53.66	51.42	53.36	52.32	50.24	49.8	49.06	50.82	51.05	55.83	53.51	51.86	55.81	54.73	57.44	58.7	59.49	59.49	59.49	59.49	59.49	59.49	58.26	57.83	58.44	55.39	57.93	55.84	57.64	57.04	56.81	56.91	54.96	52.52	51.58	50.77	57.73	57.49	56.24	54.31	49.52	56.62	52.23	53.86	56.55	51.96	58.44	57.3	55.22	57.25	54.39	52.84	58.79	57.65	56.49	51.76	51.86	53.63	52.77	56.99	54.51	51.4	59.08	58.26	58.43	58.05	57.23	56.29	56.75	54.06	58.24	56.98	56.37	57.95	56.27	55.02	55.28	53.18	55.59	54.88	54.21	55.84	54.1	51.69	49.53	49.98	55	54.68	55.93	55.23	47.84	55.43	50.62	52.85	50.98	49.95	54.83	55.03	52.52	54.81	50.5	51.77	53.61	51.68	47.75	49.6	49.37	50.7	50.41	55.42	52.96	49.89	54.88	52.2	56.41	56.51	57.15	55.96	55.44	51.81	57.54	55.24	56.89
zone5_00084	5	2026/04/28 18:48	5	0.1	54.68	51.25	52.87	56.9	55.88	51.78	51.06	49.65	56.67	56.87	57.08	54.85	49.14	49.85	51.91	52.02	50.86	54.08	51.11	54.21	54.21	57.02	52.49	52.61	53.76	54.81	52.93	51.63	49.36	48.69	49.5	50.82	55.08	52.74	52.21	53.11	55.08	55.08	56.67	56.67	56.67	57.83	55.61	55.4	55.67	55.67	55.67	55.67	55.67	55.67	55.25	55.01	54.13	55.68	56.27	55.93	52.9	52.18	57.36	57.76	58.52	55.46	49.86	51.35	52.83	52.15	53.86	53.37	52.78	52.78	52.78	52.78	53.66	51.42	53.36	52.32	50.24	49.8	49.06	50.82	51.05	55.83	53.51	51.86	55.81	54.73	57.44	58.7	59.49	59.49	59.49	59.49	59.49	59.49	58.26	58.64	58.64	60.31	60.31	60.31	57.64	57.04	56.81	56.91	54.96	52.52	51.58	50.77	57.73	57.49	56.24	54.31	49.52	56.62	52.23	53.86	56.55	51.96	58.44	57.3	55.22	57.25	54.39	52.84	58.79	57.65	56.49	51.76	51.86	53.63	52.77	56.99	54.51	51.4	59.08	58.26	58.43	58.05	57.23	56.29	56.75	54.06	58.24	56.98	56.37	56.6	59.23	57.85	57.85	58.54	55.59	54.88	54.21	55.84	54.1	51.69	49.53	49.98	55	54.68	55.93	55.23	47.84	55.43	50.62	52.85	50.98	49.95	54.83	55.03	52.52	54.81	50.5	51.77	53.61	51.68	47.75	49.6	49.37	50.7	50.41	55.42	52.96	49.89	54.88	52.2	56.41	56.51	57.15	55.96	55.44	51.81	57.54	55.24	56.89	57.35	55.81	55.72	51.79	50.93
zone5_00085	5	2026/04/28 18:48	5	0.1	51.78	51.06	49.65	56.67	56.87	57.08	54.85	49.14	49.85	51.91	52.02	50.86	54.08	51.11	54.21	54.21	57.02	52.49	52.61	53.76	54.81	52.93	51.63	49.36	48.69	49.5	50.82	55.08	52.74	52.21	53.11	55.08	55.08	56.67	56.67	56.67	57.83	55.61	55.4	55.67	55.67	55.67	55.67	55.67	55.67	55.67	54.04	54.04	54.04	52.26	55.93	52.9	52.18	57.36	57.76	58.52	55.46	49.86	51.35	52.83	52.15	53.86	53.37	52.78	52.78	52.78	52.78	53.66	51.42	53.36	52.32	50.24	49.8	49.06	50.82	51.05	55.83	53.51	51.86	55.81	54.73	57.44	58.7	59.49	59.49	59.49	59.49	59.49	59.49	58.26	58.64	58.64	60.31	60.31	60.31	59.75	59.75	59.75	59.75	59.75	52.52	51.58	50.77	57.73	57.49	56.24	54.31	49.52	56.62	52.23	53.86	56.55	51.96	58.44	57.3	55.22	57.25	54.39	52.84	58.79	57.65	56.49	51.76	51.86	53.63	52.77	56.99	54.51	51.4	59.08	58.26	58.43	58.05	57.23	56.29	56.75	54.06	58.24	56.98	56.37	56.6	59.23	57.85	57.85	58.54	58.99	57.73	57.73	58.05	58.05	51.69	49.53	49.98	55	54.68	55.93	55.23	47.84	55.43	50.62	52.85	50.98	49.95	54.83	55.03	52.52	54.81	50.5	51.77	53.61	51.68	47.75	49.6	49.37	50.7	50.41	55.42	52.96	49.89	54.88	52.2	56.41	56.51	57.15	55.96	55.44	51.81	57.54	55.24	56.89	57.35	55.81	55.72	51.79	50.93	50.9	50.03	49.73	50.39	57.74
zone5_00086	5	2026/04/28 18:48	5	0.1	57.08	54.85	49.14	49.85	51.91	52.02	50.86	54.08	51.11	54.21	54.21	57.02	52.49	52.61	53.76	54.81	52.93	51.63	49.36	48.69	49.5	50.82	55.08	52.74	52.21	53.11	55.08	55.08	56.67	56.67	56.67	57.83	55.61	55.4	55.67	55.67	55.67	55.67	55.67	55.67	55.67	54.04	54.04	54.04	52.26	52.26	52.26	50.88	50.88	50.88	58.52	55.46	49.86	51.35	52.83	52.15	53.86	53.37	52.78	52.78	52.78	52.78	53.66	51.42	53.36	52.32	50.24	49.8	49.06	50.82	51.05	55.83	53.51	51.86	55.81	54.73	57.44	58.7	59.49	59.49	59.49	59.49	59.49	59.49	58.26	58.64	58.64	60.31	60.31	60.31	59.75	59.75	59.75	59.75	59.75	59.75	59.75	59.75	59.71	59.71	56.24	54.31	49.52	56.62	52.23	53.86	56.55	51.96	58.44	57.3	55.22	57.25	54.39	52.84	58.79	57.65	56.49	51.76	51.86	53.63	52.77	56.99	54.51	51.4	59.08	58.26	58.43	58.05	57.23	56.29	56.75	54.06	58.24	56.98	56.37	56.6	59.23	57.85	57.85	58.54	58.99	57.73	57.73	58.05	58.05	58.05	57.88	57.88	57.08	55.52	55.93	55.23	47.84	55.43	50.62	52.85	50.98	49.95	54.83	55.03	52.52	54.81	50.5	51.77	53.61	51.68	47.75	49.6	49.37	50.7	50.41	55.42	52.96	49.89	54.88	52.2	56.41	56.51	57.15	55.96	55.44	51.81	57.54	55.24	56.89	57.35	55.81	55.72	51.79	50.93	50.9	50.03	49.73	50.39	57.74	57.74	57.74	57.74	56.03	56.34
zone5_00087	5	2026/04/28 18:48	5	0.1	52.02	50.86	54.08	51.11	54.21	54.21	57.02	52.49	52.61	53.76	54.81	52.93	51.63	49.36	48.69	49.5	50.82	55.08	52.74	52.21	53.11	55.08	55.08	56.67	56.67	56.67	57.83	55.61	55.4	55.67	55.67	55.67	55.67	55.67	55.67	55.67	54.04	54.04	54.04	52.26	52.26	52.26	50.88	50.88	50.88	56.64	56.64	56.64	56.64	56.64	52.15	53.86	53.37	52.78	52.78	52.78	52.78	53.66	51.42	53.36	52.32	50.24	49.8	49.06	50.82	51.05	55.83	53.51	51.86	55.81	54.73	57.44	58.7	59.49	59.49	59.49	59.49	59.49	59.49	58.26	58.64	58.64	60.31	60.31	60.31	59.75	59.75	59.75	59.75	59.75	59.75	59.75	59.75	59.71	59.71	59.71	59.71	59.71	59.71	59.71	53.86	56.55	51.96	58.44	57.3	55.22	57.25	54.39	52.84	58.79	57.65	56.49	51.76	51.86	53.63	52.77	56.99	54.51	51.4	59.08	58.26	58.43	58.05	57.23	56.29	56.75	54.06	58.24	56.98	56.37	56.6	59.23	57.85	57.85	58.54	58.99	57.73	57.73	58.05	58.05	58.05	57.88	57.88	57.08	55.52	55.52	54.98	56.45	56.45	56.09	52.85	50.98	49.95	54.83	55.03	52.52	54.81	50.5	51.77	53.61	51.68	47.75	49.6	49.37	50.7	50.41	55.42	52.96	49.89	54.88	52.2	56.41	56.51	57.15	55.96	55.44	51.81	57.54	55.24	56.89	57.35	55.81	55.72	51.79	50.93	50.9	50.03	49.73	50.39	57.74	57.74	57.74	57.74	56.03	56.34	56.16	52.98	55.15	57.65	57.42
zone5_00088	5	2026/04/28 18:48	5	0.1	54.21	57.02	52.49	52.61	53.76	54.81	52.93	51.63	49.36	48.69	49.5	50.82	55.08	52.74	52.21	53.11	55.08	55.08	56.67	56.67	56.67	57.83	55.61	55.4	55.67	55.67	55.67	55.67	55.67	55.67	55.67	54.04	54.04	54.04	52.26	52.26	52.26	50.88	50.88	50.88	56.64	56.64	56.64	56.64	56.64	56.84	56.84	56.84	56.84	56.84	52.78	52.78	53.66	51.42	53.36	52.32	50.24	49.8	49.06	50.82	51.05	55.83	53.51	51.86	55.81	54.73	57.44	58.7	59.49	59.49	59.49	59.49	59.49	59.49	58.26	58.64	58.64	60.31	60.31	60.31	59.75	59.75	59.75	59.75	59.75	59.75	59.75	59.75	59.71	59.71	59.71	59.71	59.71	59.71	59.71	58.35	57.87	57.87	56.09	56.09	55.22	57.25	54.39	52.84	58.79	57.65	56.49	51.76	51.86	53.63	52.77	56.99	54.51	51.4	59.08	58.26	58.43	58.05	57.23	56.29	56.75	54.06	58.24	56.98	56.37	56.6	59.23	57.85	57.85	58.54	58.99	57.73	57.73	58.05	58.05	58.05	57.88	57.88	57.08	55.52	55.52	54.98	56.45	56.45	56.09	56.09	55.46	53.9	52.54	52.54	52.52	54.81	50.5	51.77	53.61	51.68	47.75	49.6	49.37	50.7	50.41	55.42	52.96	49.89	54.88	52.2	56.41	56.51	57.15	55.96	55.44	51.81	57.54	55.24	56.89	57.35	55.81	55.72	51.79	50.93	50.9	50.03	49.73	50.39	57.74	57.74	57.74	57.74	56.03	56.34	56.16	52.98	55.15	57.65	57.42	58.79	55.79	56.04	56.26	54.1
zone5_00089	5	2026/04/28 18:48	5	0.1	54.81	52.93	51.63	49.36	48.69	49.5	50.82	55.08	52.74	52.21	53.11	55.08	55.08	56.67	56.67	56.67	57.83	55.61	55.4	55.67	55.67	55.67	55.67	55.67	55.67	55.67	54.04	54.04	54.04	52.26	52.26	52.26	50.88	50.88	50.88	56.64	56.64	56.64	56.64	56.64	56.84	56.84	56.84	56.84	56.84	56.84	56.84	56.25	56.25	58.82	52.32	50.24	49.8	49.06	50.82	51.05	55.83	53.51	51.86	55.81	54.73	57.44	58.7	59.49	59.49	59.49	59.49	59.49	59.49	58.26	58.64	58.64	60.31	60.31	60.31	59.75	59.75	59.75	59.75	59.75	59.75	59.75	59.75	59.71	59.71	59.71	59.71	59.71	59.71	59.71	58.35	57.87	57.87	56.09	56.09	57.04	57.04	58.06	58.06	59.62	57.65	56.49	51.76	51.86	53.63	52.77	56.99	54.51	51.4	59.08	58.26	58.43	58.05	57.23	56.29	56.75	54.06	58.24	56.98	56.37	56.6	59.23	57.85	57.85	58.54	58.99	57.73	57.73	58.05	58.05	58.05	57.88	57.88	57.08	55.52	55.52	54.98	56.45	56.45	56.09	56.09	55.46	53.9	52.54	52.54	53.2	57.13	57.37	52.57	56.45	51.68	47.75	49.6	49.37	50.7	50.41	55.42	52.96	49.89	54.88	52.2	56.41	56.51	57.15	55.96	55.44	51.81	57.54	55.24	56.89	57.35	55.81	55.72	51.79	50.93	50.9	50.03	49.73	50.39	57.74	57.74	57.74	57.74	56.03	56.34	56.16	52.98	55.15	57.65	57.42	58.79	55.79	56.04	56.26	54.1	51.54	51	51.41	54.77	53.08
zone5_00090	5	2026/04/28 18:48	5	0.1	49.5	50.82	55.08	52.74	52.21	53.11	55.08	55.08	56.67	56.67	56.67	57.83	55.61	55.4	55.67	55.67	55.67	55.67	55.67	55.67	55.67	54.04	54.04	54.04	52.26	52.26	52.26	50.88	50.88	50.88	56.64	56.64	56.64	56.64	56.64	56.84	56.84	56.84	56.84	56.84	56.84	56.84	56.25	56.25	58.82	58.82	58.62	58.62	56.79	56.54	51.05	55.83	53.51	51.86	55.81	54.73	57.44	58.7	59.49	59.49	59.49	59.49	59.49	59.49	58.26	58.64	58.64	60.31	60.31	60.31	59.75	59.75	59.75	59.75	59.75	59.75	59.75	59.75	59.71	59.71	59.71	59.71	59.71	59.71	59.71	58.35	57.87	57.87	56.09	56.09	57.04	57.04	58.06	58.06	59.62	59.62	59.62	59.62	59.62	59.62	52.77	56.99	54.51	51.4	59.08	58.26	58.43	58.05	57.23	56.29	56.75	54.06	58.24	56.98	56.37	56.6	59.23	57.85	57.85	58.54	58.99	57.73	57.73	58.05	58.05	58.05	57.88	57.88	57.08	55.52	55.52	54.98	56.45	56.45	56.09	56.09	55.46	53.9	52.54	52.54	53.2	57.13	57.37	52.57	56.45	59.41	59.41	58.66	53.29	52.77	50.41	55.42	52.96	49.89	54.88	52.2	56.41	56.51	57.15	55.96	55.44	51.81	57.54	55.24	56.89	57.35	55.81	55.72	51.79	50.93	50.9	50.03	49.73	50.39	57.74	57.74	57.74	57.74	56.03	56.34	56.16	52.98	55.15	57.65	57.42	58.79	55.79	56.04	56.26	54.1	51.54	51	51.41	54.77	53.08	49.53	49.53	50.71	55.45	52.73
zone5_00091	5	2026/04/28 18:48	5	0.1	53.11	55.08	55.08	56.67	56.67	56.67	57.83	55.61	55.4	55.67	55.67	55.67	55.67	55.67	55.67	55.67	54.04	54.04	54.04	52.26	52.26	52.26	50.88	50.88	50.88	56.64	56.64	56.64	56.64	56.64	56.84	56.84	56.84	56.84	56.84	56.84	56.84	56.25	56.25	58.82	58.82	58.62	58.62	56.79	56.54	59.69	59.69	59.69	59.69	59.69	54.73	57.44	58.7	59.49	59.49	59.49	59.49	59.49	59.49	58.26	58.64	58.64	60.31	60.31	60.31	59.75	59.75	59.75	59.75	59.75	59.75	59.75	59.75	59.71	59.71	59.71	59.71	59.71	59.71	59.71	58.35	57.87	57.87	56.09	56.09	57.04	57.04	58.06	58.06	59.62	59.62	59.62	59.62	59.62	59.62	59.62	56.88	55.7	55.48	56.96	58.26	58.43	58.05	57.23	56.29	56.75	54.06	58.24	56.98	56.37	56.6	59.23	57.85	57.85	58.54	58.99	57.73	57.73	58.05	58.05	58.05	57.88	57.88	57.08	55.52	55.52	54.98	56.45	56.45	56.09	56.09	55.46	53.9	52.54	52.54	53.2	57.13	57.37	52.57	56.45	59.41	59.41	58.66	53.29	52.77	52.85	59.18	53.35	58.4	57.67	52.2	56.41	56.51	57.15	55.96	55.44	51.81	57.54	55.24	56.89	57.35	55.81	55.72	51.79	50.93	50.9	50.03	49.73	50.39	57.74	57.74	57.74	57.74	56.03	56.34	56.16	52.98	55.15	57.65	57.42	58.79	55.79	56.04	56.26	54.1	51.54	51	51.41	54.77	53.08	49.53	49.53	50.71	55.45	52.73	52.82	52.4	52.81	54.34	52.6
zone5_00092	5	2026/04/28 18:48	5	0.1	56.67	57.83	55.61	55.4	55.67	55.67	55.67	55.67	55.67	55.67	55.67	54.04	54.04	54.04	52.26	52.26	52.26	50.88	50.88	50.88	56.64	56.64	56.64	56.64	56.64	56.84	56.84	56.84	56.84	56.84	56.84	56.84	56.25	56.25	58.82	58.82	58.62	58.62	56.79	56.54	59.69	59.69	59.69	59.69	59.69	60.09	60.09	53.93	51.41	48.94	59.49	59.49	59.49	59.49	58.26	58.64	58.64	60.31	60.31	60.31	59.75	59.75	59.75	59.75	59.75	59.75	59.75	59.75	59.71	59.71	59.71	59.71	59.71	59.71	59.71	58.35	57.87	57.87	56.09	56.09	57.04	57.04	58.06	58.06	59.62	59.62	59.62	59.62	59.62	59.62	59.62	56.88	55.7	55.48	56.96	57.04	53.53	55.86	52.93	51.33	56.75	54.06	58.24	56.98	56.37	56.6	59.23	57.85	57.85	58.54	58.99	57.73	57.73	58.05	58.05	58.05	57.88	57.88	57.08	55.52	55.52	54.98	56.45	56.45	56.09	56.09	55.46	53.9	52.54	52.54	53.2	57.13	57.37	52.57	56.45	59.41	59.41	58.66	53.29	52.77	52.85	59.18	53.35	58.4	57.67	53.92	53.21	55.96	52.51	49.76	55.44	51.81	57.54	55.24	56.89	57.35	55.81	55.72	51.79	50.93	50.9	50.03	49.73	50.39	57.74	57.74	57.74	57.74	56.03	56.34	56.16	52.98	55.15	57.65	57.42	58.79	55.79	56.04	56.26	54.1	51.54	51	51.41	54.77	53.08	49.53	49.53	50.71	55.45	52.73	52.82	52.4	52.81	54.34	52.6	50.85	52.33	54.21	49.54	49.14
zone5_00093	5	2026/04/28 18:48	5	0.1	55.67	55.67	55.67	55.67	55.67	55.67	54.04	54.04	54.04	52.26	52.26	52.26	50.88	50.88	50.88	56.64	56.64	56.64	56.64	56.64	56.84	56.84	56.84	56.84	56.84	56.84	56.84	56.25	56.25	58.82	58.82	58.62	58.62	56.79	56.54	59.69	59.69	59.69	59.69	59.69	60.09	60.09	53.93	51.41	48.94	48.84	54.71	50.45	55.13	51.48	58.64	58.64	60.31	60.31	60.31	59.75	59.75	59.75	59.75	59.75	59.75	59.75	59.75	59.71	59.71	59.71	59.71	59.71	59.71	59.71	58.35	57.87	57.87	56.09	56.09	57.04	57.04	58.06	58.06	59.62	59.62	59.62	59.62	59.62	59.62	59.62	56.88	55.7	55.48	56.96	57.04	53.53	55.86	52.93	51.33	49.24	49.59	49.59	49.59	49.59	56.6	59.23	57.85	57.85	58.54	58.99	57.73	57.73	58.05	58.05	58.05	57.88	57.88	57.08	55.52	55.52	54.98	56.45	56.45	56.09	56.09	55.46	53.9	52.54	52.54	53.2	57.13	57.37	52.57	56.45	59.41	59.41	58.66	53.29	52.77	52.85	59.18	53.35	58.4	57.67	53.92	53.21	55.96	52.51	49.76	51.2	51.95	53.03	56.93	53.65	57.35	55.81	55.72	51.79	50.93	50.9	50.03	49.73	50.39	57.74	57.74	57.74	57.74	56.03	56.34	56.16	52.98	55.15	57.65	57.42	58.79	55.79	56.04	56.26	54.1	51.54	51	51.41	54.77	53.08	49.53	49.53	50.71	55.45	52.73	52.82	52.4	52.81	54.34	52.6	50.85	52.33	54.21	49.54	49.14	48.68	55.26	52.85	53.54	50.96
zone5_00094	5	2026/04/28 18:48	5	0.1	55.67	54.04	54.04	54.04	52.26	52.26	52.26	50.88	50.88	50.88	56.64	56.64	56.64	56.64	56.64	56.84	56.84	56.84	56.84	56.84	56.84	56.84	56.25	56.25	58.82	58.82	58.62	58.62	56.79	56.54	59.69	59.69	59.69	59.69	59.69	60.09	60.09	53.93	51.41	48.94	48.84	54.71	50.45	55.13	51.48	49.34	54.27	53.64	53.42	53.42	59.75	59.75	59.75	59.75	59.75	59.75	59.75	59.75	59.71	59.71	59.71	59.71	59.71	59.71	59.71	58.35	57.87	57.87	56.09	56.09	57.04	57.04	58.06	58.06	59.62	59.62	59.62	59.62	59.62	59.62	59.62	56.88	55.7	55.48	56.96	57.04	53.53	55.86	52.93	51.33	49.24	49.59	49.59	49.59	49.59	49.31	54.46	54.34	54.18	56.16	58.99	57.73	57.73	58.05	58.05	58.05	57.88	57.88	57.08	55.52	55.52	54.98	56.45	56.45	56.09	56.09	55.46	53.9	52.54	52.54	53.2	57.13	57.37	52.57	56.45	59.41	59.41	58.66	53.29	52.77	52.85	59.18	53.35	58.4	57.67	53.92	53.21	55.96	52.51	49.76	51.2	51.95	53.03	56.93	53.65	50.88	55.55	56.67	55.02	56.33	50.9	50.03	49.73	50.39	57.74	57.74	57.74	57.74	56.03	56.34	56.16	52.98	55.15	57.65	57.42	58.79	55.79	56.04	56.26	54.1	51.54	51	51.41	54.77	53.08	49.53	49.53	50.71	55.45	52.73	52.82	52.4	52.81	54.34	52.6	50.85	52.33	54.21	49.54	49.14	48.68	55.26	52.85	53.54	50.96	48.72	53.01	51.95	52.49	53.1
zone5_00095	5	2026/04/28 18:48	5	0.1	52.26	52.26	50.88	50.88	50.88	56.64	56.64	56.64	56.64	56.64	56.84	56.84	56.84	56.84	56.84	56.84	56.84	56.25	56.25	58.82	58.82	58.62	58.62	56.79	56.54	59.69	59.69	59.69	59.69	59.69	60.09	60.09	53.93	51.41	48.94	48.84	54.71	50.45	55.13	51.48	49.34	54.27	53.64	53.42	53.42	53.42	53.42	53.42	53.42	56.48	59.75	59.75	59.75	59.71	59.71	59.71	59.71	59.71	59.71	59.71	58.35	57.87	57.87	56.09	56.09	57.04	57.04	58.06	58.06	59.62	59.62	59.62	59.62	59.62	59.62	59.62	56.88	55.7	55.48	56.96	57.04	53.53	55.86	52.93	51.33	49.24	49.59	49.59	49.59	49.59	49.31	54.46	54.34	54.18	56.16	56.16	56.16	56.16	56.16	50.59	58.05	57.88	57.88	57.08	55.52	55.52	54.98	56.45	56.45	56.09	56.09	55.46	53.9	52.54	52.54	53.2	57.13	57.37	52.57	56.45	59.41	59.41	58.66	53.29	52.77	52.85	59.18	53.35	58.4	57.67	53.92	53.21	55.96	52.51	49.76	51.2	51.95	53.03	56.93	53.65	50.88	55.55	56.67	55.02	56.33	52.22	53.52	57.43	55.7	56.43	57.74	57.74	57.74	56.03	56.34	56.16	52.98	55.15	57.65	57.42	58.79	55.79	56.04	56.26	54.1	51.54	51	51.41	54.77	53.08	49.53	49.53	50.71	55.45	52.73	52.82	52.4	52.81	54.34	52.6	50.85	52.33	54.21	49.54	49.14	48.68	55.26	52.85	53.54	50.96	48.72	53.01	51.95	52.49	53.1	51.34	50.91	54.73	52.35	53.15
zone5_00096	5	2026/04/28 18:48	5	0.1	56.64	56.64	56.64	56.64	56.64	56.84	56.84	56.84	56.84	56.84	56.84	56.84	56.25	56.25	58.82	58.82	58.62	58.62	56.79	56.54	59.69	59.69	59.69	59.69	59.69	60.09	60.09	53.93	51.41	48.94	48.84	54.71	50.45	55.13	51.48	49.34	54.27	53.64	53.42	53.42	53.42	53.42	53.42	53.42	56.48	53.48	54.89	53.51	53.74	49.69	59.71	59.71	59.71	59.71	59.71	58.35	57.87	57.87	56.09	56.09	57.04	57.04	58.06	58.06	59.62	59.62	59.62	59.62	59.62	59.62	59.62	56.88	55.7	55.48	56.96	57.04	53.53	55.86	52.93	51.33	49.24	49.59	49.59	49.59	49.59	49.31	54.46	54.34	54.18	56.16	56.16	56.16	56.16	56.16	50.59	50.59	50.59	55.21	51.64	50.19	55.52	54.98	56.45	56.45	56.09	56.09	55.46	53.9	52.54	52.54	53.2	57.13	57.37	52.57	56.45	59.41	59.41	58.66	53.29	52.77	52.85	59.18	53.35	58.4	57.67	53.92	53.21	55.96	52.51	49.76	51.2	51.95	53.03	56.93	53.65	50.88	55.55	56.67	55.02	56.33	52.22	53.52	57.43	55.7	56.43	56.54	55.89	55.68	53.85	50.16	56.16	52.98	55.15	57.65	57.42	58.79	55.79	56.04	56.26	54.1	51.54	51	51.41	54.77	53.08	49.53	49.53	50.71	55.45	52.73	52.82	52.4	52.81	54.34	52.6	50.85	52.33	54.21	49.54	49.14	48.68	55.26	52.85	53.54	50.96	48.72	53.01	51.95	52.49	53.1	51.34	50.91	54.73	52.35	53.15	56.28	54.04	52.63	49.64	48.3
zone5_00097	5	2026/04/28 18:48	5	0.1	56.84	56.84	56.84	56.84	56.84	56.84	56.84	56.25	56.25	58.82	58.82	58.62	58.62	56.79	56.54	59.69	59.69	59.69	59.69	59.69	60.09	60.09	53.93	51.41	48.94	48.84	54.71	50.45	55.13	51.48	49.34	54.27	53.64	53.42	53.42	53.42	53.42	53.42	53.42	56.48	53.48	54.89	53.51	53.74	49.69	47.48	49.96	49.96	49.96	49.96	58.35	57.87	57.87	56.09	56.09	57.04	57.04	58.06	58.06	59.62	59.62	59.62	59.62	59.62	59.62	59.62	56.88	55.7	55.48	56.96	57.04	53.53	55.86	52.93	51.33	49.24	49.59	49.59	49.59	49.59	49.31	54.46	54.34	54.18	56.16	56.16	56.16	56.16	56.16	50.59	50.59	50.59	55.21	51.64	50.19	50.19	50.19	50.19	50.19	50.19	56.09	55.46	53.9	52.54	52.54	53.2	57.13	57.37	52.57	56.45	59.41	59.41	58.66	53.29	52.77	52.85	59.18	53.35	58.4	57.67	53.92	53.21	55.96	52.51	49.76	51.2	51.95	53.03	56.93	53.65	50.88	55.55	56.67	55.02	56.33	52.22	53.52	57.43	55.7	56.43	56.54	55.89	55.68	53.85	50.16	47.51	52.68	50.43	53.59	59.5	58.79	55.79	56.04	56.26	54.1	51.54	51	51.41	54.77	53.08	49.53	49.53	50.71	55.45	52.73	52.82	52.4	52.81	54.34	52.6	50.85	52.33	54.21	49.54	49.14	48.68	55.26	52.85	53.54	50.96	48.72	53.01	51.95	52.49	53.1	51.34	50.91	54.73	52.35	53.15	56.28	54.04	52.63	49.64	48.3	45.89	51.66	49.33	50.18	54.35
zone5_00098	5	2026/04/28 18:48	5	0.1	56.84	56.84	56.25	56.25	58.82	58.82	58.62	58.62	56.79	56.54	59.69	59.69	59.69	59.69	59.69	60.09	60.09	53.93	51.41	48.94	48.84	54.71	50.45	55.13	51.48	49.34	54.27	53.64	53.42	53.42	53.42	53.42	53.42	53.42	56.48	53.48	54.89	53.51	53.74	49.69	47.48	49.96	49.96	49.96	49.96	55.99	57.66	53.26	54.9	54.24	57.04	57.04	58.06	58.06	59.62	59.62	59.62	59.62	59.62	59.62	59.62	56.88	55.7	55.48	56.96	57.04	53.53	55.86	52.93	51.33	49.24	49.59	49.59	49.59	49.59	49.31	54.46	54.34	54.18	56.16	56.16	56.16	56.16	56.16	50.59	50.59	50.59	55.21	51.64	50.19	50.19	50.19	50.19	50.19	50.19	48.6	50.63	49.29	57.12	56.19	53.2	57.13	57.37	52.57	56.45	59.41	59.41	58.66	53.29	52.77	52.85	59.18	53.35	58.4	57.67	53.92	53.21	55.96	52.51	49.76	51.2	51.95	53.03	56.93	53.65	50.88	55.55	56.67	55.02	56.33	52.22	53.52	57.43	55.7	56.43	56.54	55.89	55.68	53.85	50.16	47.51	52.68	50.43	53.59	59.5	59.58	52.15	55.63	56.19	57.49	51.54	51	51.41	54.77	53.08	49.53	49.53	50.71	55.45	52.73	52.82	52.4	52.81	54.34	52.6	50.85	52.33	54.21	49.54	49.14	48.68	55.26	52.85	53.54	50.96	48.72	53.01	51.95	52.49	53.1	51.34	50.91	54.73	52.35	53.15	56.28	54.04	52.63	49.64	48.3	45.89	51.66	49.33	50.18	54.35	52.24	51.21	52.51	51.77	54.09
zone5_00099	5	2026/04/28 18:48	5	0.1	58.82	58.62	58.62	56.79	56.54	59.69	59.69	59.69	59.69	59.69	60.09	60.09	53.93	51.41	48.94	48.84	54.71	50.45	55.13	51.48	49.34	54.27	53.64	53.42	53.42	53.42	53.42	53.42	53.42	56.48	53.48	54.89	53.51	53.74	49.69	47.48	49.96	49.96	49.96	49.96	55.99	57.66	53.26	54.9	54.24	56.02	54.54	54.53	57.23	55.21	59.62	59.62	59.62	59.62	59.62	59.62	56.88	55.7	55.48	56.96	57.04	53.53	55.86	52.93	51.33	49.24	49.59	49.59	49.59	49.59	49.31	54.46	54.34	54.18	56.16	56.16	56.16	56.16	56.16	50.59	50.59	50.59	55.21	51.64	50.19	50.19	50.19	50.19	50.19	50.19	48.6	50.63	49.29	57.12	56.19	56.54	57.34	57.34	57.34	57.34	59.41	59.41	58.66	53.29	52.77	52.85	59.18	53.35	58.4	57.67	53.92	53.21	55.96	52.51	49.76	51.2	51.95	53.03	56.93	53.65	50.88	55.55	56.67	55.02	56.33	52.22	53.52	57.43	55.7	56.43	56.54	55.89	55.68	53.85	50.16	47.51	52.68	50.43	53.59	59.5	59.58	52.15	55.63	56.19	57.49	56.25	59.53	58.39	57.8	58.13	49.53	49.53	50.71	55.45	52.73	52.82	52.4	52.81	54.34	52.6	50.85	52.33	54.21	49.54	49.14	48.68	55.26	52.85	53.54	50.96	48.72	53.01	51.95	52.49	53.1	51.34	50.91	54.73	52.35	53.15	56.28	54.04	52.63	49.64	48.3	45.89	51.66	49.33	50.18	54.35	52.24	51.21	52.51	51.77	54.09	55.42	55.24	56.46	52.43	55.88
zone5_00100	5	2026/04/28 18:48	5	0.1	59.69	59.69	59.69	59.69	59.69	60.09	60.09	53.93	51.41	48.94	48.84	54.71	50.45	55.13	51.48	49.34	54.27	53.64	53.42	53.42	53.42	53.42	53.42	53.42	56.48	53.48	54.89	53.51	53.74	49.69	47.48	49.96	49.96	49.96	49.96	55.99	57.66	53.26	54.9	54.24	56.02	54.54	54.53	57.23	55.21	57.51	58.44	58.44	58.5	57.09	59.62	56.88	55.7	55.48	56.96	57.04	53.53	55.86	52.93	51.33	49.24	49.59	49.59	49.59	49.59	49.31	54.46	54.34	54.18	56.16	56.16	56.16	56.16	56.16	50.59	50.59	50.59	55.21	51.64	50.19	50.19	50.19	50.19	50.19	50.19	48.6	50.63	49.29	57.12	56.19	56.54	57.34	57.34	57.34	57.34	57.34	57.87	57.87	57.87	57.87	52.85	59.18	53.35	58.4	57.67	53.92	53.21	55.96	52.51	49.76	51.2	51.95	53.03	56.93	53.65	50.88	55.55	56.67	55.02	56.33	52.22	53.52	57.43	55.7	56.43	56.54	55.89	55.68	53.85	50.16	47.51	52.68	50.43	53.59	59.5	59.58	52.15	55.63	56.19	57.49	56.25	59.53	58.39	57.8	58.13	60.19	54.68	57.19	57.97	56.66	52.82	52.4	52.81	54.34	52.6	50.85	52.33	54.21	49.54	49.14	48.68	55.26	52.85	53.54	50.96	48.72	53.01	51.95	52.49	53.1	51.34	50.91	54.73	52.35	53.15	56.28	54.04	52.63	49.64	48.3	45.89	51.66	49.33	50.18	54.35	52.24	51.21	52.51	51.77	54.09	55.42	55.24	56.46	52.43	55.88	56.12	58.67	58.24	56.71	55.86
zone6_00001	6	2026/04/28 18:48	5	0.1	52.24	56.78	55.69	55.18	55.34	55.34	55.34	55.34	54.76	54.76	54.76	53.55	52.05	50.51	50.51	50.51	50.51	51.88	55.31	56.04	56.04	56.04	55.14	55.14	50.95	50.95	52.75	53.11	53.11	53.11	52.49	49.42	50.55	54.58	55.19	55.19	53.35	55.02	57.21	51.79	55.35	53.14	52.52	52.97	50.18	50.18	50.18	54.31	56.32	59.03	53.8	58.46	57.43	53.59	53.59	53.59	53.59	52.14	57.84	57.84	57.84	57.74	57.14	57.14	57.14	57.14	57.14	57.14	57.14	56.29	51.65	51.65	51.65	53.23	54.89	54.89	55.09	55.09	56.27	56.27	55.18	55.18	55.18	55.18	58.92	58.92	58.92	57.9	57.41	58.16	55.31	59.19	53.78	59.3	57.57	57.57	57.57	57.57	57.57	57.57	51.25	53.12	55.31	51.36	51.36	51.36	50.06	50.06	51.91	51.91	54.79	54.51	51.06	53.5	53.2	53.2	50.23	49.87	54.29	53.18	57.16	56.6	56.6	56.6	54.65	54.65	52.44	52.44	50.25	54.3	49.76	54.3	56.83	50.3	48.55	48.55	48.85	50.01	51.51	49.53	51.21	51.72	53.61	53.37	55.66	55.66	55.66	55.66	53.84	55.7	50.81	52.21	52.66	51.79	52.07	53.38	54.94	55.96	50.77	51.35	50.36	53.14	52.77	51.1	50.66	52.48	52.43	48.88	49.05	53.18	51.71	52.04	54.22	55.82	55.79	57.55	57.25	59.18	55.14	54.75	59.6	56.15	61.5	60.26	56.94	57.21	59.56	60.86	58.03	58.4	59.87	56.41	62.46	62.64	63.61	59.52	59.61	60.89	60.43	55.51
zone6_00002	6	2026/04/28 18:48	5	0.1	55.34	55.34	55.34	54.76	54.76	54.76	53.55	52.05	50.51	50.51	50.51	50.51	51.88	55.31	56.04	56.04	56.04	55.14	55.14	50.95	50.95	52.75	53.11	53.11	53.11	52.49	49.42	50.55	54.58	55.19	55.19	53.35	55.02	57.21	51.79	55.35	53.14	52.52	52.97	50.18	50.18	50.18	54.31	56.32	59.03	56.03	56.03	53.19	54.11	51.48	53.59	53.59	52.14	57.84	57.84	57.84	57.74	57.14	57.14	57.14	57.14	57.14	57.14	57.14	56.29	51.65	51.65	51.65	53.23	54.89	54.89	55.09	55.09	56.27	56.27	55.18	55.18	55.18	55.18	58.92	58.92	58.92	57.9	57.41	58.16	55.31	59.19	53.78	59.3	57.57	57.57	57.57	57.57	57.57	57.57	57.57	57.57	53.18	53.18	53.18	51.36	50.06	50.06	51.91	51.91	54.79	54.51	51.06	53.5	53.2	53.2	50.23	49.87	54.29	53.18	57.16	56.6	56.6	56.6	54.65	54.65	52.44	52.44	50.25	54.3	49.76	54.3	56.83	50.3	48.55	48.55	48.85	50.01	51.51	49.53	51.21	51.72	53.61	53.37	55.66	55.66	55.66	55.66	53.84	55.7	53.96	53.96	51.03	51.03	50.84	53.38	54.94	55.96	50.77	51.35	50.36	53.14	52.77	51.1	50.66	52.48	52.43	48.88	49.05	53.18	51.71	52.04	54.22	55.82	55.79	57.55	57.25	59.18	55.14	54.75	59.6	56.15	61.5	60.26	56.94	57.21	59.56	60.86	58.03	58.4	59.87	56.41	62.46	62.64	63.61	59.52	59.61	60.89	60.43	55.51	58.36	56.12	57.51	59.64	59.64
zone6_00003	6	2026/04/28 18:48	5	0.1	54.76	53.55	52.05	50.51	50.51	50.51	50.51	51.88	55.31	56.04	56.04	56.04	55.14	55.14	50.95	50.95	52.75	53.11	53.11	53.11	52.49	49.42	50.55	54.58	55.19	55.19	53.35	55.02	57.21	51.79	55.35	53.14	52.52	52.97	50.18	50.18	50.18	54.31	56.32	59.03	56.03	56.03	53.19	54.11	51.48	51.48	51.48	51.48	50.41	50.41	57.84	57.74	57.14	57.14	57.14	57.14	57.14	57.14	57.14	56.29	51.65	51.65	51.65	53.23	54.89	54.89	55.09	55.09	56.27	56.27	55.18	55.18	55.18	55.18	58.92	58.92	58.92	57.9	57.41	58.16	55.31	59.19	53.78	59.3	57.57	57.57	57.57	57.57	57.57	57.57	57.57	57.57	53.18	53.18	53.18	53.18	53.18	53.18	53.18	57.25	54.79	54.51	51.06	53.5	53.2	53.2	50.23	49.87	54.29	53.18	57.16	56.6	56.6	56.6	54.65	54.65	52.44	52.44	50.25	54.3	49.76	54.3	56.83	50.3	48.55	48.55	48.85	50.01	51.51	49.53	51.21	51.72	53.61	53.37	55.66	55.66	55.66	55.66	53.84	55.7	53.96	53.96	51.03	51.03	50.84	52.82	52.82	52.73	52.73	51.13	50.36	53.14	52.77	51.1	50.66	52.48	52.43	48.88	49.05	53.18	51.71	52.04	54.22	55.82	55.79	57.55	57.25	59.18	55.14	54.75	59.6	56.15	61.5	60.26	56.94	57.21	59.56	60.86	58.03	58.4	59.87	56.41	62.46	62.64	63.61	59.52	59.61	60.89	60.43	55.51	58.36	56.12	57.51	59.64	59.64	54.42	61.25	61.25	61.25	52.38
zone6_00004	6	2026/04/28 18:48	5	0.1	50.51	50.51	51.88	55.31	56.04	56.04	56.04	55.14	55.14	50.95	50.95	52.75	53.11	53.11	53.11	52.49	49.42	50.55	54.58	55.19	55.19	53.35	55.02	57.21	51.79	55.35	53.14	52.52	52.97	50.18	50.18	50.18	54.31	56.32	59.03	56.03	56.03	53.19	54.11	51.48	51.48	51.48	51.48	50.41	50.41	53.67	53.67	53.67	53.67	53.67	57.14	57.14	57.14	57.14	56.29	51.65	51.65	51.65	53.23	54.89	54.89	55.09	55.09	56.27	56.27	55.18	55.18	55.18	55.18	58.92	58.92	58.92	57.9	57.41	58.16	55.31	59.19	53.78	59.3	57.57	57.57	57.57	57.57	57.57	57.57	57.57	57.57	53.18	53.18	53.18	53.18	53.18	53.18	53.18	57.25	57.25	57.25	57.25	57.25	57.25	53.2	50.23	49.87	54.29	53.18	57.16	56.6	56.6	56.6	54.65	54.65	52.44	52.44	50.25	54.3	49.76	54.3	56.83	50.3	48.55	48.55	48.85	50.01	51.51	49.53	51.21	51.72	53.61	53.37	55.66	55.66	55.66	55.66	53.84	55.7	53.96	53.96	51.03	51.03	50.84	52.82	52.82	52.73	52.73	51.13	51.55	51.55	51.55	51.55	51.43	52.48	52.43	48.88	49.05	53.18	51.71	52.04	54.22	55.82	55.79	57.55	57.25	59.18	55.14	54.75	59.6	56.15	61.5	60.26	56.94	57.21	59.56	60.86	58.03	58.4	59.87	56.41	62.46	62.64	63.61	59.52	59.61	60.89	60.43	55.51	58.36	56.12	57.51	59.64	59.64	54.42	61.25	61.25	61.25	52.38	55.85	55.85	54.11	54.11	60.31
zone6_00005	6	2026/04/28 18:48	5	0.1	56.04	56.04	55.14	55.14	50.95	50.95	52.75	53.11	53.11	53.11	52.49	49.42	50.55	54.58	55.19	55.19	53.35	55.02	57.21	51.79	55.35	53.14	52.52	52.97	50.18	50.18	50.18	54.31	56.32	59.03	56.03	56.03	53.19	54.11	51.48	51.48	51.48	51.48	50.41	50.41	53.67	53.67	53.67	53.67	53.67	53.67	53.67	53.67	53.67	53.67	51.65	51.65	51.65	53.23	54.89	54.89	55.09	55.09	56.27	56.27	55.18	55.18	55.18	55.18	58.92	58.92	58.92	57.9	57.41	58.16	55.31	59.19	53.78	59.3	57.57	57.57	57.57	57.57	57.57	57.57	57.57	57.57	53.18	53.18	53.18	53.18	53.18	53.18	53.18	57.25	57.25	57.25	57.25	57.25	57.25	57.25	57.25	58.64	58.64	58.64	57.16	56.6	56.6	56.6	54.65	54.65	52.44	52.44	50.25	54.3	49.76	54.3	56.83	50.3	48.55	48.55	48.85	50.01	51.51	49.53	51.21	51.72	53.61	53.37	55.66	55.66	55.66	55.66	53.84	55.7	53.96	53.96	51.03	51.03	50.84	52.82	52.82	52.73	52.73	51.13	51.55	51.55	51.55	51.55	51.43	49.7	48.56	48.56	50.18	50.18	51.71	52.04	54.22	55.82	55.79	57.55	57.25	59.18	55.14	54.75	59.6	56.15	61.5	60.26	56.94	57.21	59.56	60.86	58.03	58.4	59.87	56.41	62.46	62.64	63.61	59.52	59.61	60.89	60.43	55.51	58.36	56.12	57.51	59.64	59.64	54.42	61.25	61.25	61.25	52.38	55.85	55.85	54.11	54.11	60.31	58.47	63.1	60.33	60.08	58.84
zone6_00006	6	2026/04/28 18:48	5	0.1	50.95	52.75	53.11	53.11	53.11	52.49	49.42	50.55	54.58	55.19	55.19	53.35	55.02	57.21	51.79	55.35	53.14	52.52	52.97	50.18	50.18	50.18	54.31	56.32	59.03	56.03	56.03	53.19	54.11	51.48	51.48	51.48	51.48	50.41	50.41	53.67	53.67	53.67	53.67	53.67	53.67	53.67	53.67	53.67	53.67	53.67	53.67	60.63	60.63	57.83	54.89	55.09	55.09	56.27	56.27	55.18	55.18	55.18	55.18	58.92	58.92	58.92	57.9	57.41	58.16	55.31	59.19	53.78	59.3	57.57	57.57	57.57	57.57	57.57	57.57	57.57	57.57	53.18	53.18	53.18	53.18	53.18	53.18	53.18	57.25	57.25	57.25	57.25	57.25	57.25	57.25	57.25	58.64	58.64	58.64	58.64	58.64	58.64	58.64	58.64	54.65	52.44	52.44	50.25	54.3	49.76	54.3	56.83	50.3	48.55	48.55	48.85	50.01	51.51	49.53	51.21	51.72	53.61	53.37	55.66	55.66	55.66	55.66	53.84	55.7	53.96	53.96	51.03	51.03	50.84	52.82	52.82	52.73	52.73	51.13	51.55	51.55	51.55	51.55	51.43	49.7	48.56	48.56	50.18	50.18	50.67	49.66	49.66	52.24	52.94	57.55	57.25	59.18	55.14	54.75	59.6	56.15	61.5	60.26	56.94	57.21	59.56	60.86	58.03	58.4	59.87	56.41	62.46	62.64	63.61	59.52	59.61	60.89	60.43	55.51	58.36	56.12	57.51	59.64	59.64	54.42	61.25	61.25	61.25	52.38	55.85	55.85	54.11	54.11	60.31	58.47	63.1	60.33	60.08	58.84	57.46	57.06	56.11	58.86	56.16
zone6_00007	6	2026/04/28 18:48	5	0.1	52.49	49.42	50.55	54.58	55.19	55.19	53.35	55.02	57.21	51.79	55.35	53.14	52.52	52.97	50.18	50.18	50.18	54.31	56.32	59.03	56.03	56.03	53.19	54.11	51.48	51.48	51.48	51.48	50.41	50.41	53.67	53.67	53.67	53.67	53.67	53.67	53.67	53.67	53.67	53.67	53.67	53.67	60.63	60.63	57.83	57.83	57.83	57.83	59.91	59.65	55.18	55.18	55.18	55.18	58.92	58.92	58.92	57.9	57.41	58.16	55.31	59.19	53.78	59.3	57.57	57.57	57.57	57.57	57.57	57.57	57.57	57.57	53.18	53.18	53.18	53.18	53.18	53.18	53.18	57.25	57.25	57.25	57.25	57.25	57.25	57.25	57.25	58.64	58.64	58.64	58.64	58.64	58.64	58.64	58.64	60.79	58.76	58.76	58.76	58.76	49.76	54.3	56.83	50.3	48.55	48.55	48.85	50.01	51.51	49.53	51.21	51.72	53.61	53.37	55.66	55.66	55.66	55.66	53.84	55.7	53.96	53.96	51.03	51.03	50.84	52.82	52.82	52.73	52.73	51.13	51.55	51.55	51.55	51.55	51.43	49.7	48.56	48.56	50.18	50.18	50.67	49.66	49.66	52.24	52.94	54.31	54.31	55.12	52.08	52.08	59.6	56.15	61.5	60.26	56.94	57.21	59.56	60.86	58.03	58.4	59.87	56.41	62.46	62.64	63.61	59.52	59.61	60.89	60.43	55.51	58.36	56.12	57.51	59.64	59.64	54.42	61.25	61.25	61.25	52.38	55.85	55.85	54.11	54.11	60.31	58.47	63.1	60.33	60.08	58.84	57.46	57.06	56.11	58.86	56.16	56.16	55.93	54.65	60.67	59.22
zone6_00008	6	2026/04/28 18:48	5	0.1	55.19	53.35	55.02	57.21	51.79	55.35	53.14	52.52	52.97	50.18	50.18	50.18	54.31	56.32	59.03	56.03	56.03	53.19	54.11	51.48	51.48	51.48	51.48	50.41	50.41	53.67	53.67	53.67	53.67	53.67	53.67	53.67	53.67	53.67	53.67	53.67	53.67	60.63	60.63	57.83	57.83	57.83	57.83	59.91	59.65	59.65	59.65	57.15	57.15	57.15	58.92	58.92	57.9	57.41	58.16	55.31	59.19	53.78	59.3	57.57	57.57	57.57	57.57	57.57	57.57	57.57	57.57	53.18	53.18	53.18	53.18	53.18	53.18	53.18	57.25	57.25	57.25	57.25	57.25	57.25	57.25	57.25	58.64	58.64	58.64	58.64	58.64	58.64	58.64	58.64	60.79	58.76	58.76	58.76	58.76	58.76	58.76	58.76	58.76	58.76	48.55	48.85	50.01	51.51	49.53	51.21	51.72	53.61	53.37	55.66	55.66	55.66	55.66	53.84	55.7	53.96	53.96	51.03	51.03	50.84	52.82	52.82	52.73	52.73	51.13	51.55	51.55	51.55	51.55	51.43	49.7	48.56	48.56	50.18	50.18	50.67	49.66	49.66	52.24	52.94	54.31	54.31	55.12	52.08	52.08	52.08	53.18	50.76	52.89	54.16	57.21	59.56	60.86	58.03	58.4	59.87	56.41	62.46	62.64	63.61	59.52	59.61	60.89	60.43	55.51	58.36	56.12	57.51	59.64	59.64	54.42	61.25	61.25	61.25	52.38	55.85	55.85	54.11	54.11	60.31	58.47	63.1	60.33	60.08	58.84	57.46	57.06	56.11	58.86	56.16	56.16	55.93	54.65	60.67	59.22	56.36	57.44	58.41	61.35	61.83
zone6_00009	6	2026/04/28 18:48	5	0.1	55.35	53.14	52.52	52.97	50.18	50.18	50.18	54.31	56.32	59.03	56.03	56.03	53.19	54.11	51.48	51.48	51.48	51.48	50.41	50.41	53.67	53.67	53.67	53.67	53.67	53.67	53.67	53.67	53.67	53.67	53.67	53.67	60.63	60.63	57.83	57.83	57.83	57.83	59.91	59.65	59.65	59.65	57.15	57.15	57.15	55.24	56.17	51.07	56.53	52.97	55.31	59.19	53.78	59.3	57.57	57.57	57.57	57.57	57.57	57.57	57.57	57.57	53.18	53.18	53.18	53.18	53.18	53.18	53.18	57.25	57.25	57.25	57.25	57.25	57.25	57.25	57.25	58.64	58.64	58.64	58.64	58.64	58.64	58.64	58.64	60.79	58.76	58.76	58.76	58.76	58.76	58.76	58.76	58.76	58.76	60.86	60.86	60.86	56.92	59.45	51.21	51.72	53.61	53.37	55.66	55.66	55.66	55.66	53.84	55.7	53.96	53.96	51.03	51.03	50.84	52.82	52.82	52.73	52.73	51.13	51.55	51.55	51.55	51.55	51.43	49.7	48.56	48.56	50.18	50.18	50.67	49.66	49.66	52.24	52.94	54.31	54.31	55.12	52.08	52.08	52.08	53.18	50.76	52.89	54.16	55.61	53.56	52.88	55.63	56.03	59.87	56.41	62.46	62.64	63.61	59.52	59.61	60.89	60.43	55.51	58.36	56.12	57.51	59.64	59.64	54.42	61.25	61.25	61.25	52.38	55.85	55.85	54.11	54.11	60.31	58.47	63.1	60.33	60.08	58.84	57.46	57.06	56.11	58.86	56.16	56.16	55.93	54.65	60.67	59.22	56.36	57.44	58.41	61.35	61.83	60.96	58.96	59.35	59.31	59.31
zone6_00010	6	2026/04/28 18:48	5	0.1	50.18	50.18	54.31	56.32	59.03	56.03	56.03	53.19	54.11	51.48	51.48	51.48	51.48	50.41	50.41	53.67	53.67	53.67	53.67	53.67	53.67	53.67	53.67	53.67	53.67	53.67	53.67	60.63	60.63	57.83	57.83	57.83	57.83	59.91	59.65	59.65	59.65	57.15	57.15	57.15	55.24	56.17	51.07	56.53	52.97	51.82	52.2	55.8	56.2	55.64	57.57	57.57	57.57	57.57	57.57	57.57	57.57	53.18	53.18	53.18	53.18	53.18	53.18	53.18	57.25	57.25	57.25	57.25	57.25	57.25	57.25	57.25	58.64	58.64	58.64	58.64	58.64	58.64	58.64	58.64	60.79	58.76	58.76	58.76	58.76	58.76	58.76	58.76	58.76	58.76	60.86	60.86	60.86	56.92	59.45	60.86	60.86	59.99	59.99	59.99	55.66	55.66	55.66	53.84	55.7	53.96	53.96	51.03	51.03	50.84	52.82	52.82	52.73	52.73	51.13	51.55	51.55	51.55	51.55	51.43	49.7	48.56	48.56	50.18	50.18	50.67	49.66	49.66	52.24	52.94	54.31	54.31	55.12	52.08	52.08	52.08	53.18	50.76	52.89	54.16	55.61	53.56	52.88	55.63	56.03	56.06	55.16	54.66	55.74	54.76	59.52	59.61	60.89	60.43	55.51	58.36	56.12	57.51	59.64	59.64	54.42	61.25	61.25	61.25	52.38	55.85	55.85	54.11	54.11	60.31	58.47	63.1	60.33	60.08	58.84	57.46	57.06	56.11	58.86	56.16	56.16	55.93	54.65	60.67	59.22	56.36	57.44	58.41	61.35	61.83	60.96	58.96	59.35	59.31	59.31	62.41	62.06	61	62.64	61.68
zone6_00011	6	2026/04/28 18:48	5	0.1	56.03	56.03	53.19	54.11	51.48	51.48	51.48	51.48	50.41	50.41	53.67	53.67	53.67	53.67	53.67	53.67	53.67	53.67	53.67	53.67	53.67	53.67	60.63	60.63	57.83	57.83	57.83	57.83	59.91	59.65	59.65	59.65	57.15	57.15	57.15	55.24	56.17	51.07	56.53	52.97	51.82	52.2	55.8	56.2	55.64	55.94	54.63	54.16	51.47	51.26	57.57	57.57	53.18	53.18	53.18	53.18	53.18	53.18	53.18	57.25	57.25	57.25	57.25	57.25	57.25	57.25	57.25	58.64	58.64	58.64	58.64	58.64	58.64	58.64	58.64	60.79	58.76	58.76	58.76	58.76	58.76	58.76	58.76	58.76	58.76	60.86	60.86	60.86	56.92	59.45	60.86	60.86	59.99	59.99	59.99	59.99	59.03	59.03	59.03	56.98	53.96	53.96	51.03	51.03	50.84	52.82	52.82	52.73	52.73	51.13	51.55	51.55	51.55	51.55	51.43	49.7	48.56	48.56	50.18	50.18	50.67	49.66	49.66	52.24	52.94	54.31	54.31	55.12	52.08	52.08	52.08	53.18	50.76	52.89	54.16	55.61	53.56	52.88	55.63	56.03	56.06	55.16	54.66	55.74	54.76	53.97	49.91	51.85	50.73	52.48	58.36	56.12	57.51	59.64	59.64	54.42	61.25	61.25	61.25	52.38	55.85	55.85	54.11	54.11	60.31	58.47	63.1	60.33	60.08	58.84	57.46	57.06	56.11	58.86	56.16	56.16	55.93	54.65	60.67	59.22	56.36	57.44	58.41	61.35	61.83	60.96	58.96	59.35	59.31	59.31	62.41	62.06	61	62.64	61.68	57.84	57.6	59.59	57.73	61.02
zone6_00012	6	2026/04/28 18:48	5	0.1	51.48	51.48	51.48	50.41	50.41	53.67	53.67	53.67	53.67	53.67	53.67	53.67	53.67	53.67	53.67	53.67	53.67	60.63	60.63	57.83	57.83	57.83	57.83	59.91	59.65	59.65	59.65	57.15	57.15	57.15	55.24	56.17	51.07	56.53	52.97	51.82	52.2	55.8	56.2	55.64	55.94	54.63	54.16	51.47	51.26	50.64	53.66	53.11	53.15	52.42	53.18	53.18	53.18	53.18	57.25	57.25	57.25	57.25	57.25	57.25	57.25	57.25	58.64	58.64	58.64	58.64	58.64	58.64	58.64	58.64	60.79	58.76	58.76	58.76	58.76	58.76	58.76	58.76	58.76	58.76	60.86	60.86	60.86	56.92	59.45	60.86	60.86	59.99	59.99	59.99	59.99	59.03	59.03	59.03	56.98	56.21	54.6	60.58	57.91	55.56	52.82	52.82	52.73	52.73	51.13	51.55	51.55	51.55	51.55	51.43	49.7	48.56	48.56	50.18	50.18	50.67	49.66	49.66	52.24	52.94	54.31	54.31	55.12	52.08	52.08	52.08	53.18	50.76	52.89	54.16	55.61	53.56	52.88	55.63	56.03	56.06	55.16	54.66	55.74	54.76	53.97	49.91	51.85	50.73	52.48	51.93	50.86	51.99	50.43	53.3	54.42	61.25	61.25	61.25	52.38	55.85	55.85	54.11	54.11	60.31	58.47	63.1	60.33	60.08	58.84	57.46	57.06	56.11	58.86	56.16	56.16	55.93	54.65	60.67	59.22	56.36	57.44	58.41	61.35	61.83	60.96	58.96	59.35	59.31	59.31	62.41	62.06	61	62.64	61.68	57.84	57.6	59.59	57.73	61.02	60.97	58.97	60.32	59.24	61.26
zone6_00013	6	2026/04/28 18:48	5	0.1	53.67	53.67	53.67	53.67	53.67	53.67	53.67	53.67	53.67	53.67	53.67	53.67	60.63	60.63	57.83	57.83	57.83	57.83	59.91	59.65	59.65	59.65	57.15	57.15	57.15	55.24	56.17	51.07	56.53	52.97	51.82	52.2	55.8	56.2	55.64	55.94	54.63	54.16	51.47	51.26	50.64	53.66	53.11	53.15	52.42	55.65	58.69	53.2	52.49	52.67	57.25	57.25	57.25	57.25	57.25	57.25	57.25	58.64	58.64	58.64	58.64	58.64	58.64	58.64	58.64	60.79	58.76	58.76	58.76	58.76	58.76	58.76	58.76	58.76	58.76	60.86	60.86	60.86	56.92	59.45	60.86	60.86	59.99	59.99	59.99	59.99	59.03	59.03	59.03	56.98	56.21	54.6	60.58	57.91	55.56	55.65	55.89	56.52	56.16	55.87	51.55	51.55	51.55	51.55	51.43	49.7	48.56	48.56	50.18	50.18	50.67	49.66	49.66	52.24	52.94	54.31	54.31	55.12	52.08	52.08	52.08	53.18	50.76	52.89	54.16	55.61	53.56	52.88	55.63	56.03	56.06	55.16	54.66	55.74	54.76	53.97	49.91	51.85	50.73	52.48	51.93	50.86	51.99	50.43	53.3	54.6	51.51	51.99	51.24	53.86	55.85	55.85	54.11	54.11	60.31	58.47	63.1	60.33	60.08	58.84	57.46	57.06	56.11	58.86	56.16	56.16	55.93	54.65	60.67	59.22	56.36	57.44	58.41	61.35	61.83	60.96	58.96	59.35	59.31	59.31	62.41	62.06	61	62.64	61.68	57.84	57.6	59.59	57.73	61.02	60.97	58.97	60.32	59.24	61.26	62.65	60.56	61.8	58.91	60.74
zone6_00014	6	2026/04/28 18:48	5	0.1	53.67	53.67	53.67	53.67	53.67	53.67	53.67	60.63	60.63	57.83	57.83	57.83	57.83	59.91	59.65	59.65	59.65	57.15	57.15	57.15	55.24	56.17	51.07	56.53	52.97	51.82	52.2	55.8	56.2	55.64	55.94	54.63	54.16	51.47	51.26	50.64	53.66	53.11	53.15	52.42	55.65	58.69	53.2	52.49	52.67	55.42	58.96	56.03	59.36	59.36	57.25	57.25	58.64	58.64	58.64	58.64	58.64	58.64	58.64	58.64	60.79	58.76	58.76	58.76	58.76	58.76	58.76	58.76	58.76	58.76	60.86	60.86	60.86	56.92	59.45	60.86	60.86	59.99	59.99	59.99	59.99	59.03	59.03	59.03	56.98	56.21	54.6	60.58	57.91	55.56	55.65	55.89	56.52	56.16	55.87	57.52	58.02	58.02	58.02	58.02	49.7	48.56	48.56	50.18	50.18	50.67	49.66	49.66	52.24	52.94	54.31	54.31	55.12	52.08	52.08	52.08	53.18	50.76	52.89	54.16	55.61	53.56	52.88	55.63	56.03	56.06	55.16	54.66	55.74	54.76	53.97	49.91	51.85	50.73	52.48	51.93	50.86	51.99	50.43	53.3	54.6	51.51	51.99	51.24	53.86	57.4	55.12	54.72	50.62	51	58.47	63.1	60.33	60.08	58.84	57.46	57.06	56.11	58.86	56.16	56.16	55.93	54.65	60.67	59.22	56.36	57.44	58.41	61.35	61.83	60.96	58.96	59.35	59.31	59.31	62.41	62.06	61	62.64	61.68	57.84	57.6	59.59	57.73	61.02	60.97	58.97	60.32	59.24	61.26	62.65	60.56	61.8	58.91	60.74	63.16	63.11	62.53	62.13	60.94
zone6_00015	6	2026/04/28 18:48	5	0.1	53.67	53.67	60.63	60.63	57.83	57.83	57.83	57.83	59.91	59.65	59.65	59.65	57.15	57.15	57.15	55.24	56.17	51.07	56.53	52.97	51.82	52.2	55.8	56.2	55.64	55.94	54.63	54.16	51.47	51.26	50.64	53.66	53.11	53.15	52.42	55.65	58.69	53.2	52.49	52.67	55.42	58.96	56.03	59.36	59.36	50.12	52.32	54.4	53.72	56.9	58.64	58.64	58.64	58.64	58.64	60.79	58.76	58.76	58.76	58.76	58.76	58.76	58.76	58.76	58.76	60.86	60.86	60.86	56.92	59.45	60.86	60.86	59.99	59.99	59.99	59.99	59.03	59.03	59.03	56.98	56.21	54.6	60.58	57.91	55.56	55.65	55.89	56.52	56.16	55.87	57.52	58.02	58.02	58.02	58.02	58.02	59.01	59.01	59.01	54.58	50.67	49.66	49.66	52.24	52.94	54.31	54.31	55.12	52.08	52.08	52.08	53.18	50.76	52.89	54.16	55.61	53.56	52.88	55.63	56.03	56.06	55.16	54.66	55.74	54.76	53.97	49.91	51.85	50.73	52.48	51.93	50.86	51.99	50.43	53.3	54.6	51.51	51.99	51.24	53.86	57.4	55.12	54.72	50.62	51	52.86	52.86	53.26	52.35	51.45	57.46	57.06	56.11	58.86	56.16	56.16	55.93	54.65	60.67	59.22	56.36	57.44	58.41	61.35	61.83	60.96	58.96	59.35	59.31	59.31	62.41	62.06	61	62.64	61.68	57.84	57.6	59.59	57.73	61.02	60.97	58.97	60.32	59.24	61.26	62.65	60.56	61.8	58.91	60.74	63.16	63.11	62.53	62.13	60.94	61.46	64.42	64.57	60.77	61.23
zone6_00016	6	2026/04/28 18:48	5	0.1	57.83	57.83	57.83	59.91	59.65	59.65	59.65	57.15	57.15	57.15	55.24	56.17	51.07	56.53	52.97	51.82	52.2	55.8	56.2	55.64	55.94	54.63	54.16	51.47	51.26	50.64	53.66	53.11	53.15	52.42	55.65	58.69	53.2	52.49	52.67	55.42	58.96	56.03	59.36	59.36	50.12	52.32	54.4	53.72	56.9	54.05	56.06	53.66	52.12	52.3	60.79	58.76	58.76	58.76	58.76	58.76	58.76	58.76	58.76	58.76	60.86	60.86	60.86	56.92	59.45	60.86	60.86	59.99	59.99	59.99	59.99	59.03	59.03	59.03	56.98	56.21	54.6	60.58	57.91	55.56	55.65	55.89	56.52	56.16	55.87	57.52	58.02	58.02	58.02	58.02	58.02	59.01	59.01	59.01	54.58	54.58	54.58	55.83	55.83	55.83	54.31	54.31	55.12	52.08	52.08	52.08	53.18	50.76	52.89	54.16	55.61	53.56	52.88	55.63	56.03	56.06	55.16	54.66	55.74	54.76	53.97	49.91	51.85	50.73	52.48	51.93	50.86	51.99	50.43	53.3	54.6	51.51	51.99	51.24	53.86	57.4	55.12	54.72	50.62	51	52.86	52.86	53.26	52.35	51.45	52.04	52.75	53.82	52.62	51.19	56.16	55.93	54.65	60.67	59.22	56.36	57.44	58.41	61.35	61.83	60.96	58.96	59.35	59.31	59.31	62.41	62.06	61	62.64	61.68	57.84	57.6	59.59	57.73	61.02	60.97	58.97	60.32	59.24	61.26	62.65	60.56	61.8	58.91	60.74	63.16	63.11	62.53	62.13	60.94	61.46	64.42	64.57	60.77	61.23	63.44	61.97	62.06	62.77	56.78
zone6_00017	6	2026/04/28 18:48	5	0.1	59.65	59.65	57.15	57.15	57.15	55.24	56.17	51.07	56.53	52.97	51.82	52.2	55.8	56.2	55.64	55.94	54.63	54.16	51.47	51.26	50.64	53.66	53.11	53.15	52.42	55.65	58.69	53.2	52.49	52.67	55.42	58.96	56.03	59.36	59.36	50.12	52.32	54.4	53.72	56.9	54.05	56.06	53.66	52.12	52.3	51.4	51.4	49.31	45.61	45.01	58.76	58.76	58.76	58.76	58.76	60.86	60.86	60.86	56.92	59.45	60.86	60.86	59.99	59.99	59.99	59.99	59.03	59.03	59.03	56.98	56.21	54.6	60.58	57.91	55.56	55.65	55.89	56.52	56.16	55.87	57.52	58.02	58.02	58.02	58.02	58.02	59.01	59.01	59.01	54.58	54.58	54.58	55.83	55.83	55.83	57.11	57.11	57.11	56.55	56.55	52.08	53.18	50.76	52.89	54.16	55.61	53.56	52.88	55.63	56.03	56.06	55.16	54.66	55.74	54.76	53.97	49.91	51.85	50.73	52.48	51.93	50.86	51.99	50.43	53.3	54.6	51.51	51.99	51.24	53.86	57.4	55.12	54.72	50.62	51	52.86	52.86	53.26	52.35	51.45	52.04	52.75	53.82	52.62	51.19	48.33	46.08	46.08	45.28	44.15	56.36	57.44	58.41	61.35	61.83	60.96	58.96	59.35	59.31	59.31	62.41	62.06	61	62.64	61.68	57.84	57.6	59.59	57.73	61.02	60.97	58.97	60.32	59.24	61.26	62.65	60.56	61.8	58.91	60.74	63.16	63.11	62.53	62.13	60.94	61.46	64.42	64.57	60.77	61.23	63.44	61.97	62.06	62.77	56.78	56.49	52.34	52.69	49.62	47.98
zone6_00018	6	2026/04/28 18:48	5	0.1	55.24	56.17	51.07	56.53	52.97	51.82	52.2	55.8	56.2	55.64	55.94	54.63	54.16	51.47	51.26	50.64	53.66	53.11	53.15	52.42	55.65	58.69	53.2	52.49	52.67	55.42	58.96	56.03	59.36	59.36	50.12	52.32	54.4	53.72	56.9	54.05	56.06	53.66	52.12	52.3	51.4	51.4	49.31	45.61	45.01	44.83	44.83	44.83	44.83	44.83	60.86	60.86	60.86	56.92	59.45	60.86	60.86	59.99	59.99	59.99	59.99	59.03	59.03	59.03	56.98	56.21	54.6	60.58	57.91	55.56	55.65	55.89	56.52	56.16	55.87	57.52	58.02	58.02	58.02	58.02	58.02	59.01	59.01	59.01	54.58	54.58	54.58	55.83	55.83	55.83	57.11	57.11	57.11	56.55	56.55	56.55	56.55	56.55	56.55	56.55	55.61	53.56	52.88	55.63	56.03	56.06	55.16	54.66	55.74	54.76	53.97	49.91	51.85	50.73	52.48	51.93	50.86	51.99	50.43	53.3	54.6	51.51	51.99	51.24	53.86	57.4	55.12	54.72	50.62	51	52.86	52.86	53.26	52.35	51.45	52.04	52.75	53.82	52.62	51.19	48.33	46.08	46.08	45.28	44.15	50.71	50.71	50.71	42.2	42.2	60.96	58.96	59.35	59.31	59.31	62.41	62.06	61	62.64	61.68	57.84	57.6	59.59	57.73	61.02	60.97	58.97	60.32	59.24	61.26	62.65	60.56	61.8	58.91	60.74	63.16	63.11	62.53	62.13	60.94	61.46	64.42	64.57	60.77	61.23	63.44	61.97	62.06	62.77	56.78	56.49	52.34	52.69	49.62	47.98	55.03	48.31	48.41	57.28	53.1
zone6_00019	6	2026/04/28 18:48	5	0.1	51.82	52.2	55.8	56.2	55.64	55.94	54.63	54.16	51.47	51.26	50.64	53.66	53.11	53.15	52.42	55.65	58.69	53.2	52.49	52.67	55.42	58.96	56.03	59.36	59.36	50.12	52.32	54.4	53.72	56.9	54.05	56.06	53.66	52.12	52.3	51.4	51.4	49.31	45.61	45.01	44.83	44.83	44.83	44.83	44.83	44.83	44.83	44.83	44.83	44.83	60.86	60.86	59.99	59.99	59.99	59.99	59.03	59.03	59.03	56.98	56.21	54.6	60.58	57.91	55.56	55.65	55.89	56.52	56.16	55.87	57.52	58.02	58.02	58.02	58.02	58.02	59.01	59.01	59.01	54.58	54.58	54.58	55.83	55.83	55.83	57.11	57.11	57.11	56.55	56.55	56.55	56.55	56.55	56.55	56.55	56.55	56.55	56.55	56.55	56.55	56.06	55.16	54.66	55.74	54.76	53.97	49.91	51.85	50.73	52.48	51.93	50.86	51.99	50.43	53.3	54.6	51.51	51.99	51.24	53.86	57.4	55.12	54.72	50.62	51	52.86	52.86	53.26	52.35	51.45	52.04	52.75	53.82	52.62	51.19	48.33	46.08	46.08	45.28	44.15	50.71	50.71	50.71	42.2	42.2	42.2	41.05	41.05	43.15	43.15	62.41	62.06	61	62.64	61.68	57.84	57.6	59.59	57.73	61.02	60.97	58.97	60.32	59.24	61.26	62.65	60.56	61.8	58.91	60.74	63.16	63.11	62.53	62.13	60.94	61.46	64.42	64.57	60.77	61.23	63.44	61.97	62.06	62.77	56.78	56.49	52.34	52.69	49.62	47.98	55.03	48.31	48.41	57.28	53.1	57.66	56.27	62.62	62.62	54.7
zone6_00020	6	2026/04/28 18:48	5	0.1	55.94	54.63	54.16	51.47	51.26	50.64	53.66	53.11	53.15	52.42	55.65	58.69	53.2	52.49	52.67	55.42	58.96	56.03	59.36	59.36	50.12	52.32	54.4	53.72	56.9	54.05	56.06	53.66	52.12	52.3	51.4	51.4	49.31	45.61	45.01	44.83	44.83	44.83	44.83	44.83	44.83	44.83	44.83	44.83	44.83	45.83	45.83	45.83	45.83	45.83	59.99	59.03	59.03	59.03	56.98	56.21	54.6	60.58	57.91	55.56	55.65	55.89	56.52	56.16	55.87	57.52	58.02	58.02	58.02	58.02	58.02	59.01	59.01	59.01	54.58	54.58	54.58	55.83	55.83	55.83	57.11	57.11	57.11	56.55	56.55	56.55	56.55	56.55	56.55	56.55	56.55	56.55	56.55	56.55	56.55	56.55	56.55	56.55	56.55	55.24	53.97	49.91	51.85	50.73	52.48	51.93	50.86	51.99	50.43	53.3	54.6	51.51	51.99	51.24	53.86	57.4	55.12	54.72	50.62	51	52.86	52.86	53.26	52.35	51.45	52.04	52.75	53.82	52.62	51.19	48.33	46.08	46.08	45.28	44.15	50.71	50.71	50.71	42.2	42.2	42.2	41.05	41.05	43.15	43.15	50.28	50.28	50.28	49.23	49.23	57.84	57.6	59.59	57.73	61.02	60.97	58.97	60.32	59.24	61.26	62.65	60.56	61.8	58.91	60.74	63.16	63.11	62.53	62.13	60.94	61.46	64.42	64.57	60.77	61.23	63.44	61.97	62.06	62.77	56.78	56.49	52.34	52.69	49.62	47.98	55.03	48.31	48.41	57.28	53.1	57.66	56.27	62.62	62.62	54.7	64.07	64.07	63.4	61.16	61.16
zone6_00021	6	2026/04/28 18:48	5	0.1	50.64	53.66	53.11	53.15	52.42	55.65	58.69	53.2	52.49	52.67	55.42	58.96	56.03	59.36	59.36	50.12	52.32	54.4	53.72	56.9	54.05	56.06	53.66	52.12	52.3	51.4	51.4	49.31	45.61	45.01	44.83	44.83	44.83	44.83	44.83	44.83	44.83	44.83	44.83	44.83	45.83	45.83	45.83	45.83	45.83	45.83	45.83	44.95	44.95	44.95	56.21	54.6	60.58	57.91	55.56	55.65	55.89	56.52	56.16	55.87	57.52	58.02	58.02	58.02	58.02	58.02	59.01	59.01	59.01	54.58	54.58	54.58	55.83	55.83	55.83	57.11	57.11	57.11	56.55	56.55	56.55	56.55	56.55	56.55	56.55	56.55	56.55	56.55	56.55	56.55	56.55	56.55	56.55	56.55	55.24	55.24	55.24	55.24	55.24	55.24	51.93	50.86	51.99	50.43	53.3	54.6	51.51	51.99	51.24	53.86	57.4	55.12	54.72	50.62	51	52.86	52.86	53.26	52.35	51.45	52.04	52.75	53.82	52.62	51.19	48.33	46.08	46.08	45.28	44.15	50.71	50.71	50.71	42.2	42.2	42.2	41.05	41.05	43.15	43.15	50.28	50.28	50.28	49.23	49.23	49.23	47.05	47.05	47.05	47.05	60.97	58.97	60.32	59.24	61.26	62.65	60.56	61.8	58.91	60.74	63.16	63.11	62.53	62.13	60.94	61.46	64.42	64.57	60.77	61.23	63.44	61.97	62.06	62.77	56.78	56.49	52.34	52.69	49.62	47.98	55.03	48.31	48.41	57.28	53.1	57.66	56.27	62.62	62.62	54.7	64.07	64.07	63.4	61.16	61.16	55.14	51.79	52.61	52.61	52.61
zone6_00022	6	2026/04/28 18:48	5	0.1	55.65	58.69	53.2	52.49	52.67	55.42	58.96	56.03	59.36	59.36	50.12	52.32	54.4	53.72	56.9	54.05	56.06	53.66	52.12	52.3	51.4	51.4	49.31	45.61	45.01	44.83	44.83	44.83	44.83	44.83	44.83	44.83	44.83	44.83	44.83	45.83	45.83	45.83	45.83	45.83	45.83	45.83	44.95	44.95	44.95	44.95	44.95	44.95	44.95	44.27	55.65	55.89	56.52	56.16	55.87	57.52	58.02	58.02	58.02	58.02	58.02	59.01	59.01	59.01	54.58	54.58	54.58	55.83	55.83	55.83	57.11	57.11	57.11	56.55	56.55	56.55	56.55	56.55	56.55	56.55	56.55	56.55	56.55	56.55	56.55	56.55	56.55	56.55	56.55	55.24	55.24	55.24	55.24	55.24	55.24	55.24	55.24	55.24	55.24	55.24	54.6	51.51	51.99	51.24	53.86	57.4	55.12	54.72	50.62	51	52.86	52.86	53.26	52.35	51.45	52.04	52.75	53.82	52.62	51.19	48.33	46.08	46.08	45.28	44.15	50.71	50.71	50.71	42.2	42.2	42.2	41.05	41.05	43.15	43.15	50.28	50.28	50.28	49.23	49.23	49.23	47.05	47.05	47.05	47.05	44.42	49.14	47.28	47.28	51.48	62.65	60.56	61.8	58.91	60.74	63.16	63.11	62.53	62.13	60.94	61.46	64.42	64.57	60.77	61.23	63.44	61.97	62.06	62.77	56.78	56.49	52.34	52.69	49.62	47.98	55.03	48.31	48.41	57.28	53.1	57.66	56.27	62.62	62.62	54.7	64.07	64.07	63.4	61.16	61.16	55.14	51.79	52.61	52.61	52.61	52.61	52.61	52.61	52.61	52.61
zone6_00023	6	2026/04/28 18:48	5	0.1	55.42	58.96	56.03	59.36	59.36	50.12	52.32	54.4	53.72	56.9	54.05	56.06	53.66	52.12	52.3	51.4	51.4	49.31	45.61	45.01	44.83	44.83	44.83	44.83	44.83	44.83	44.83	44.83	44.83	44.83	45.83	45.83	45.83	45.83	45.83	45.83	45.83	44.95	44.95	44.95	44.95	44.95	44.95	44.95	44.27	44.27	44.27	42.78	42.78	42.78	57.52	58.02	58.02	58.02	58.02	58.02	59.01	59.01	59.01	54.58	54.58	54.58	55.83	55.83	55.83	57.11	57.11	57.11	56.55	56.55	56.55	56.55	56.55	56.55	56.55	56.55	56.55	56.55	56.55	56.55	56.55	56.55	56.55	56.55	55.24	55.24	55.24	55.24	55.24	55.24	55.24	55.24	55.24	55.24	55.24	55.24	55.24	55.24	55.24	55.24	57.4	55.12	54.72	50.62	51	52.86	52.86	53.26	52.35	51.45	52.04	52.75	53.82	52.62	51.19	48.33	46.08	46.08	45.28	44.15	50.71	50.71	50.71	42.2	42.2	42.2	41.05	41.05	43.15	43.15	50.28	50.28	50.28	49.23	49.23	49.23	47.05	47.05	47.05	47.05	44.42	49.14	47.28	47.28	51.48	51.48	49.29	46.74	45.78	45.78	63.16	63.11	62.53	62.13	60.94	61.46	64.42	64.57	60.77	61.23	63.44	61.97	62.06	62.77	56.78	56.49	52.34	52.69	49.62	47.98	55.03	48.31	48.41	57.28	53.1	57.66	56.27	62.62	62.62	54.7	64.07	64.07	63.4	61.16	61.16	55.14	51.79	52.61	52.61	52.61	52.61	52.61	52.61	52.61	52.61	52.61	52.61	52.61	52.61	52.61
zone6_00024	6	2026/04/28 18:48	5	0.1	50.12	52.32	54.4	53.72	56.9	54.05	56.06	53.66	52.12	52.3	51.4	51.4	49.31	45.61	45.01	44.83	44.83	44.83	44.83	44.83	44.83	44.83	44.83	44.83	44.83	45.83	45.83	45.83	45.83	45.83	45.83	45.83	44.95	44.95	44.95	44.95	44.95	44.95	44.95	44.27	44.27	44.27	42.78	42.78	42.78	42.98	42.98	42.98	42.98	44.92	58.02	59.01	59.01	59.01	54.58	54.58	54.58	55.83	55.83	55.83	57.11	57.11	57.11	56.55	56.55	56.55	56.55	56.55	56.55	56.55	56.55	56.55	56.55	56.55	56.55	56.55	56.55	56.55	56.55	55.24	55.24	55.24	55.24	55.24	55.24	55.24	55.24	55.24	55.24	55.24	55.24	55.24	55.24	55.24	55.24	55.24	55.24	55.24	55.24	55.24	52.86	52.86	53.26	52.35	51.45	52.04	52.75	53.82	52.62	51.19	48.33	46.08	46.08	45.28	44.15	50.71	50.71	50.71	42.2	42.2	42.2	41.05	41.05	43.15	43.15	50.28	50.28	50.28	49.23	49.23	49.23	47.05	47.05	47.05	47.05	44.42	49.14	47.28	47.28	51.48	51.48	49.29	46.74	45.78	45.78	45.78	44.55	43.29	43.29	51.71	61.46	64.42	64.57	60.77	61.23	63.44	61.97	62.06	62.77	56.78	56.49	52.34	52.69	49.62	47.98	55.03	48.31	48.41	57.28	53.1	57.66	56.27	62.62	62.62	54.7	64.07	64.07	63.4	61.16	61.16	55.14	51.79	52.61	52.61	52.61	52.61	52.61	52.61	52.61	52.61	52.61	52.61	52.61	52.61	52.61	53.12	66.93	64.26	64.76	64.22
zone6_00025	6	2026/04/28 18:48	5	0.1	54.05	56.06	53.66	52.12	52.3	51.4	51.4	49.31	45.61	45.01	44.83	44.83	44.83	44.83	44.83	44.83	44.83	44.83	44.83	44.83	45.83	45.83	45.83	45.83	45.83	45.83	45.83	44.95	44.95	44.95	44.95	44.95	44.95	44.95	44.27	44.27	44.27	42.78	42.78	42.78	42.98	42.98	42.98	42.98	44.92	44.92	44.92	44.92	42.49	45.87	54.58	54.58	55.83	55.83	55.83	57.11	57.11	57.11	56.55	56.55	56.55	56.55	56.55	56.55	56.55	56.55	56.55	56.55	56.55	56.55	56.55	56.55	56.55	56.55	55.24	55.24	55.24	55.24	55.24	55.24	55.24	55.24	55.24	55.24	55.24	55.24	55.24	55.24	55.24	55.24	55.24	55.24	55.24	55.24	55.24	55.04	55.09	55.13	55.13	55.05	52.04	52.75	53.82	52.62	51.19	48.33	46.08	46.08	45.28	44.15	50.71	50.71	50.71	42.2	42.2	42.2	41.05	41.05	43.15	43.15	50.28	50.28	50.28	49.23	49.23	49.23	47.05	47.05	47.05	47.05	44.42	49.14	47.28	47.28	51.48	51.48	49.29	46.74	45.78	45.78	45.78	44.55	43.29	43.29	51.71	51.71	54.8	49.37	51.53	42.92	63.44	61.97	62.06	62.77	56.78	56.49	52.34	52.69	49.62	47.98	55.03	48.31	48.41	57.28	53.1	57.66	56.27	62.62	62.62	54.7	64.07	64.07	63.4	61.16	61.16	55.14	51.79	52.61	52.61	52.61	52.61	52.61	52.61	52.61	52.61	52.61	52.61	52.61	52.61	52.61	53.12	66.93	64.26	64.76	64.22	62.69	60.23	56.2	55.89	53.53
zone6_00026	6	2026/04/28 18:48	5	0.1	51.4	51.4	49.31	45.61	45.01	44.83	44.83	44.83	44.83	44.83	44.83	44.83	44.83	44.83	44.83	45.83	45.83	45.83	45.83	45.83	45.83	45.83	44.95	44.95	44.95	44.95	44.95	44.95	44.95	44.27	44.27	44.27	42.78	42.78	42.78	42.98	42.98	42.98	42.98	44.92	44.92	44.92	44.92	42.49	45.87	41.67	41.47	47.55	44.73	42.3	57.11	57.11	57.11	56.55	56.55	56.55	56.55	56.55	56.55	56.55	56.55	56.55	56.55	56.55	56.55	56.55	56.55	56.55	56.55	55.24	55.24	55.24	55.24	55.24	55.24	55.24	55.24	55.24	55.24	55.24	55.24	55.24	55.24	55.24	55.24	55.24	55.24	55.24	55.24	55.24	55.04	55.09	55.13	55.13	55.05	55.05	55.05	55.05	55.05	49.94	48.33	46.08	46.08	45.28	44.15	50.71	50.71	50.71	42.2	42.2	42.2	41.05	41.05	43.15	43.15	50.28	50.28	50.28	49.23	49.23	49.23	47.05	47.05	47.05	47.05	44.42	49.14	47.28	47.28	51.48	51.48	49.29	46.74	45.78	45.78	45.78	44.55	43.29	43.29	51.71	51.71	54.8	49.37	51.53	42.92	44.15	44.72	51.62	48.8	49.6	56.49	52.34	52.69	49.62	47.98	55.03	48.31	48.41	57.28	53.1	57.66	56.27	62.62	62.62	54.7	64.07	64.07	63.4	61.16	61.16	55.14	51.79	52.61	52.61	52.61	52.61	52.61	52.61	52.61	52.61	52.61	52.61	52.61	52.61	52.61	53.12	66.93	64.26	64.76	64.22	62.69	60.23	56.2	55.89	53.53	52.35	61.81	54.59	50.69	52.42
zone6_00027	6	2026/04/28 18:48	5	0.1	44.83	44.83	44.83	44.83	44.83	44.83	44.83	44.83	44.83	44.83	45.83	45.83	45.83	45.83	45.83	45.83	45.83	44.95	44.95	44.95	44.95	44.95	44.95	44.95	44.27	44.27	44.27	42.78	42.78	42.78	42.98	42.98	42.98	42.98	44.92	44.92	44.92	44.92	42.49	45.87	41.67	41.47	47.55	44.73	42.3	43.81	46.23	52.01	49.8	41.53	56.55	56.55	56.55	56.55	56.55	56.55	56.55	56.55	56.55	56.55	56.55	56.55	56.55	56.55	55.24	55.24	55.24	55.24	55.24	55.24	55.24	55.24	55.24	55.24	55.24	55.24	55.24	55.24	55.24	55.24	55.24	55.24	55.24	55.24	55.24	55.04	55.09	55.13	55.13	55.05	55.05	55.05	55.05	55.05	49.94	49.94	53.14	53.14	53.14	53.14	50.71	50.71	50.71	42.2	42.2	42.2	41.05	41.05	43.15	43.15	50.28	50.28	50.28	49.23	49.23	49.23	47.05	47.05	47.05	47.05	44.42	49.14	47.28	47.28	51.48	51.48	49.29	46.74	45.78	45.78	45.78	44.55	43.29	43.29	51.71	51.71	54.8	49.37	51.53	42.92	44.15	44.72	51.62	48.8	49.6	48.11	49.59	49.7	49.78	52.45	55.03	48.31	48.41	57.28	53.1	57.66	56.27	62.62	62.62	54.7	64.07	64.07	63.4	61.16	61.16	55.14	51.79	52.61	52.61	52.61	52.61	52.61	52.61	52.61	52.61	52.61	52.61	52.61	52.61	52.61	53.12	66.93	64.26	64.76	64.22	62.69	60.23	56.2	55.89	53.53	52.35	61.81	54.59	50.69	52.42	50.05	55.64	55.68	56.28	55.65
zone6_00028	6	2026/04/28 18:48	5	0.1	44.83	44.83	44.83	44.83	44.83	45.83	45.83	45.83	45.83	45.83	45.83	45.83	44.95	44.95	44.95	44.95	44.95	44.95	44.95	44.27	44.27	44.27	42.78	42.78	42.78	42.98	42.98	42.98	42.98	44.92	44.92	44.92	44.92	42.49	45.87	41.67	41.47	47.55	44.73	42.3	43.81	46.23	52.01	49.8	41.53	48.82	51.36	50	51.76	51.41	56.55	56.55	56.55	56.55	56.55	56.55	56.55	56.55	56.55	55.24	55.24	55.24	55.24	55.24	55.24	55.24	55.24	55.24	55.24	55.24	55.24	55.24	55.24	55.24	55.24	55.24	55.24	55.24	55.24	55.24	55.04	55.09	55.13	55.13	55.05	55.05	55.05	55.05	55.05	49.94	49.94	53.14	53.14	53.14	53.14	53.14	58.15	58.1	55.54	55.54	42.2	41.05	41.05	43.15	43.15	50.28	50.28	50.28	49.23	49.23	49.23	47.05	47.05	47.05	47.05	44.42	49.14	47.28	47.28	51.48	51.48	49.29	46.74	45.78	45.78	45.78	44.55	43.29	43.29	51.71	51.71	54.8	49.37	51.53	42.92	44.15	44.72	51.62	48.8	49.6	48.11	49.59	49.7	49.78	52.45	51.8	45.52	50.69	48.09	45.86	57.66	56.27	62.62	62.62	54.7	64.07	64.07	63.4	61.16	61.16	55.14	51.79	52.61	52.61	52.61	52.61	52.61	52.61	52.61	52.61	52.61	52.61	52.61	52.61	52.61	53.12	66.93	64.26	64.76	64.22	62.69	60.23	56.2	55.89	53.53	52.35	61.81	54.59	50.69	52.42	50.05	55.64	55.68	56.28	55.65	54.94	58.01	58.52	57.66	51.73
zone6_00029	6	2026/04/28 18:48	5	0.1	45.83	45.83	45.83	45.83	45.83	45.83	45.83	44.95	44.95	44.95	44.95	44.95	44.95	44.95	44.27	44.27	44.27	42.78	42.78	42.78	42.98	42.98	42.98	42.98	44.92	44.92	44.92	44.92	42.49	45.87	41.67	41.47	47.55	44.73	42.3	43.81	46.23	52.01	49.8	41.53	48.82	51.36	50	51.76	51.41	47.24	47.24	52.24	53.17	45.65	56.55	56.55	56.55	56.55	55.24	55.24	55.24	55.24	55.24	55.24	55.24	55.24	55.24	55.24	55.24	55.24	55.24	55.24	55.24	55.24	55.24	55.24	55.24	55.24	55.24	55.04	55.09	55.13	55.13	55.05	55.05	55.05	55.05	55.05	49.94	49.94	53.14	53.14	53.14	53.14	53.14	58.15	58.1	55.54	55.54	55.54	55.54	55.54	55.14	55.14	50.28	50.28	50.28	49.23	49.23	49.23	47.05	47.05	47.05	47.05	44.42	49.14	47.28	47.28	51.48	51.48	49.29	46.74	45.78	45.78	45.78	44.55	43.29	43.29	51.71	51.71	54.8	49.37	51.53	42.92	44.15	44.72	51.62	48.8	49.6	48.11	49.59	49.7	49.78	52.45	51.8	45.52	50.69	48.09	45.86	46.79	45.2	45.65	45.99	43.1	64.07	64.07	63.4	61.16	61.16	55.14	51.79	52.61	52.61	52.61	52.61	52.61	52.61	52.61	52.61	52.61	52.61	52.61	52.61	52.61	53.12	66.93	64.26	64.76	64.22	62.69	60.23	56.2	55.89	53.53	52.35	61.81	54.59	50.69	52.42	50.05	55.64	55.68	56.28	55.65	54.94	58.01	58.52	57.66	51.73	50.42	51.96	59.1	53.08	49.9
zone6_00030	6	2026/04/28 18:48	5	0.1	45.83	45.83	44.95	44.95	44.95	44.95	44.95	44.95	44.95	44.27	44.27	44.27	42.78	42.78	42.78	42.98	42.98	42.98	42.98	44.92	44.92	44.92	44.92	42.49	45.87	41.67	41.47	47.55	44.73	42.3	43.81	46.23	52.01	49.8	41.53	48.82	51.36	50	51.76	51.41	47.24	47.24	52.24	53.17	45.65	44.3	44.3	46.92	47.33	46.67	55.24	55.24	55.24	55.24	55.24	55.24	55.24	55.24	55.24	55.24	55.24	55.24	55.24	55.24	55.24	55.24	55.24	55.24	55.24	55.24	55.04	55.09	55.13	55.13	55.05	55.05	55.05	55.05	55.05	49.94	49.94	53.14	53.14	53.14	53.14	53.14	58.15	58.1	55.54	55.54	55.54	55.54	55.54	55.14	55.14	55.14	52.49	52.49	52.49	57.44	49.23	47.05	47.05	47.05	47.05	44.42	49.14	47.28	47.28	51.48	51.48	49.29	46.74	45.78	45.78	45.78	44.55	43.29	43.29	51.71	51.71	54.8	49.37	51.53	42.92	44.15	44.72	51.62	48.8	49.6	48.11	49.59	49.7	49.78	52.45	51.8	45.52	50.69	48.09	45.86	46.79	45.2	45.65	45.99	43.1	47.56	46.43	49.21	46.16	45.64	55.14	51.79	52.61	52.61	52.61	52.61	52.61	52.61	52.61	52.61	52.61	52.61	52.61	52.61	52.61	53.12	66.93	64.26	64.76	64.22	62.69	60.23	56.2	55.89	53.53	52.35	61.81	54.59	50.69	52.42	50.05	55.64	55.68	56.28	55.65	54.94	58.01	58.52	57.66	51.73	50.42	51.96	59.1	53.08	49.9	51.63	53.05	56.55	52.4	53.49
zone6_00031	6	2026/04/28 18:48	5	0.1	44.95	44.95	44.95	44.95	44.27	44.27	44.27	42.78	42.78	42.78	42.98	42.98	42.98	42.98	44.92	44.92	44.92	44.92	42.49	45.87	41.67	41.47	47.55	44.73	42.3	43.81	46.23	52.01	49.8	41.53	48.82	51.36	50	51.76	51.41	47.24	47.24	52.24	53.17	45.65	44.3	44.3	46.92	47.33	46.67	46.8	51.49	45.82	49.34	51.92	55.24	55.24	55.24	55.24	55.24	55.24	55.24	55.24	55.24	55.24	55.24	55.24	55.24	55.24	55.24	55.04	55.09	55.13	55.13	55.05	55.05	55.05	55.05	55.05	49.94	49.94	53.14	53.14	53.14	53.14	53.14	58.15	58.1	55.54	55.54	55.54	55.54	55.54	55.14	55.14	55.14	52.49	52.49	52.49	57.44	57.44	57.44	57.44	57.44	51.39	44.42	49.14	47.28	47.28	51.48	51.48	49.29	46.74	45.78	45.78	45.78	44.55	43.29	43.29	51.71	51.71	54.8	49.37	51.53	42.92	44.15	44.72	51.62	48.8	49.6	48.11	49.59	49.7	49.78	52.45	51.8	45.52	50.69	48.09	45.86	46.79	45.2	45.65	45.99	43.1	47.56	46.43	49.21	46.16	45.64	53.38	50.65	50.4	48.58	46.78	52.61	52.61	52.61	52.61	52.61	52.61	52.61	52.61	52.61	52.61	53.12	66.93	64.26	64.76	64.22	62.69	60.23	56.2	55.89	53.53	52.35	61.81	54.59	50.69	52.42	50.05	55.64	55.68	56.28	55.65	54.94	58.01	58.52	57.66	51.73	50.42	51.96	59.1	53.08	49.9	51.63	53.05	56.55	52.4	53.49	58.4	59.28	58.82	55.03	54.66
zone6_00032	6	2026/04/28 18:48	5	0.1	44.27	44.27	42.78	42.78	42.78	42.98	42.98	42.98	42.98	44.92	44.92	44.92	44.92	42.49	45.87	41.67	41.47	47.55	44.73	42.3	43.81	46.23	52.01	49.8	41.53	48.82	51.36	50	51.76	51.41	47.24	47.24	52.24	53.17	45.65	44.3	44.3	46.92	47.33	46.67	46.8	51.49	45.82	49.34	51.92	52.37	48.45	48.45	48.45	48.45	55.24	55.24	55.24	55.24	55.24	55.24	55.24	55.24	55.24	55.24	55.04	55.09	55.13	55.13	55.05	55.05	55.05	55.05	55.05	49.94	49.94	53.14	53.14	53.14	53.14	53.14	58.15	58.1	55.54	55.54	55.54	55.54	55.54	55.14	55.14	55.14	52.49	52.49	52.49	57.44	57.44	57.44	57.44	57.44	51.39	51.39	51.39	51.39	51.39	48.04	51.48	49.29	46.74	45.78	45.78	45.78	44.55	43.29	43.29	51.71	51.71	54.8	49.37	51.53	42.92	44.15	44.72	51.62	48.8	49.6	48.11	49.59	49.7	49.78	52.45	51.8	45.52	50.69	48.09	45.86	46.79	45.2	45.65	45.99	43.1	47.56	46.43	49.21	46.16	45.64	53.38	50.65	50.4	48.58	46.78	48.57	47.47	48.05	46.41	46.41	52.61	52.61	52.61	52.61	52.61	53.12	66.93	64.26	64.76	64.22	62.69	60.23	56.2	55.89	53.53	52.35	61.81	54.59	50.69	52.42	50.05	55.64	55.68	56.28	55.65	54.94	58.01	58.52	57.66	51.73	50.42	51.96	59.1	53.08	49.9	51.63	53.05	56.55	52.4	53.49	58.4	59.28	58.82	55.03	54.66	55.29	50.8	60.19	58.64	53.04
zone6_00033	6	2026/04/28 18:48	5	0.1	42.98	42.98	42.98	42.98	44.92	44.92	44.92	44.92	42.49	45.87	41.67	41.47	47.55	44.73	42.3	43.81	46.23	52.01	49.8	41.53	48.82	51.36	50	51.76	51.41	47.24	47.24	52.24	53.17	45.65	44.3	44.3	46.92	47.33	46.67	46.8	51.49	45.82	49.34	51.92	52.37	48.45	48.45	48.45	48.45	48.22	47.42	47.42	47.42	46.61	55.24	55.24	55.24	55.24	55.24	55.04	55.09	55.13	55.13	55.05	55.05	55.05	55.05	55.05	49.94	49.94	53.14	53.14	53.14	53.14	53.14	58.15	58.1	55.54	55.54	55.54	55.54	55.54	55.14	55.14	55.14	52.49	52.49	52.49	57.44	57.44	57.44	57.44	57.44	51.39	51.39	51.39	51.39	51.39	48.04	46.74	46.74	46.74	46.74	46.74	45.78	44.55	43.29	43.29	51.71	51.71	54.8	49.37	51.53	42.92	44.15	44.72	51.62	48.8	49.6	48.11	49.59	49.7	49.78	52.45	51.8	45.52	50.69	48.09	45.86	46.79	45.2	45.65	45.99	43.1	47.56	46.43	49.21	46.16	45.64	53.38	50.65	50.4	48.58	46.78	48.57	47.47	48.05	46.41	46.41	46.41	43.53	43.53	42.9	42.9	53.12	66.93	64.26	64.76	64.22	62.69	60.23	56.2	55.89	53.53	52.35	61.81	54.59	50.69	52.42	50.05	55.64	55.68	56.28	55.65	54.94	58.01	58.52	57.66	51.73	50.42	51.96	59.1	53.08	49.9	51.63	53.05	56.55	52.4	53.49	58.4	59.28	58.82	55.03	54.66	55.29	50.8	60.19	58.64	53.04	53.04	58.94	58.94	58.91	56.46
zone6_00034	6	2026/04/28 18:48	5	0.1	44.92	44.92	44.92	42.49	45.87	41.67	41.47	47.55	44.73	42.3	43.81	46.23	52.01	49.8	41.53	48.82	51.36	50	51.76	51.41	47.24	47.24	52.24	53.17	45.65	44.3	44.3	46.92	47.33	46.67	46.8	51.49	45.82	49.34	51.92	52.37	48.45	48.45	48.45	48.45	48.22	47.42	47.42	47.42	46.61	46.61	46.61	46.61	46.42	46.42	55.04	55.09	55.13	55.13	55.05	55.05	55.05	55.05	55.05	49.94	49.94	53.14	53.14	53.14	53.14	53.14	58.15	58.1	55.54	55.54	55.54	55.54	55.54	55.14	55.14	55.14	52.49	52.49	52.49	57.44	57.44	57.44	57.44	57.44	51.39	51.39	51.39	51.39	51.39	48.04	46.74	46.74	46.74	46.74	46.74	46.74	46.74	46.74	46.74	46.74	51.71	54.8	49.37	51.53	42.92	44.15	44.72	51.62	48.8	49.6	48.11	49.59	49.7	49.78	52.45	51.8	45.52	50.69	48.09	45.86	46.79	45.2	45.65	45.99	43.1	47.56	46.43	49.21	46.16	45.64	53.38	50.65	50.4	48.58	46.78	48.57	47.47	48.05	46.41	46.41	46.41	43.53	43.53	42.9	42.9	53.1	53.1	53.81	48.23	45.59	62.69	60.23	56.2	55.89	53.53	52.35	61.81	54.59	50.69	52.42	50.05	55.64	55.68	56.28	55.65	54.94	58.01	58.52	57.66	51.73	50.42	51.96	59.1	53.08	49.9	51.63	53.05	56.55	52.4	53.49	58.4	59.28	58.82	55.03	54.66	55.29	50.8	60.19	58.64	53.04	53.04	58.94	58.94	58.91	56.46	51.79	52.11	51.6	59.61	55.05
zone6_00035	6	2026/04/28 18:48	5	0.1	41.67	41.47	47.55	44.73	42.3	43.81	46.23	52.01	49.8	41.53	48.82	51.36	50	51.76	51.41	47.24	47.24	52.24	53.17	45.65	44.3	44.3	46.92	47.33	46.67	46.8	51.49	45.82	49.34	51.92	52.37	48.45	48.45	48.45	48.45	48.22	47.42	47.42	47.42	46.61	46.61	46.61	46.61	46.42	46.42	46.42	47.43	47.43	47.43	46.68	55.05	55.05	55.05	55.05	49.94	49.94	53.14	53.14	53.14	53.14	53.14	58.15	58.1	55.54	55.54	55.54	55.54	55.54	55.14	55.14	55.14	52.49	52.49	52.49	57.44	57.44	57.44	57.44	57.44	51.39	51.39	51.39	51.39	51.39	48.04	46.74	46.74	46.74	46.74	46.74	46.74	46.74	46.74	46.74	46.74	46.74	46.74	46.74	46.74	46.74	44.15	44.72	51.62	48.8	49.6	48.11	49.59	49.7	49.78	52.45	51.8	45.52	50.69	48.09	45.86	46.79	45.2	45.65	45.99	43.1	47.56	46.43	49.21	46.16	45.64	53.38	50.65	50.4	48.58	46.78	48.57	47.47	48.05	46.41	46.41	46.41	43.53	43.53	42.9	42.9	53.1	53.1	53.81	48.23	45.59	45.75	50.04	50.04	50.04	52.1	52.35	61.81	54.59	50.69	52.42	50.05	55.64	55.68	56.28	55.65	54.94	58.01	58.52	57.66	51.73	50.42	51.96	59.1	53.08	49.9	51.63	53.05	56.55	52.4	53.49	58.4	59.28	58.82	55.03	54.66	55.29	50.8	60.19	58.64	53.04	53.04	58.94	58.94	58.91	56.46	51.79	52.11	51.6	59.61	55.05	55.2	56.45	56.45	56.45	52.39
zone6_00036	6	2026/04/28 18:48	5	0.1	43.81	46.23	52.01	49.8	41.53	48.82	51.36	50	51.76	51.41	47.24	47.24	52.24	53.17	45.65	44.3	44.3	46.92	47.33	46.67	46.8	51.49	45.82	49.34	51.92	52.37	48.45	48.45	48.45	48.45	48.22	47.42	47.42	47.42	46.61	46.61	46.61	46.61	46.42	46.42	46.42	47.43	47.43	47.43	46.68	46.68	46.11	46.11	45.95	45.95	49.94	53.14	53.14	53.14	53.14	53.14	58.15	58.1	55.54	55.54	55.54	55.54	55.54	55.14	55.14	55.14	52.49	52.49	52.49	57.44	57.44	57.44	57.44	57.44	51.39	51.39	51.39	51.39	51.39	48.04	46.74	46.74	46.74	46.74	46.74	46.74	46.74	46.74	46.74	46.74	46.74	46.74	46.74	46.74	46.74	46.74	46.74	46.74	46.74	46.74	48.11	49.59	49.7	49.78	52.45	51.8	45.52	50.69	48.09	45.86	46.79	45.2	45.65	45.99	43.1	47.56	46.43	49.21	46.16	45.64	53.38	50.65	50.4	48.58	46.78	48.57	47.47	48.05	46.41	46.41	46.41	43.53	43.53	42.9	42.9	53.1	53.1	53.81	48.23	45.59	45.75	50.04	50.04	50.04	52.1	53.26	53.26	53.26	45.27	42.65	50.05	55.64	55.68	56.28	55.65	54.94	58.01	58.52	57.66	51.73	50.42	51.96	59.1	53.08	49.9	51.63	53.05	56.55	52.4	53.49	58.4	59.28	58.82	55.03	54.66	55.29	50.8	60.19	58.64	53.04	53.04	58.94	58.94	58.91	56.46	51.79	52.11	51.6	59.61	55.05	55.2	56.45	56.45	56.45	52.39	54.55	57.47	58.09	60.31	58.3
zone6_00037	6	2026/04/28 18:48	5	0.1	48.82	51.36	50	51.76	51.41	47.24	47.24	52.24	53.17	45.65	44.3	44.3	46.92	47.33	46.67	46.8	51.49	45.82	49.34	51.92	52.37	48.45	48.45	48.45	48.45	48.22	47.42	47.42	47.42	46.61	46.61	46.61	46.61	46.42	46.42	46.42	47.43	47.43	47.43	46.68	46.68	46.11	46.11	45.95	45.95	44.35	45.42	45.42	45.42	45.42	53.14	58.15	58.1	55.54	55.54	55.54	55.54	55.54	55.14	55.14	55.14	52.49	52.49	52.49	57.44	57.44	57.44	57.44	57.44	51.39	51.39	51.39	51.39	51.39	48.04	46.74	46.74	46.74	46.74	46.74	46.74	46.74	46.74	46.74	46.74	46.74	46.74	46.74	46.74	46.74	46.74	46.74	46.74	46.74	46.74	46.74	46.74	52.01	52.01	52.01	51.8	45.52	50.69	48.09	45.86	46.79	45.2	45.65	45.99	43.1	47.56	46.43	49.21	46.16	45.64	53.38	50.65	50.4	48.58	46.78	48.57	47.47	48.05	46.41	46.41	46.41	43.53	43.53	42.9	42.9	53.1	53.1	53.81	48.23	45.59	45.75	50.04	50.04	50.04	52.1	53.26	53.26	53.26	45.27	42.65	42.65	50.18	50.18	49.49	49.49	54.94	58.01	58.52	57.66	51.73	50.42	51.96	59.1	53.08	49.9	51.63	53.05	56.55	52.4	53.49	58.4	59.28	58.82	55.03	54.66	55.29	50.8	60.19	58.64	53.04	53.04	58.94	58.94	58.91	56.46	51.79	52.11	51.6	59.61	55.05	55.2	56.45	56.45	56.45	52.39	54.55	57.47	58.09	60.31	58.3	51.74	58.64	57.83	56.38	56.38
zone6_00038	6	2026/04/28 18:48	5	0.1	47.24	47.24	52.24	53.17	45.65	44.3	44.3	46.92	47.33	46.67	46.8	51.49	45.82	49.34	51.92	52.37	48.45	48.45	48.45	48.45	48.22	47.42	47.42	47.42	46.61	46.61	46.61	46.61	46.42	46.42	46.42	47.43	47.43	47.43	46.68	46.68	46.11	46.11	45.95	45.95	44.35	45.42	45.42	45.42	45.42	45.42	45.42	42.8	42.8	47.16	55.54	55.54	55.54	55.14	55.14	55.14	52.49	52.49	52.49	57.44	57.44	57.44	57.44	57.44	51.39	51.39	51.39	51.39	51.39	48.04	46.74	46.74	46.74	46.74	46.74	46.74	46.74	46.74	46.74	46.74	46.74	46.74	46.74	46.74	46.74	46.74	46.74	46.74	46.74	46.74	46.74	46.74	52.01	52.01	52.01	52.01	52.01	53.16	52.08	51.07	46.79	45.2	45.65	45.99	43.1	47.56	46.43	49.21	46.16	45.64	53.38	50.65	50.4	48.58	46.78	48.57	47.47	48.05	46.41	46.41	46.41	43.53	43.53	42.9	42.9	53.1	53.1	53.81	48.23	45.59	45.75	50.04	50.04	50.04	52.1	53.26	53.26	53.26	45.27	42.65	42.65	50.18	50.18	49.49	49.49	49.49	49.49	49.49	45.58	42.59	50.42	51.96	59.1	53.08	49.9	51.63	53.05	56.55	52.4	53.49	58.4	59.28	58.82	55.03	54.66	55.29	50.8	60.19	58.64	53.04	53.04	58.94	58.94	58.91	56.46	51.79	52.11	51.6	59.61	55.05	55.2	56.45	56.45	56.45	52.39	54.55	57.47	58.09	60.31	58.3	51.74	58.64	57.83	56.38	56.38	56.93	56.93	50.79	51	51.58
zone6_00039	6	2026/04/28 18:48	5	0.1	44.3	44.3	46.92	47.33	46.67	46.8	51.49	45.82	49.34	51.92	52.37	48.45	48.45	48.45	48.45	48.22	47.42	47.42	47.42	46.61	46.61	46.61	46.61	46.42	46.42	46.42	47.43	47.43	47.43	46.68	46.68	46.11	46.11	45.95	45.95	44.35	45.42	45.42	45.42	45.42	45.42	45.42	42.8	42.8	47.16	47.16	53.93	53.93	53.93	53.92	55.14	52.49	52.49	52.49	57.44	57.44	57.44	57.44	57.44	51.39	51.39	51.39	51.39	51.39	48.04	46.74	46.74	46.74	46.74	46.74	46.74	46.74	46.74	46.74	46.74	46.74	46.74	46.74	46.74	46.74	46.74	46.74	46.74	46.74	46.74	46.74	46.74	52.01	52.01	52.01	52.01	52.01	53.16	52.08	51.07	51.07	51.07	48.31	48.31	48.1	47.56	46.43	49.21	46.16	45.64	53.38	50.65	50.4	48.58	46.78	48.57	47.47	48.05	46.41	46.41	46.41	43.53	43.53	42.9	42.9	53.1	53.1	53.81	48.23	45.59	45.75	50.04	50.04	50.04	52.1	53.26	53.26	53.26	45.27	42.65	42.65	50.18	50.18	49.49	49.49	49.49	49.49	49.49	45.58	42.59	46.15	46.15	46.15	49.15	52.81	51.63	53.05	56.55	52.4	53.49	58.4	59.28	58.82	55.03	54.66	55.29	50.8	60.19	58.64	53.04	53.04	58.94	58.94	58.91	56.46	51.79	52.11	51.6	59.61	55.05	55.2	56.45	56.45	56.45	52.39	54.55	57.47	58.09	60.31	58.3	51.74	58.64	57.83	56.38	56.38	56.93	56.93	50.79	51	51.58	49.91	49.91	56.68	52.83	55.47
zone6_00040	6	2026/04/28 18:48	5	0.1	46.8	51.49	45.82	49.34	51.92	52.37	48.45	48.45	48.45	48.45	48.22	47.42	47.42	47.42	46.61	46.61	46.61	46.61	46.42	46.42	46.42	47.43	47.43	47.43	46.68	46.68	46.11	46.11	45.95	45.95	44.35	45.42	45.42	45.42	45.42	45.42	45.42	42.8	42.8	47.16	47.16	53.93	53.93	53.93	53.92	53.92	53.92	53.92	53.92	52.76	57.44	57.44	57.44	57.44	51.39	51.39	51.39	51.39	51.39	48.04	46.74	46.74	46.74	46.74	46.74	46.74	46.74	46.74	46.74	46.74	46.74	46.74	46.74	46.74	46.74	46.74	46.74	46.74	46.74	46.74	46.74	46.74	52.01	52.01	52.01	52.01	52.01	53.16	52.08	51.07	51.07	51.07	48.31	48.31	48.1	51.67	51.67	51.67	51.67	51.67	53.38	50.65	50.4	48.58	46.78	48.57	47.47	48.05	46.41	46.41	46.41	43.53	43.53	42.9	42.9	53.1	53.1	53.81	48.23	45.59	45.75	50.04	50.04	50.04	52.1	53.26	53.26	53.26	45.27	42.65	42.65	50.18	50.18	49.49	49.49	49.49	49.49	49.49	45.58	42.59	46.15	46.15	46.15	49.15	52.81	47.19	47.19	47.19	52	52	58.4	59.28	58.82	55.03	54.66	55.29	50.8	60.19	58.64	53.04	53.04	58.94	58.94	58.91	56.46	51.79	52.11	51.6	59.61	55.05	55.2	56.45	56.45	56.45	52.39	54.55	57.47	58.09	60.31	58.3	51.74	58.64	57.83	56.38	56.38	56.93	56.93	50.79	51	51.58	49.91	49.91	56.68	52.83	55.47	54.64	56.98	54.41	62.61	63.6
zone6_00041	6	2026/04/28 18:48	5	0.1	52.37	48.45	48.45	48.45	48.45	48.22	47.42	47.42	47.42	46.61	46.61	46.61	46.61	46.42	46.42	46.42	47.43	47.43	47.43	46.68	46.68	46.11	46.11	45.95	45.95	44.35	45.42	45.42	45.42	45.42	45.42	45.42	42.8	42.8	47.16	47.16	53.93	53.93	53.93	53.92	53.92	53.92	53.92	53.92	52.76	51.06	51.06	46.2	46.2	47.25	51.39	51.39	51.39	51.39	48.04	46.74	46.74	46.74	46.74	46.74	46.74	46.74	46.74	46.74	46.74	46.74	46.74	46.74	46.74	46.74	46.74	46.74	46.74	46.74	46.74	46.74	46.74	52.01	52.01	52.01	52.01	52.01	53.16	52.08	51.07	51.07	51.07	48.31	48.31	48.1	51.67	51.67	51.67	51.67	51.67	51.67	51.67	51.67	53.27	53.27	48.57	47.47	48.05	46.41	46.41	46.41	43.53	43.53	42.9	42.9	53.1	53.1	53.81	48.23	45.59	45.75	50.04	50.04	50.04	52.1	53.26	53.26	53.26	45.27	42.65	42.65	50.18	50.18	49.49	49.49	49.49	49.49	49.49	45.58	42.59	46.15	46.15	46.15	49.15	52.81	47.19	47.19	47.19	52	52	52	47.77	46.89	46.89	49.9	55.29	50.8	60.19	58.64	53.04	53.04	58.94	58.94	58.91	56.46	51.79	52.11	51.6	59.61	55.05	55.2	56.45	56.45	56.45	52.39	54.55	57.47	58.09	60.31	58.3	51.74	58.64	57.83	56.38	56.38	56.93	56.93	50.79	51	51.58	49.91	49.91	56.68	52.83	55.47	54.64	56.98	54.41	62.61	63.6	57.19	55.49	57.36	59.21	52.98
zone6_00042	6	2026/04/28 18:48	5	0.1	48.22	47.42	47.42	47.42	46.61	46.61	46.61	46.61	46.42	46.42	46.42	47.43	47.43	47.43	46.68	46.68	46.11	46.11	45.95	45.95	44.35	45.42	45.42	45.42	45.42	45.42	45.42	42.8	42.8	47.16	47.16	53.93	53.93	53.93	53.92	53.92	53.92	53.92	53.92	52.76	51.06	51.06	46.2	46.2	47.25	47.25	50.74	46.19	51	55.48	46.74	46.74	46.74	46.74	46.74	46.74	46.74	46.74	46.74	46.74	46.74	46.74	46.74	46.74	46.74	46.74	46.74	46.74	46.74	46.74	46.74	46.74	52.01	52.01	52.01	52.01	52.01	53.16	52.08	51.07	51.07	51.07	48.31	48.31	48.1	51.67	51.67	51.67	51.67	51.67	51.67	51.67	51.67	53.27	53.27	53.27	53.27	53.27	53.27	59.15	46.41	43.53	43.53	42.9	42.9	53.1	53.1	53.81	48.23	45.59	45.75	50.04	50.04	50.04	52.1	53.26	53.26	53.26	45.27	42.65	42.65	50.18	50.18	49.49	49.49	49.49	49.49	49.49	45.58	42.59	46.15	46.15	46.15	49.15	52.81	47.19	47.19	47.19	52	52	52	47.77	46.89	46.89	49.9	48.46	48.46	44.5	46.93	48.06	53.04	58.94	58.94	58.91	56.46	51.79	52.11	51.6	59.61	55.05	55.2	56.45	56.45	56.45	52.39	54.55	57.47	58.09	60.31	58.3	51.74	58.64	57.83	56.38	56.38	56.93	56.93	50.79	51	51.58	49.91	49.91	56.68	52.83	55.47	54.64	56.98	54.41	62.61	63.6	57.19	55.49	57.36	59.21	52.98	56.14	53.7	56	53.5	59.41
zone6_00043	6	2026/04/28 18:48	5	0.1	46.61	46.61	46.61	46.42	46.42	46.42	47.43	47.43	47.43	46.68	46.68	46.11	46.11	45.95	45.95	44.35	45.42	45.42	45.42	45.42	45.42	45.42	42.8	42.8	47.16	47.16	53.93	53.93	53.93	53.92	53.92	53.92	53.92	53.92	52.76	51.06	51.06	46.2	46.2	47.25	47.25	50.74	46.19	51	55.48	55.48	49.63	44.99	48.39	48.43	46.74	46.74	46.74	46.74	46.74	46.74	46.74	46.74	46.74	46.74	46.74	46.74	46.74	46.74	46.74	46.74	46.74	52.01	52.01	52.01	52.01	52.01	53.16	52.08	51.07	51.07	51.07	48.31	48.31	48.1	51.67	51.67	51.67	51.67	51.67	51.67	51.67	51.67	53.27	53.27	53.27	53.27	53.27	53.27	59.15	59.15	59.15	59.15	59.15	59.15	53.1	53.1	53.81	48.23	45.59	45.75	50.04	50.04	50.04	52.1	53.26	53.26	53.26	45.27	42.65	42.65	50.18	50.18	49.49	49.49	49.49	49.49	49.49	45.58	42.59	46.15	46.15	46.15	49.15	52.81	47.19	47.19	47.19	52	52	52	47.77	46.89	46.89	49.9	48.46	48.46	44.5	46.93	48.06	50.87	47.85	43.35	42.96	47.36	51.79	52.11	51.6	59.61	55.05	55.2	56.45	56.45	56.45	52.39	54.55	57.47	58.09	60.31	58.3	51.74	58.64	57.83	56.38	56.38	56.93	56.93	50.79	51	51.58	49.91	49.91	56.68	52.83	55.47	54.64	56.98	54.41	62.61	63.6	57.19	55.49	57.36	59.21	52.98	56.14	53.7	56	53.5	59.41	51.91	47.84	52.44	52.63	57.93
zone6_00044	6	2026/04/28 18:48	5	0.1	46.42	47.43	47.43	47.43	46.68	46.68	46.11	46.11	45.95	45.95	44.35	45.42	45.42	45.42	45.42	45.42	45.42	42.8	42.8	47.16	47.16	53.93	53.93	53.93	53.92	53.92	53.92	53.92	53.92	52.76	51.06	51.06	46.2	46.2	47.25	47.25	50.74	46.19	51	55.48	55.48	49.63	44.99	48.39	48.43	45.39	45.98	43.95	50.55	50.45	46.74	46.74	46.74	46.74	46.74	46.74	46.74	46.74	46.74	46.74	46.74	46.74	52.01	52.01	52.01	52.01	52.01	53.16	52.08	51.07	51.07	51.07	48.31	48.31	48.1	51.67	51.67	51.67	51.67	51.67	51.67	51.67	51.67	53.27	53.27	53.27	53.27	53.27	53.27	59.15	59.15	59.15	59.15	59.15	59.15	59.15	59.15	50.22	50.22	50.22	45.75	50.04	50.04	50.04	52.1	53.26	53.26	53.26	45.27	42.65	42.65	50.18	50.18	49.49	49.49	49.49	49.49	49.49	45.58	42.59	46.15	46.15	46.15	49.15	52.81	47.19	47.19	47.19	52	52	52	47.77	46.89	46.89	49.9	48.46	48.46	44.5	46.93	48.06	50.87	47.85	43.35	42.96	47.36	50.86	50.02	45.45	47.02	47.28	55.2	56.45	56.45	56.45	52.39	54.55	57.47	58.09	60.31	58.3	51.74	58.64	57.83	56.38	56.38	56.93	56.93	50.79	51	51.58	49.91	49.91	56.68	52.83	55.47	54.64	56.98	54.41	62.61	63.6	57.19	55.49	57.36	59.21	52.98	56.14	53.7	56	53.5	59.41	51.91	47.84	52.44	52.63	57.93	57.65	55.84	53.63	56.19	52.74
zone6_00045	6	2026/04/28 18:48	5	0.1	46.68	46.11	46.11	45.95	45.95	44.35	45.42	45.42	45.42	45.42	45.42	45.42	42.8	42.8	47.16	47.16	53.93	53.93	53.93	53.92	53.92	53.92	53.92	53.92	52.76	51.06	51.06	46.2	46.2	47.25	47.25	50.74	46.19	51	55.48	55.48	49.63	44.99	48.39	48.43	45.39	45.98	43.95	50.55	50.45	52	52	52	50.45	44.37	46.74	46.74	46.74	46.74	46.74	46.74	46.74	52.01	52.01	52.01	52.01	52.01	53.16	52.08	51.07	51.07	51.07	48.31	48.31	48.1	51.67	51.67	51.67	51.67	51.67	51.67	51.67	51.67	53.27	53.27	53.27	53.27	53.27	53.27	59.15	59.15	59.15	59.15	59.15	59.15	59.15	59.15	50.22	50.22	50.22	50.22	50.22	50.22	50.22	50.22	53.26	53.26	53.26	45.27	42.65	42.65	50.18	50.18	49.49	49.49	49.49	49.49	49.49	45.58	42.59	46.15	46.15	46.15	49.15	52.81	47.19	47.19	47.19	52	52	52	47.77	46.89	46.89	49.9	48.46	48.46	44.5	46.93	48.06	50.87	47.85	43.35	42.96	47.36	50.86	50.02	45.45	47.02	47.28	47.28	46.24	51	49.35	46.61	54.55	57.47	58.09	60.31	58.3	51.74	58.64	57.83	56.38	56.38	56.93	56.93	50.79	51	51.58	49.91	49.91	56.68	52.83	55.47	54.64	56.98	54.41	62.61	63.6	57.19	55.49	57.36	59.21	52.98	56.14	53.7	56	53.5	59.41	51.91	47.84	52.44	52.63	57.93	57.65	55.84	53.63	56.19	52.74	56.2	55.7	52.31	55.02	55.28
zone6_00046	6	2026/04/28 18:48	5	0.1	44.35	45.42	45.42	45.42	45.42	45.42	45.42	42.8	42.8	47.16	47.16	53.93	53.93	53.93	53.92	53.92	53.92	53.92	53.92	52.76	51.06	51.06	46.2	46.2	47.25	47.25	50.74	46.19	51	55.48	55.48	49.63	44.99	48.39	48.43	45.39	45.98	43.95	50.55	50.45	52	52	52	50.45	44.37	49.1	49.1	49.1	48.63	49.05	46.74	46.74	52.01	52.01	52.01	52.01	52.01	53.16	52.08	51.07	51.07	51.07	48.31	48.31	48.1	51.67	51.67	51.67	51.67	51.67	51.67	51.67	51.67	53.27	53.27	53.27	53.27	53.27	53.27	59.15	59.15	59.15	59.15	59.15	59.15	59.15	59.15	50.22	50.22	50.22	50.22	50.22	50.22	50.22	50.22	54.73	54.73	54.73	54.73	50.25	42.65	50.18	50.18	49.49	49.49	49.49	49.49	49.49	45.58	42.59	46.15	46.15	46.15	49.15	52.81	47.19	47.19	47.19	52	52	52	47.77	46.89	46.89	49.9	48.46	48.46	44.5	46.93	48.06	50.87	47.85	43.35	42.96	47.36	50.86	50.02	45.45	47.02	47.28	47.28	46.24	51	49.35	46.61	46.72	46.72	46.72	48.39	42.5	51.74	58.64	57.83	56.38	56.38	56.93	56.93	50.79	51	51.58	49.91	49.91	56.68	52.83	55.47	54.64	56.98	54.41	62.61	63.6	57.19	55.49	57.36	59.21	52.98	56.14	53.7	56	53.5	59.41	51.91	47.84	52.44	52.63	57.93	57.65	55.84	53.63	56.19	52.74	56.2	55.7	52.31	55.02	55.28	51.55	53.3	51.88	53.21	59.93
zone6_00047	6	2026/04/28 18:48	5	0.1	45.42	45.42	42.8	42.8	47.16	47.16	53.93	53.93	53.93	53.92	53.92	53.92	53.92	53.92	52.76	51.06	51.06	46.2	46.2	47.25	47.25	50.74	46.19	51	55.48	55.48	49.63	44.99	48.39	48.43	45.39	45.98	43.95	50.55	50.45	52	52	52	50.45	44.37	49.1	49.1	49.1	48.63	49.05	47.78	46.8	49.02	46.49	46.49	52.01	52.01	53.16	52.08	51.07	51.07	51.07	48.31	48.31	48.1	51.67	51.67	51.67	51.67	51.67	51.67	51.67	51.67	53.27	53.27	53.27	53.27	53.27	53.27	59.15	59.15	59.15	59.15	59.15	59.15	59.15	59.15	50.22	50.22	50.22	50.22	50.22	50.22	50.22	50.22	54.73	54.73	54.73	54.73	50.25	49.99	49.99	49.99	49.99	49.99	49.49	49.49	49.49	45.58	42.59	46.15	46.15	46.15	49.15	52.81	47.19	47.19	47.19	52	52	52	47.77	46.89	46.89	49.9	48.46	48.46	44.5	46.93	48.06	50.87	47.85	43.35	42.96	47.36	50.86	50.02	45.45	47.02	47.28	47.28	46.24	51	49.35	46.61	46.72	46.72	46.72	48.39	42.5	47.55	44.52	47.08	47.08	47.08	56.93	56.93	50.79	51	51.58	49.91	49.91	56.68	52.83	55.47	54.64	56.98	54.41	62.61	63.6	57.19	55.49	57.36	59.21	52.98	56.14	53.7	56	53.5	59.41	51.91	47.84	52.44	52.63	57.93	57.65	55.84	53.63	56.19	52.74	56.2	55.7	52.31	55.02	55.28	51.55	53.3	51.88	53.21	59.93	57.13	51.65	60.07	62	62.28
zone6_00048	6	2026/04/28 18:48	5	0.1	47.16	53.93	53.93	53.93	53.92	53.92	53.92	53.92	53.92	52.76	51.06	51.06	46.2	46.2	47.25	47.25	50.74	46.19	51	55.48	55.48	49.63	44.99	48.39	48.43	45.39	45.98	43.95	50.55	50.45	52	52	52	50.45	44.37	49.1	49.1	49.1	48.63	49.05	47.78	46.8	49.02	46.49	46.49	45.62	45.62	45.62	45.62	45.62	51.07	51.07	48.31	48.31	48.1	51.67	51.67	51.67	51.67	51.67	51.67	51.67	51.67	53.27	53.27	53.27	53.27	53.27	53.27	59.15	59.15	59.15	59.15	59.15	59.15	59.15	59.15	50.22	50.22	50.22	50.22	50.22	50.22	50.22	50.22	54.73	54.73	54.73	54.73	50.25	49.99	49.99	49.99	49.99	49.99	49.99	49.99	48.13	46.83	46.83	46.15	46.15	46.15	49.15	52.81	47.19	47.19	47.19	52	52	52	47.77	46.89	46.89	49.9	48.46	48.46	44.5	46.93	48.06	50.87	47.85	43.35	42.96	47.36	50.86	50.02	45.45	47.02	47.28	47.28	46.24	51	49.35	46.61	46.72	46.72	46.72	48.39	42.5	47.55	44.52	47.08	47.08	47.08	51.57	51.7	50.57	51.12	51.12	49.91	49.91	56.68	52.83	55.47	54.64	56.98	54.41	62.61	63.6	57.19	55.49	57.36	59.21	52.98	56.14	53.7	56	53.5	59.41	51.91	47.84	52.44	52.63	57.93	57.65	55.84	53.63	56.19	52.74	56.2	55.7	52.31	55.02	55.28	51.55	53.3	51.88	53.21	59.93	57.13	51.65	60.07	62	62.28	60.24	57.81	55.2	51.57	51.57
zone6_00049	6	2026/04/28 18:48	5	0.1	53.92	53.92	53.92	53.92	52.76	51.06	51.06	46.2	46.2	47.25	47.25	50.74	46.19	51	55.48	55.48	49.63	44.99	48.39	48.43	45.39	45.98	43.95	50.55	50.45	52	52	52	50.45	44.37	49.1	49.1	49.1	48.63	49.05	47.78	46.8	49.02	46.49	46.49	45.62	45.62	45.62	45.62	45.62	45.62	45.62	45.62	45.62	45.62	51.67	51.67	51.67	51.67	51.67	51.67	51.67	51.67	53.27	53.27	53.27	53.27	53.27	53.27	59.15	59.15	59.15	59.15	59.15	59.15	59.15	59.15	50.22	50.22	50.22	50.22	50.22	50.22	50.22	50.22	54.73	54.73	54.73	54.73	50.25	49.99	49.99	49.99	49.99	49.99	49.99	49.99	48.13	46.83	46.83	46.83	46.83	46.83	46.83	46.83	47.19	47.19	47.19	52	52	52	47.77	46.89	46.89	49.9	48.46	48.46	44.5	46.93	48.06	50.87	47.85	43.35	42.96	47.36	50.86	50.02	45.45	47.02	47.28	47.28	46.24	51	49.35	46.61	46.72	46.72	46.72	48.39	42.5	47.55	44.52	47.08	47.08	47.08	51.57	51.7	50.57	51.12	51.12	51.12	50.02	50.97	49.45	49.45	54.64	56.98	54.41	62.61	63.6	57.19	55.49	57.36	59.21	52.98	56.14	53.7	56	53.5	59.41	51.91	47.84	52.44	52.63	57.93	57.65	55.84	53.63	56.19	52.74	56.2	55.7	52.31	55.02	55.28	51.55	53.3	51.88	53.21	59.93	57.13	51.65	60.07	62	62.28	60.24	57.81	55.2	51.57	51.57	61.62	54.43	50.17	45.58	43.89
zone6_00050	6	2026/04/28 18:48	5	0.1	51.06	51.06	46.2	46.2	47.25	47.25	50.74	46.19	51	55.48	55.48	49.63	44.99	48.39	48.43	45.39	45.98	43.95	50.55	50.45	52	52	52	50.45	44.37	49.1	49.1	49.1	48.63	49.05	47.78	46.8	49.02	46.49	46.49	45.62	45.62	45.62	45.62	45.62	45.62	45.62	45.62	45.62	45.62	46.31	42.6	42.6	42.81	42.81	51.67	51.67	51.67	53.27	53.27	53.27	53.27	53.27	53.27	59.15	59.15	59.15	59.15	59.15	59.15	59.15	59.15	50.22	50.22	50.22	50.22	50.22	50.22	50.22	50.22	54.73	54.73	54.73	54.73	50.25	49.99	49.99	49.99	49.99	49.99	49.99	49.99	48.13	46.83	46.83	46.83	46.83	46.83	46.83	46.83	46.83	46.83	46.83	46.83	46.83	52	47.77	46.89	46.89	49.9	48.46	48.46	44.5	46.93	48.06	50.87	47.85	43.35	42.96	47.36	50.86	50.02	45.45	47.02	47.28	47.28	46.24	51	49.35	46.61	46.72	46.72	46.72	48.39	42.5	47.55	44.52	47.08	47.08	47.08	51.57	51.7	50.57	51.12	51.12	51.12	50.02	50.97	49.45	49.45	49.45	43.88	46.59	41.94	41.55	57.19	55.49	57.36	59.21	52.98	56.14	53.7	56	53.5	59.41	51.91	47.84	52.44	52.63	57.93	57.65	55.84	53.63	56.19	52.74	56.2	55.7	52.31	55.02	55.28	51.55	53.3	51.88	53.21	59.93	57.13	51.65	60.07	62	62.28	60.24	57.81	55.2	51.57	51.57	61.62	54.43	50.17	45.58	43.89	61.24	60.8	61.33	57	62.22
zone6_00051	6	2026/04/28 18:48	5	0.1	47.25	50.74	46.19	51	55.48	55.48	49.63	44.99	48.39	48.43	45.39	45.98	43.95	50.55	50.45	52	52	52	50.45	44.37	49.1	49.1	49.1	48.63	49.05	47.78	46.8	49.02	46.49	46.49	45.62	45.62	45.62	45.62	45.62	45.62	45.62	45.62	45.62	45.62	46.31	42.6	42.6	42.81	42.81	53.25	53.25	53.25	53.25	53.25	53.27	53.27	53.27	53.27	59.15	59.15	59.15	59.15	59.15	59.15	59.15	59.15	50.22	50.22	50.22	50.22	50.22	50.22	50.22	50.22	54.73	54.73	54.73	54.73	50.25	49.99	49.99	49.99	49.99	49.99	49.99	49.99	48.13	46.83	46.83	46.83	46.83	46.83	46.83	46.83	46.83	46.83	46.83	46.83	46.83	44.79	44.79	44.79	44.79	44.79	48.46	48.46	44.5	46.93	48.06	50.87	47.85	43.35	42.96	47.36	50.86	50.02	45.45	47.02	47.28	47.28	46.24	51	49.35	46.61	46.72	46.72	46.72	48.39	42.5	47.55	44.52	47.08	47.08	47.08	51.57	51.7	50.57	51.12	51.12	51.12	50.02	50.97	49.45	49.45	49.45	43.88	46.59	41.94	41.55	41.55	43.58	43.58	42.73	42.73	56.14	53.7	56	53.5	59.41	51.91	47.84	52.44	52.63	57.93	57.65	55.84	53.63	56.19	52.74	56.2	55.7	52.31	55.02	55.28	51.55	53.3	51.88	53.21	59.93	57.13	51.65	60.07	62	62.28	60.24	57.81	55.2	51.57	51.57	61.62	54.43	50.17	45.58	43.89	61.24	60.8	61.33	57	62.22	62.22	62.22	60.8	60.8	59.96
zone6_00052	6	2026/04/28 18:48	5	0.1	55.48	49.63	44.99	48.39	48.43	45.39	45.98	43.95	50.55	50.45	52	52	52	50.45	44.37	49.1	49.1	49.1	48.63	49.05	47.78	46.8	49.02	46.49	46.49	45.62	45.62	45.62	45.62	45.62	45.62	45.62	45.62	45.62	45.62	46.31	42.6	42.6	42.81	42.81	53.25	53.25	53.25	53.25	53.25	52.21	52.21	52.21	52.21	52.21	59.15	59.15	59.15	59.15	59.15	59.15	59.15	50.22	50.22	50.22	50.22	50.22	50.22	50.22	50.22	54.73	54.73	54.73	54.73	50.25	49.99	49.99	49.99	49.99	49.99	49.99	49.99	48.13	46.83	46.83	46.83	46.83	46.83	46.83	46.83	46.83	46.83	46.83	46.83	46.83	44.79	44.79	44.79	44.79	44.79	44.79	44.79	44.79	44.79	44.79	50.87	47.85	43.35	42.96	47.36	50.86	50.02	45.45	47.02	47.28	47.28	46.24	51	49.35	46.61	46.72	46.72	46.72	48.39	42.5	47.55	44.52	47.08	47.08	47.08	51.57	51.7	50.57	51.12	51.12	51.12	50.02	50.97	49.45	49.45	49.45	43.88	46.59	41.94	41.55	41.55	43.58	43.58	42.73	42.73	42.73	44.57	44.57	44.57	44.29	51.91	47.84	52.44	52.63	57.93	57.65	55.84	53.63	56.19	52.74	56.2	55.7	52.31	55.02	55.28	51.55	53.3	51.88	53.21	59.93	57.13	51.65	60.07	62	62.28	60.24	57.81	55.2	51.57	51.57	61.62	54.43	50.17	45.58	43.89	61.24	60.8	61.33	57	62.22	62.22	62.22	60.8	60.8	59.96	59.96	60.3	60.3	53.2	54.55
zone6_00053	6	2026/04/28 18:48	5	0.1	45.39	45.98	43.95	50.55	50.45	52	52	52	50.45	44.37	49.1	49.1	49.1	48.63	49.05	47.78	46.8	49.02	46.49	46.49	45.62	45.62	45.62	45.62	45.62	45.62	45.62	45.62	45.62	45.62	46.31	42.6	42.6	42.81	42.81	53.25	53.25	53.25	53.25	53.25	52.21	52.21	52.21	52.21	52.21	52.21	52.21	50.14	50.14	50.14	59.15	59.15	50.22	50.22	50.22	50.22	50.22	50.22	50.22	50.22	54.73	54.73	54.73	54.73	50.25	49.99	49.99	49.99	49.99	49.99	49.99	49.99	48.13	46.83	46.83	46.83	46.83	46.83	46.83	46.83	46.83	46.83	46.83	46.83	46.83	44.79	44.79	44.79	44.79	44.79	44.79	44.79	44.79	44.79	44.79	44.79	44.79	44.79	44.79	44.79	50.86	50.02	45.45	47.02	47.28	47.28	46.24	51	49.35	46.61	46.72	46.72	46.72	48.39	42.5	47.55	44.52	47.08	47.08	47.08	51.57	51.7	50.57	51.12	51.12	51.12	50.02	50.97	49.45	49.45	49.45	43.88	46.59	41.94	41.55	41.55	43.58	43.58	42.73	42.73	42.73	44.57	44.57	44.57	44.29	44.29	41.42	51.55	51.55	47.25	57.65	55.84	53.63	56.19	52.74	56.2	55.7	52.31	55.02	55.28	51.55	53.3	51.88	53.21	59.93	57.13	51.65	60.07	62	62.28	60.24	57.81	55.2	51.57	51.57	61.62	54.43	50.17	45.58	43.89	61.24	60.8	61.33	57	62.22	62.22	62.22	60.8	60.8	59.96	59.96	60.3	60.3	53.2	54.55	56.95	56.9	65.05	61.28	57.87
zone6_00054	6	2026/04/28 18:48	5	0.1	52	52	52	50.45	44.37	49.1	49.1	49.1	48.63	49.05	47.78	46.8	49.02	46.49	46.49	45.62	45.62	45.62	45.62	45.62	45.62	45.62	45.62	45.62	45.62	46.31	42.6	42.6	42.81	42.81	53.25	53.25	53.25	53.25	53.25	52.21	52.21	52.21	52.21	52.21	52.21	52.21	50.14	50.14	50.14	50.14	48.87	48.87	48.87	48.87	50.22	50.22	50.22	50.22	50.22	54.73	54.73	54.73	54.73	50.25	49.99	49.99	49.99	49.99	49.99	49.99	49.99	48.13	46.83	46.83	46.83	46.83	46.83	46.83	46.83	46.83	46.83	46.83	46.83	46.83	44.79	44.79	44.79	44.79	44.79	44.79	44.79	44.79	44.79	44.79	44.79	44.79	44.79	44.79	44.79	44.79	44.79	44.79	53.65	53.76	47.28	46.24	51	49.35	46.61	46.72	46.72	46.72	48.39	42.5	47.55	44.52	47.08	47.08	47.08	51.57	51.7	50.57	51.12	51.12	51.12	50.02	50.97	49.45	49.45	49.45	43.88	46.59	41.94	41.55	41.55	43.58	43.58	42.73	42.73	42.73	44.57	44.57	44.57	44.29	44.29	41.42	51.55	51.55	47.25	47.25	50.77	52.47	54.01	54.01	56.2	55.7	52.31	55.02	55.28	51.55	53.3	51.88	53.21	59.93	57.13	51.65	60.07	62	62.28	60.24	57.81	55.2	51.57	51.57	61.62	54.43	50.17	45.58	43.89	61.24	60.8	61.33	57	62.22	62.22	62.22	60.8	60.8	59.96	59.96	60.3	60.3	53.2	54.55	56.95	56.9	65.05	61.28	57.87	57.87	61.02	57.3	56.01	59.62
zone6_00055	6	2026/04/28 18:48	5	0.1	49.1	49.1	49.1	48.63	49.05	47.78	46.8	49.02	46.49	46.49	45.62	45.62	45.62	45.62	45.62	45.62	45.62	45.62	45.62	45.62	46.31	42.6	42.6	42.81	42.81	53.25	53.25	53.25	53.25	53.25	52.21	52.21	52.21	52.21	52.21	52.21	52.21	50.14	50.14	50.14	50.14	48.87	48.87	48.87	48.87	48.87	48.87	46.94	46.94	46.94	54.73	54.73	54.73	54.73	50.25	49.99	49.99	49.99	49.99	49.99	49.99	49.99	48.13	46.83	46.83	46.83	46.83	46.83	46.83	46.83	46.83	46.83	46.83	46.83	46.83	44.79	44.79	44.79	44.79	44.79	44.79	44.79	44.79	44.79	44.79	44.79	44.79	44.79	44.79	44.79	44.79	44.79	44.79	53.65	53.76	54.27	54.27	54.59	54.59	54.1	46.72	46.72	46.72	48.39	42.5	47.55	44.52	47.08	47.08	47.08	51.57	51.7	50.57	51.12	51.12	51.12	50.02	50.97	49.45	49.45	49.45	43.88	46.59	41.94	41.55	41.55	43.58	43.58	42.73	42.73	42.73	44.57	44.57	44.57	44.29	44.29	41.42	51.55	51.55	47.25	47.25	50.77	52.47	54.01	54.01	51.67	51.65	48.09	48.09	45.6	51.55	53.3	51.88	53.21	59.93	57.13	51.65	60.07	62	62.28	60.24	57.81	55.2	51.57	51.57	61.62	54.43	50.17	45.58	43.89	61.24	60.8	61.33	57	62.22	62.22	62.22	60.8	60.8	59.96	59.96	60.3	60.3	53.2	54.55	56.95	56.9	65.05	61.28	57.87	57.87	61.02	57.3	56.01	59.62	59.74	60.19	62.59	55.79	59.17
zone6_00056	6	2026/04/28 18:48	5	0.1	47.78	46.8	49.02	46.49	46.49	45.62	45.62	45.62	45.62	45.62	45.62	45.62	45.62	45.62	45.62	46.31	42.6	42.6	42.81	42.81	53.25	53.25	53.25	53.25	53.25	52.21	52.21	52.21	52.21	52.21	52.21	52.21	50.14	50.14	50.14	50.14	48.87	48.87	48.87	48.87	48.87	48.87	46.94	46.94	46.94	46.94	44.78	44.78	44.78	44.78	49.99	49.99	49.99	49.99	49.99	49.99	49.99	48.13	46.83	46.83	46.83	46.83	46.83	46.83	46.83	46.83	46.83	46.83	46.83	46.83	44.79	44.79	44.79	44.79	44.79	44.79	44.79	44.79	44.79	44.79	44.79	44.79	44.79	44.79	44.79	44.79	44.79	44.79	53.65	53.76	54.27	54.27	54.59	54.59	54.1	54.1	53.96	53.96	53.96	54.9	47.55	44.52	47.08	47.08	47.08	51.57	51.7	50.57	51.12	51.12	51.12	50.02	50.97	49.45	49.45	49.45	43.88	46.59	41.94	41.55	41.55	43.58	43.58	42.73	42.73	42.73	44.57	44.57	44.57	44.29	44.29	41.42	51.55	51.55	47.25	47.25	50.77	52.47	54.01	54.01	51.67	51.65	48.09	48.09	45.6	50.02	50.02	50.03	50.03	49.54	57.13	51.65	60.07	62	62.28	60.24	57.81	55.2	51.57	51.57	61.62	54.43	50.17	45.58	43.89	61.24	60.8	61.33	57	62.22	62.22	62.22	60.8	60.8	59.96	59.96	60.3	60.3	53.2	54.55	56.95	56.9	65.05	61.28	57.87	57.87	61.02	57.3	56.01	59.62	59.74	60.19	62.59	55.79	59.17	52.12	53.41	52.34	52.42	54.33
zone6_00057	6	2026/04/28 18:48	5	0.1	45.62	45.62	45.62	45.62	45.62	45.62	45.62	45.62	45.62	45.62	46.31	42.6	42.6	42.81	42.81	53.25	53.25	53.25	53.25	53.25	52.21	52.21	52.21	52.21	52.21	52.21	52.21	50.14	50.14	50.14	50.14	48.87	48.87	48.87	48.87	48.87	48.87	46.94	46.94	46.94	46.94	44.78	44.78	44.78	44.78	44.78	44.78	42.23	42.23	42.23	49.99	49.99	48.13	46.83	46.83	46.83	46.83	46.83	46.83	46.83	46.83	46.83	46.83	46.83	46.83	44.79	44.79	44.79	44.79	44.79	44.79	44.79	44.79	44.79	44.79	44.79	44.79	44.79	44.79	44.79	44.79	44.79	44.79	53.65	53.76	54.27	54.27	54.59	54.59	54.1	54.1	53.96	53.96	53.96	54.9	54.9	54.9	54.9	54.14	54.14	51.57	51.7	50.57	51.12	51.12	51.12	50.02	50.97	49.45	49.45	49.45	43.88	46.59	41.94	41.55	41.55	43.58	43.58	42.73	42.73	42.73	44.57	44.57	44.57	44.29	44.29	41.42	51.55	51.55	47.25	47.25	50.77	52.47	54.01	54.01	51.67	51.65	48.09	48.09	45.6	50.02	50.02	50.03	50.03	49.54	48.72	50.9	47.85	47.85	47.85	60.24	57.81	55.2	51.57	51.57	61.62	54.43	50.17	45.58	43.89	61.24	60.8	61.33	57	62.22	62.22	62.22	60.8	60.8	59.96	59.96	60.3	60.3	53.2	54.55	56.95	56.9	65.05	61.28	57.87	57.87	61.02	57.3	56.01	59.62	59.74	60.19	62.59	55.79	59.17	52.12	53.41	52.34	52.42	54.33	46.7	50.25	50.25	54.41	49.89
zone6_00058	6	2026/04/28 18:48	5	0.1	45.62	45.62	45.62	45.62	45.62	46.31	42.6	42.6	42.81	42.81	53.25	53.25	53.25	53.25	53.25	52.21	52.21	52.21	52.21	52.21	52.21	52.21	50.14	50.14	50.14	50.14	48.87	48.87	48.87	48.87	48.87	48.87	46.94	46.94	46.94	46.94	44.78	44.78	44.78	44.78	44.78	44.78	42.23	42.23	42.23	42.23	44.77	44.77	44.77	44.77	46.83	46.83	46.83	46.83	46.83	46.83	46.83	46.83	46.83	46.83	44.79	44.79	44.79	44.79	44.79	44.79	44.79	44.79	44.79	44.79	44.79	44.79	44.79	44.79	44.79	44.79	44.79	44.79	53.65	53.76	54.27	54.27	54.59	54.59	54.1	54.1	53.96	53.96	53.96	54.9	54.9	54.9	54.9	54.14	54.14	55.07	53.31	53.31	53.31	51.98	51.12	50.02	50.97	49.45	49.45	49.45	43.88	46.59	41.94	41.55	41.55	43.58	43.58	42.73	42.73	42.73	44.57	44.57	44.57	44.29	44.29	41.42	51.55	51.55	47.25	47.25	50.77	52.47	54.01	54.01	51.67	51.65	48.09	48.09	45.6	50.02	50.02	50.03	50.03	49.54	48.72	50.9	47.85	47.85	47.85	54.85	55.08	55.08	55.08	55.08	61.62	54.43	50.17	45.58	43.89	61.24	60.8	61.33	57	62.22	62.22	62.22	60.8	60.8	59.96	59.96	60.3	60.3	53.2	54.55	56.95	56.9	65.05	61.28	57.87	57.87	61.02	57.3	56.01	59.62	59.74	60.19	62.59	55.79	59.17	52.12	53.41	52.34	52.42	54.33	46.7	50.25	50.25	54.41	49.89	48.96	50.23	58.88	60.6	58.53
zone6_00059	6	2026/04/28 18:49	5	0.1	46.31	42.6	42.6	42.81	42.81	53.25	53.25	53.25	53.25	53.25	52.21	52.21	52.21	52.21	52.21	52.21	52.21	50.14	50.14	50.14	50.14	48.87	48.87	48.87	48.87	48.87	48.87	46.94	46.94	46.94	46.94	44.78	44.78	44.78	44.78	44.78	44.78	42.23	42.23	42.23	42.23	44.77	44.77	44.77	44.77	52.13	52.13	52.13	52.13	52.13	46.83	46.83	46.83	46.83	46.83	44.79	44.79	44.79	44.79	44.79	44.79	44.79	44.79	44.79	44.79	44.79	44.79	44.79	44.79	44.79	44.79	44.79	44.79	53.65	53.76	54.27	54.27	54.59	54.59	54.1	54.1	53.96	53.96	53.96	54.9	54.9	54.9	54.9	54.14	54.14	55.07	53.31	53.31	53.31	51.98	51.98	51.98	51.98	51.98	51.98	49.45	43.88	46.59	41.94	41.55	41.55	43.58	43.58	42.73	42.73	42.73	44.57	44.57	44.57	44.29	44.29	41.42	51.55	51.55	47.25	47.25	50.77	52.47	54.01	54.01	51.67	51.65	48.09	48.09	45.6	50.02	50.02	50.03	50.03	49.54	48.72	50.9	47.85	47.85	47.85	54.85	55.08	55.08	55.08	55.08	52.47	52.47	44.8	44.8	48.04	61.24	60.8	61.33	57	62.22	62.22	62.22	60.8	60.8	59.96	59.96	60.3	60.3	53.2	54.55	56.95	56.9	65.05	61.28	57.87	57.87	61.02	57.3	56.01	59.62	59.74	60.19	62.59	55.79	59.17	52.12	53.41	52.34	52.42	54.33	46.7	50.25	50.25	54.41	49.89	48.96	50.23	58.88	60.6	58.53	57.1	53.11	60.97	60.18	61.32
zone6_00060	6	2026/04/28 18:49	5	0.1	53.25	53.25	53.25	53.25	53.25	52.21	52.21	52.21	52.21	52.21	52.21	52.21	50.14	50.14	50.14	50.14	48.87	48.87	48.87	48.87	48.87	48.87	46.94	46.94	46.94	46.94	44.78	44.78	44.78	44.78	44.78	44.78	42.23	42.23	42.23	42.23	44.77	44.77	44.77	44.77	52.13	52.13	52.13	52.13	52.13	52.13	52.13	52.13	52.13	50.86	44.79	44.79	44.79	44.79	44.79	44.79	44.79	44.79	44.79	44.79	44.79	44.79	44.79	44.79	44.79	44.79	44.79	44.79	53.65	53.76	54.27	54.27	54.59	54.59	54.1	54.1	53.96	53.96	53.96	54.9	54.9	54.9	54.9	54.14	54.14	55.07	53.31	53.31	53.31	51.98	51.98	51.98	51.98	51.98	51.98	51.98	51.98	51.98	48.87	48.87	41.55	43.58	43.58	42.73	42.73	42.73	44.57	44.57	44.57	44.29	44.29	41.42	51.55	51.55	47.25	47.25	50.77	52.47	54.01	54.01	51.67	51.65	48.09	48.09	45.6	50.02	50.02	50.03	50.03	49.54	48.72	50.9	47.85	47.85	47.85	54.85	55.08	55.08	55.08	55.08	52.47	52.47	44.8	44.8	48.04	48.04	48.04	48.04	49.94	44.92	62.22	62.22	60.8	60.8	59.96	59.96	60.3	60.3	53.2	54.55	56.95	56.9	65.05	61.28	57.87	57.87	61.02	57.3	56.01	59.62	59.74	60.19	62.59	55.79	59.17	52.12	53.41	52.34	52.42	54.33	46.7	50.25	50.25	54.41	49.89	48.96	50.23	58.88	60.6	58.53	57.1	53.11	60.97	60.18	61.32	63.08	63.08	59.62	57.68	58.56
zone6_00061	6	2026/04/28 18:49	5	0.1	52.21	52.21	52.21	52.21	52.21	52.21	52.21	50.14	50.14	50.14	50.14	48.87	48.87	48.87	48.87	48.87	48.87	46.94	46.94	46.94	46.94	44.78	44.78	44.78	44.78	44.78	44.78	42.23	42.23	42.23	42.23	44.77	44.77	44.77	44.77	52.13	52.13	52.13	52.13	52.13	52.13	52.13	52.13	52.13	50.86	53.13	53.13	53.13	43	40.3	44.79	44.79	44.79	44.79	44.79	44.79	44.79	44.79	44.79	44.79	44.79	44.79	44.79	53.65	53.76	54.27	54.27	54.59	54.59	54.1	54.1	53.96	53.96	53.96	54.9	54.9	54.9	54.9	54.14	54.14	55.07	53.31	53.31	53.31	51.98	51.98	51.98	51.98	51.98	51.98	51.98	51.98	51.98	48.87	48.87	48.87	48.87	48.87	48.87	48.87	42.73	44.57	44.57	44.57	44.29	44.29	41.42	51.55	51.55	47.25	47.25	50.77	52.47	54.01	54.01	51.67	51.65	48.09	48.09	45.6	50.02	50.02	50.03	50.03	49.54	48.72	50.9	47.85	47.85	47.85	54.85	55.08	55.08	55.08	55.08	52.47	52.47	44.8	44.8	48.04	48.04	48.04	48.04	49.94	44.92	44.92	50.2	50.2	46.25	48.88	59.96	60.3	60.3	53.2	54.55	56.95	56.9	65.05	61.28	57.87	57.87	61.02	57.3	56.01	59.62	59.74	60.19	62.59	55.79	59.17	52.12	53.41	52.34	52.42	54.33	46.7	50.25	50.25	54.41	49.89	48.96	50.23	58.88	60.6	58.53	57.1	53.11	60.97	60.18	61.32	63.08	63.08	59.62	57.68	58.56	60.92	60.88	63.03	62.5	52.03
zone6_00062	6	2026/04/28 18:49	5	0.1	52.21	52.21	50.14	50.14	50.14	50.14	48.87	48.87	48.87	48.87	48.87	48.87	46.94	46.94	46.94	46.94	44.78	44.78	44.78	44.78	44.78	44.78	42.23	42.23	42.23	42.23	44.77	44.77	44.77	44.77	52.13	52.13	52.13	52.13	52.13	52.13	52.13	52.13	52.13	50.86	53.13	53.13	53.13	43	40.3	53.06	53.06	53.06	51.44	51.44	44.79	44.79	44.79	44.79	44.79	44.79	44.79	44.79	53.65	53.76	54.27	54.27	54.59	54.59	54.1	54.1	53.96	53.96	53.96	54.9	54.9	54.9	54.9	54.14	54.14	55.07	53.31	53.31	53.31	51.98	51.98	51.98	51.98	51.98	51.98	51.98	51.98	51.98	48.87	48.87	48.87	48.87	48.87	48.87	48.87	48.87	45.91	45.91	45.91	45.91	44.29	41.42	51.55	51.55	47.25	47.25	50.77	52.47	54.01	54.01	51.67	51.65	48.09	48.09	45.6	50.02	50.02	50.03	50.03	49.54	48.72	50.9	47.85	47.85	47.85	54.85	55.08	55.08	55.08	55.08	52.47	52.47	44.8	44.8	48.04	48.04	48.04	48.04	49.94	44.92	44.92	50.2	50.2	46.25	48.88	52.8	52.8	52.8	55.1	55.9	56.95	56.9	65.05	61.28	57.87	57.87	61.02	57.3	56.01	59.62	59.74	60.19	62.59	55.79	59.17	52.12	53.41	52.34	52.42	54.33	46.7	50.25	50.25	54.41	49.89	48.96	50.23	58.88	60.6	58.53	57.1	53.11	60.97	60.18	61.32	63.08	63.08	59.62	57.68	58.56	60.92	60.88	63.03	62.5	52.03	55.14	53.12	51.08	56.63	52.81
zone6_00063	6	2026/04/28 18:49	5	0.1	50.14	48.87	48.87	48.87	48.87	48.87	48.87	46.94	46.94	46.94	46.94	44.78	44.78	44.78	44.78	44.78	44.78	42.23	42.23	42.23	42.23	44.77	44.77	44.77	44.77	52.13	52.13	52.13	52.13	52.13	52.13	52.13	52.13	52.13	50.86	53.13	53.13	53.13	43	40.3	53.06	53.06	53.06	51.44	51.44	51.44	47.54	49.16	45.45	52.83	44.79	44.79	44.79	53.65	53.76	54.27	54.27	54.59	54.59	54.1	54.1	53.96	53.96	53.96	54.9	54.9	54.9	54.9	54.14	54.14	55.07	53.31	53.31	53.31	51.98	51.98	51.98	51.98	51.98	51.98	51.98	51.98	51.98	48.87	48.87	48.87	48.87	48.87	48.87	48.87	48.87	45.91	45.91	45.91	45.91	45.91	45.91	45.91	45.91	56.39	47.25	50.77	52.47	54.01	54.01	51.67	51.65	48.09	48.09	45.6	50.02	50.02	50.03	50.03	49.54	48.72	50.9	47.85	47.85	47.85	54.85	55.08	55.08	55.08	55.08	52.47	52.47	44.8	44.8	48.04	48.04	48.04	48.04	49.94	44.92	44.92	50.2	50.2	46.25	48.88	52.8	52.8	52.8	55.1	55.9	55.97	51.29	48.99	54.15	49.8	57.87	61.02	57.3	56.01	59.62	59.74	60.19	62.59	55.79	59.17	52.12	53.41	52.34	52.42	54.33	46.7	50.25	50.25	54.41	49.89	48.96	50.23	58.88	60.6	58.53	57.1	53.11	60.97	60.18	61.32	63.08	63.08	59.62	57.68	58.56	60.92	60.88	63.03	62.5	52.03	55.14	53.12	51.08	56.63	52.81	58.91	58.57	54.5	55.67	53.63
zone6_00064	6	2026/04/28 18:49	5	0.1	48.87	48.87	46.94	46.94	46.94	46.94	44.78	44.78	44.78	44.78	44.78	44.78	42.23	42.23	42.23	42.23	44.77	44.77	44.77	44.77	52.13	52.13	52.13	52.13	52.13	52.13	52.13	52.13	52.13	50.86	53.13	53.13	53.13	43	40.3	53.06	53.06	53.06	51.44	51.44	51.44	47.54	49.16	45.45	52.83	55.48	55.48	52.32	52.46	51.36	54.27	54.27	54.59	54.59	54.1	54.1	53.96	53.96	53.96	54.9	54.9	54.9	54.9	54.14	54.14	55.07	53.31	53.31	53.31	51.98	51.98	51.98	51.98	51.98	51.98	51.98	51.98	51.98	48.87	48.87	48.87	48.87	48.87	48.87	48.87	48.87	45.91	45.91	45.91	45.91	45.91	45.91	45.91	45.91	56.39	57.57	57.57	56.71	53.53	55.98	51.67	51.65	48.09	48.09	45.6	50.02	50.02	50.03	50.03	49.54	48.72	50.9	47.85	47.85	47.85	54.85	55.08	55.08	55.08	55.08	52.47	52.47	44.8	44.8	48.04	48.04	48.04	48.04	49.94	44.92	44.92	50.2	50.2	46.25	48.88	52.8	52.8	52.8	55.1	55.9	55.97	51.29	48.99	54.15	49.8	51.7	50.49	53.2	51.11	48.06	59.74	60.19	62.59	55.79	59.17	52.12	53.41	52.34	52.42	54.33	46.7	50.25	50.25	54.41	49.89	48.96	50.23	58.88	60.6	58.53	57.1	53.11	60.97	60.18	61.32	63.08	63.08	59.62	57.68	58.56	60.92	60.88	63.03	62.5	52.03	55.14	53.12	51.08	56.63	52.81	58.91	58.57	54.5	55.67	53.63	60.71	60.02	61.02	56.94	55.53
zone6_00065	6	2026/04/28 18:49	5	0.1	46.94	44.78	44.78	44.78	44.78	44.78	44.78	42.23	42.23	42.23	42.23	44.77	44.77	44.77	44.77	52.13	52.13	52.13	52.13	52.13	52.13	52.13	52.13	52.13	50.86	53.13	53.13	53.13	43	40.3	53.06	53.06	53.06	51.44	51.44	51.44	47.54	49.16	45.45	52.83	55.48	55.48	52.32	52.46	51.36	51.36	52.18	51.4	49.72	51.08	54.1	53.96	53.96	53.96	54.9	54.9	54.9	54.9	54.14	54.14	55.07	53.31	53.31	53.31	51.98	51.98	51.98	51.98	51.98	51.98	51.98	51.98	51.98	48.87	48.87	48.87	48.87	48.87	48.87	48.87	48.87	45.91	45.91	45.91	45.91	45.91	45.91	45.91	45.91	56.39	57.57	57.57	56.71	53.53	55.98	51.79	55.56	58.39	57.1	60.95	50.02	50.02	50.03	50.03	49.54	48.72	50.9	47.85	47.85	47.85	54.85	55.08	55.08	55.08	55.08	52.47	52.47	44.8	44.8	48.04	48.04	48.04	48.04	49.94	44.92	44.92	50.2	50.2	46.25	48.88	52.8	52.8	52.8	55.1	55.9	55.97	51.29	48.99	54.15	49.8	51.7	50.49	53.2	51.11	48.06	48.06	49.43	46.24	51.32	50.81	52.12	53.41	52.34	52.42	54.33	46.7	50.25	50.25	54.41	49.89	48.96	50.23	58.88	60.6	58.53	57.1	53.11	60.97	60.18	61.32	63.08	63.08	59.62	57.68	58.56	60.92	60.88	63.03	62.5	52.03	55.14	53.12	51.08	56.63	52.81	58.91	58.57	54.5	55.67	53.63	60.71	60.02	61.02	56.94	55.53	58.05	57.37	59.01	59.99	60.34
zone6_00066	6	2026/04/28 18:49	5	0.1	44.78	44.78	42.23	42.23	42.23	42.23	44.77	44.77	44.77	44.77	52.13	52.13	52.13	52.13	52.13	52.13	52.13	52.13	52.13	50.86	53.13	53.13	53.13	43	40.3	53.06	53.06	53.06	51.44	51.44	51.44	47.54	49.16	45.45	52.83	55.48	55.48	52.32	52.46	51.36	51.36	52.18	51.4	49.72	51.08	52.58	52.44	50.02	47.91	51.15	54.9	54.9	54.9	54.14	54.14	55.07	53.31	53.31	53.31	51.98	51.98	51.98	51.98	51.98	51.98	51.98	51.98	51.98	48.87	48.87	48.87	48.87	48.87	48.87	48.87	48.87	45.91	45.91	45.91	45.91	45.91	45.91	45.91	45.91	56.39	57.57	57.57	56.71	53.53	55.98	51.79	55.56	58.39	57.1	60.95	57.05	53.58	50.79	54.44	53.76	48.72	50.9	47.85	47.85	47.85	54.85	55.08	55.08	55.08	55.08	52.47	52.47	44.8	44.8	48.04	48.04	48.04	48.04	49.94	44.92	44.92	50.2	50.2	46.25	48.88	52.8	52.8	52.8	55.1	55.9	55.97	51.29	48.99	54.15	49.8	51.7	50.49	53.2	51.11	48.06	48.06	49.43	46.24	51.32	50.81	51.38	49.12	45.64	51.77	51.86	46.7	50.25	50.25	54.41	49.89	48.96	50.23	58.88	60.6	58.53	57.1	53.11	60.97	60.18	61.32	63.08	63.08	59.62	57.68	58.56	60.92	60.88	63.03	62.5	52.03	55.14	53.12	51.08	56.63	52.81	58.91	58.57	54.5	55.67	53.63	60.71	60.02	61.02	56.94	55.53	58.05	57.37	59.01	59.99	60.34	58.5	56.42	55.4	58.56	58.06
zone6_00067	6	2026/04/28 18:49	5	0.1	42.23	44.77	44.77	44.77	44.77	52.13	52.13	52.13	52.13	52.13	52.13	52.13	52.13	52.13	50.86	53.13	53.13	53.13	43	40.3	53.06	53.06	53.06	51.44	51.44	51.44	47.54	49.16	45.45	52.83	55.48	55.48	52.32	52.46	51.36	51.36	52.18	51.4	49.72	51.08	52.58	52.44	50.02	47.91	51.15	56.27	49.29	55.3	50.24	50.21	55.07	53.31	53.31	53.31	51.98	51.98	51.98	51.98	51.98	51.98	51.98	51.98	51.98	48.87	48.87	48.87	48.87	48.87	48.87	48.87	48.87	45.91	45.91	45.91	45.91	45.91	45.91	45.91	45.91	56.39	57.57	57.57	56.71	53.53	55.98	51.79	55.56	58.39	57.1	60.95	57.05	53.58	50.79	54.44	53.76	57.33	55.03	53.7	57.23	54.52	54.85	55.08	55.08	55.08	55.08	52.47	52.47	44.8	44.8	48.04	48.04	48.04	48.04	49.94	44.92	44.92	50.2	50.2	46.25	48.88	52.8	52.8	52.8	55.1	55.9	55.97	51.29	48.99	54.15	49.8	51.7	50.49	53.2	51.11	48.06	48.06	49.43	46.24	51.32	50.81	51.38	49.12	45.64	51.77	51.86	51.75	54.18	50.47	54.77	51.59	48.96	50.23	58.88	60.6	58.53	57.1	53.11	60.97	60.18	61.32	63.08	63.08	59.62	57.68	58.56	60.92	60.88	63.03	62.5	52.03	55.14	53.12	51.08	56.63	52.81	58.91	58.57	54.5	55.67	53.63	60.71	60.02	61.02	56.94	55.53	58.05	57.37	59.01	59.99	60.34	58.5	56.42	55.4	58.56	58.06	59.17	59.21	58.18	61.48	58.97
zone6_00068	6	2026/04/28 18:49	5	0.1	52.13	52.13	52.13	52.13	52.13	52.13	52.13	52.13	52.13	50.86	53.13	53.13	53.13	43	40.3	53.06	53.06	53.06	51.44	51.44	51.44	47.54	49.16	45.45	52.83	55.48	55.48	52.32	52.46	51.36	51.36	52.18	51.4	49.72	51.08	52.58	52.44	50.02	47.91	51.15	56.27	49.29	55.3	50.24	50.21	51.48	50.82	46.94	53.4	52.54	51.98	51.98	51.98	51.98	51.98	51.98	51.98	51.98	48.87	48.87	48.87	48.87	48.87	48.87	48.87	48.87	45.91	45.91	45.91	45.91	45.91	45.91	45.91	45.91	56.39	57.57	57.57	56.71	53.53	55.98	51.79	55.56	58.39	57.1	60.95	57.05	53.58	50.79	54.44	53.76	57.33	55.03	53.7	57.23	54.52	54.2	53.31	51.3	54.71	55.29	52.47	52.47	44.8	44.8	48.04	48.04	48.04	48.04	49.94	44.92	44.92	50.2	50.2	46.25	48.88	52.8	52.8	52.8	55.1	55.9	55.97	51.29	48.99	54.15	49.8	51.7	50.49	53.2	51.11	48.06	48.06	49.43	46.24	51.32	50.81	51.38	49.12	45.64	51.77	51.86	51.75	54.18	50.47	54.77	51.59	51.56	50.54	44.44	53.52	54.11	57.1	53.11	60.97	60.18	61.32	63.08	63.08	59.62	57.68	58.56	60.92	60.88	63.03	62.5	52.03	55.14	53.12	51.08	56.63	52.81	58.91	58.57	54.5	55.67	53.63	60.71	60.02	61.02	56.94	55.53	58.05	57.37	59.01	59.99	60.34	58.5	56.42	55.4	58.56	58.06	59.17	59.21	58.18	61.48	58.97	59.35	56.11	56.25	60.7	61.39
zone6_00069	6	2026/04/28 18:49	5	0.1	52.13	52.13	52.13	52.13	50.86	53.13	53.13	53.13	43	40.3	53.06	53.06	53.06	51.44	51.44	51.44	47.54	49.16	45.45	52.83	55.48	55.48	52.32	52.46	51.36	51.36	52.18	51.4	49.72	51.08	52.58	52.44	50.02	47.91	51.15	56.27	49.29	55.3	50.24	50.21	51.48	50.82	46.94	53.4	52.54	51.68	50.48	50.3	53.49	53.26	51.98	51.98	51.98	48.87	48.87	48.87	48.87	48.87	48.87	48.87	48.87	45.91	45.91	45.91	45.91	45.91	45.91	45.91	45.91	56.39	57.57	57.57	56.71	53.53	55.98	51.79	55.56	58.39	57.1	60.95	57.05	53.58	50.79	54.44	53.76	57.33	55.03	53.7	57.23	54.52	54.2	53.31	51.3	54.71	55.29	52.71	58.71	54.72	53.5	53.61	48.04	48.04	48.04	49.94	44.92	44.92	50.2	50.2	46.25	48.88	52.8	52.8	52.8	55.1	55.9	55.97	51.29	48.99	54.15	49.8	51.7	50.49	53.2	51.11	48.06	48.06	49.43	46.24	51.32	50.81	51.38	49.12	45.64	51.77	51.86	51.75	54.18	50.47	54.77	51.59	51.56	50.54	44.44	53.52	54.11	54.61	51.38	51.98	54.84	57.54	63.08	63.08	59.62	57.68	58.56	60.92	60.88	63.03	62.5	52.03	55.14	53.12	51.08	56.63	52.81	58.91	58.57	54.5	55.67	53.63	60.71	60.02	61.02	56.94	55.53	58.05	57.37	59.01	59.99	60.34	58.5	56.42	55.4	58.56	58.06	59.17	59.21	58.18	61.48	58.97	59.35	56.11	56.25	60.7	61.39	57.27	60.83	57.05	60.01	61.63
zone6_00070	6	2026/04/28 18:49	5	0.1	53.13	53.13	53.13	43	40.3	53.06	53.06	53.06	51.44	51.44	51.44	47.54	49.16	45.45	52.83	55.48	55.48	52.32	52.46	51.36	51.36	52.18	51.4	49.72	51.08	52.58	52.44	50.02	47.91	51.15	56.27	49.29	55.3	50.24	50.21	51.48	50.82	46.94	53.4	52.54	51.68	50.48	50.3	53.49	53.26	51.97	49.88	50.39	50.61	50.78	48.87	48.87	48.87	48.87	48.87	48.87	45.91	45.91	45.91	45.91	45.91	45.91	45.91	45.91	56.39	57.57	57.57	56.71	53.53	55.98	51.79	55.56	58.39	57.1	60.95	57.05	53.58	50.79	54.44	53.76	57.33	55.03	53.7	57.23	54.52	54.2	53.31	51.3	54.71	55.29	52.71	58.71	54.72	53.5	53.61	54.33	54.33	54.33	54.33	54.33	44.92	50.2	50.2	46.25	48.88	52.8	52.8	52.8	55.1	55.9	55.97	51.29	48.99	54.15	49.8	51.7	50.49	53.2	51.11	48.06	48.06	49.43	46.24	51.32	50.81	51.38	49.12	45.64	51.77	51.86	51.75	54.18	50.47	54.77	51.59	51.56	50.54	44.44	53.52	54.11	54.61	51.38	51.98	54.84	57.54	55.87	51.62	52.75	53.03	47.64	60.92	60.88	63.03	62.5	52.03	55.14	53.12	51.08	56.63	52.81	58.91	58.57	54.5	55.67	53.63	60.71	60.02	61.02	56.94	55.53	58.05	57.37	59.01	59.99	60.34	58.5	56.42	55.4	58.56	58.06	59.17	59.21	58.18	61.48	58.97	59.35	56.11	56.25	60.7	61.39	57.27	60.83	57.05	60.01	61.63	61.5	58.81	61.85	58.99	57.66
zone6_00071	6	2026/04/28 18:49	5	0.1	53.06	53.06	53.06	51.44	51.44	51.44	47.54	49.16	45.45	52.83	55.48	55.48	52.32	52.46	51.36	51.36	52.18	51.4	49.72	51.08	52.58	52.44	50.02	47.91	51.15	56.27	49.29	55.3	50.24	50.21	51.48	50.82	46.94	53.4	52.54	51.68	50.48	50.3	53.49	53.26	51.97	49.88	50.39	50.61	50.78	50.78	50.78	50.78	49.11	45.09	48.87	45.91	45.91	45.91	45.91	45.91	45.91	45.91	45.91	56.39	57.57	57.57	56.71	53.53	55.98	51.79	55.56	58.39	57.1	60.95	57.05	53.58	50.79	54.44	53.76	57.33	55.03	53.7	57.23	54.52	54.2	53.31	51.3	54.71	55.29	52.71	58.71	54.72	53.5	53.61	54.33	54.33	54.33	54.33	54.33	54.33	53.03	52.74	48.02	55.99	52.8	52.8	52.8	55.1	55.9	55.97	51.29	48.99	54.15	49.8	51.7	50.49	53.2	51.11	48.06	48.06	49.43	46.24	51.32	50.81	51.38	49.12	45.64	51.77	51.86	51.75	54.18	50.47	54.77	51.59	51.56	50.54	44.44	53.52	54.11	54.61	51.38	51.98	54.84	57.54	55.87	51.62	52.75	53.03	47.64	47.64	50.4	47.19	51.21	45.38	55.14	53.12	51.08	56.63	52.81	58.91	58.57	54.5	55.67	53.63	60.71	60.02	61.02	56.94	55.53	58.05	57.37	59.01	59.99	60.34	58.5	56.42	55.4	58.56	58.06	59.17	59.21	58.18	61.48	58.97	59.35	56.11	56.25	60.7	61.39	57.27	60.83	57.05	60.01	61.63	61.5	58.81	61.85	58.99	57.66	54.5	59.95	53.01	57.97	56.67
zone6_00072	6	2026/04/28 18:49	5	0.1	51.44	47.54	49.16	45.45	52.83	55.48	55.48	52.32	52.46	51.36	51.36	52.18	51.4	49.72	51.08	52.58	52.44	50.02	47.91	51.15	56.27	49.29	55.3	50.24	50.21	51.48	50.82	46.94	53.4	52.54	51.68	50.48	50.3	53.49	53.26	51.97	49.88	50.39	50.61	50.78	50.78	50.78	50.78	49.11	45.09	47.98	49.38	49.38	49.04	49.04	45.91	45.91	45.91	45.91	56.39	57.57	57.57	56.71	53.53	55.98	51.79	55.56	58.39	57.1	60.95	57.05	53.58	50.79	54.44	53.76	57.33	55.03	53.7	57.23	54.52	54.2	53.31	51.3	54.71	55.29	52.71	58.71	54.72	53.5	53.61	54.33	54.33	54.33	54.33	54.33	54.33	53.03	52.74	48.02	55.99	49.92	49.92	49.92	49.92	49.92	55.97	51.29	48.99	54.15	49.8	51.7	50.49	53.2	51.11	48.06	48.06	49.43	46.24	51.32	50.81	51.38	49.12	45.64	51.77	51.86	51.75	54.18	50.47	54.77	51.59	51.56	50.54	44.44	53.52	54.11	54.61	51.38	51.98	54.84	57.54	55.87	51.62	52.75	53.03	47.64	47.64	50.4	47.19	51.21	45.38	46.58	49.01	49.01	48.67	50.24	58.91	58.57	54.5	55.67	53.63	60.71	60.02	61.02	56.94	55.53	58.05	57.37	59.01	59.99	60.34	58.5	56.42	55.4	58.56	58.06	59.17	59.21	58.18	61.48	58.97	59.35	56.11	56.25	60.7	61.39	57.27	60.83	57.05	60.01	61.63	61.5	58.81	61.85	58.99	57.66	54.5	59.95	53.01	57.97	56.67	50.98	60.91	54.41	57.39	60.4
zone6_00073	6	2026/04/28 18:49	5	0.1	55.48	55.48	52.32	52.46	51.36	51.36	52.18	51.4	49.72	51.08	52.58	52.44	50.02	47.91	51.15	56.27	49.29	55.3	50.24	50.21	51.48	50.82	46.94	53.4	52.54	51.68	50.48	50.3	53.49	53.26	51.97	49.88	50.39	50.61	50.78	50.78	50.78	50.78	49.11	45.09	47.98	49.38	49.38	49.04	49.04	49.04	49.04	46.95	46.89	46.89	57.57	57.57	56.71	53.53	55.98	51.79	55.56	58.39	57.1	60.95	57.05	53.58	50.79	54.44	53.76	57.33	55.03	53.7	57.23	54.52	54.2	53.31	51.3	54.71	55.29	52.71	58.71	54.72	53.5	53.61	54.33	54.33	54.33	54.33	54.33	54.33	53.03	52.74	48.02	55.99	49.92	49.92	49.92	49.92	49.92	49.92	49.92	49.92	49.92	49.92	51.7	50.49	53.2	51.11	48.06	48.06	49.43	46.24	51.32	50.81	51.38	49.12	45.64	51.77	51.86	51.75	54.18	50.47	54.77	51.59	51.56	50.54	44.44	53.52	54.11	54.61	51.38	51.98	54.84	57.54	55.87	51.62	52.75	53.03	47.64	47.64	50.4	47.19	51.21	45.38	46.58	49.01	49.01	48.67	50.24	50.24	55.59	46.91	50.08	55.31	60.71	60.02	61.02	56.94	55.53	58.05	57.37	59.01	59.99	60.34	58.5	56.42	55.4	58.56	58.06	59.17	59.21	58.18	61.48	58.97	59.35	56.11	56.25	60.7	61.39	57.27	60.83	57.05	60.01	61.63	61.5	58.81	61.85	58.99	57.66	54.5	59.95	53.01	57.97	56.67	50.98	60.91	54.41	57.39	60.4	60.88	52.93	58.97	52.57	52.57
zone6_00074	6	2026/04/28 18:49	5	0.1	51.36	52.18	51.4	49.72	51.08	52.58	52.44	50.02	47.91	51.15	56.27	49.29	55.3	50.24	50.21	51.48	50.82	46.94	53.4	52.54	51.68	50.48	50.3	53.49	53.26	51.97	49.88	50.39	50.61	50.78	50.78	50.78	50.78	49.11	45.09	47.98	49.38	49.38	49.04	49.04	49.04	49.04	46.95	46.89	46.89	46.89	46.89	49.96	52.96	52.96	51.79	55.56	58.39	57.1	60.95	57.05	53.58	50.79	54.44	53.76	57.33	55.03	53.7	57.23	54.52	54.2	53.31	51.3	54.71	55.29	52.71	58.71	54.72	53.5	53.61	54.33	54.33	54.33	54.33	54.33	54.33	53.03	52.74	48.02	55.99	49.92	49.92	49.92	49.92	49.92	49.92	49.92	49.92	49.92	49.92	50.01	50.01	50.01	50.01	50.01	48.06	49.43	46.24	51.32	50.81	51.38	49.12	45.64	51.77	51.86	51.75	54.18	50.47	54.77	51.59	51.56	50.54	44.44	53.52	54.11	54.61	51.38	51.98	54.84	57.54	55.87	51.62	52.75	53.03	47.64	47.64	50.4	47.19	51.21	45.38	46.58	49.01	49.01	48.67	50.24	50.24	55.59	46.91	50.08	55.31	55.31	55.31	50.05	50.05	50.05	58.05	57.37	59.01	59.99	60.34	58.5	56.42	55.4	58.56	58.06	59.17	59.21	58.18	61.48	58.97	59.35	56.11	56.25	60.7	61.39	57.27	60.83	57.05	60.01	61.63	61.5	58.81	61.85	58.99	57.66	54.5	59.95	53.01	57.97	56.67	50.98	60.91	54.41	57.39	60.4	60.88	52.93	58.97	52.57	52.57	61.9	60.5	60.65	58.76	58.83
zone6_00075	6	2026/04/28 18:49	5	0.1	52.58	52.44	50.02	47.91	51.15	56.27	49.29	55.3	50.24	50.21	51.48	50.82	46.94	53.4	52.54	51.68	50.48	50.3	53.49	53.26	51.97	49.88	50.39	50.61	50.78	50.78	50.78	50.78	49.11	45.09	47.98	49.38	49.38	49.04	49.04	49.04	49.04	46.95	46.89	46.89	46.89	46.89	49.96	52.96	52.96	52.96	52.96	52.96	50.69	50.69	57.05	53.58	50.79	54.44	53.76	57.33	55.03	53.7	57.23	54.52	54.2	53.31	51.3	54.71	55.29	52.71	58.71	54.72	53.5	53.61	54.33	54.33	54.33	54.33	54.33	54.33	53.03	52.74	48.02	55.99	49.92	49.92	49.92	49.92	49.92	49.92	49.92	49.92	49.92	49.92	50.01	50.01	50.01	50.01	50.01	50.01	50.01	54.82	54.82	54.82	51.38	49.12	45.64	51.77	51.86	51.75	54.18	50.47	54.77	51.59	51.56	50.54	44.44	53.52	54.11	54.61	51.38	51.98	54.84	57.54	55.87	51.62	52.75	53.03	47.64	47.64	50.4	47.19	51.21	45.38	46.58	49.01	49.01	48.67	50.24	50.24	55.59	46.91	50.08	55.31	55.31	55.31	50.05	50.05	50.05	50.05	48.49	48.49	48.49	48.49	58.5	56.42	55.4	58.56	58.06	59.17	59.21	58.18	61.48	58.97	59.35	56.11	56.25	60.7	61.39	57.27	60.83	57.05	60.01	61.63	61.5	58.81	61.85	58.99	57.66	54.5	59.95	53.01	57.97	56.67	50.98	60.91	54.41	57.39	60.4	60.88	52.93	58.97	52.57	52.57	61.9	60.5	60.65	58.76	58.83	59.04	58.63	59.03	58.49	58.27
zone6_00076	6	2026/04/28 18:49	5	0.1	56.27	49.29	55.3	50.24	50.21	51.48	50.82	46.94	53.4	52.54	51.68	50.48	50.3	53.49	53.26	51.97	49.88	50.39	50.61	50.78	50.78	50.78	50.78	49.11	45.09	47.98	49.38	49.38	49.04	49.04	49.04	49.04	46.95	46.89	46.89	46.89	46.89	49.96	52.96	52.96	52.96	52.96	52.96	50.69	50.69	50.69	50.69	50.69	50.69	50.69	57.33	55.03	53.7	57.23	54.52	54.2	53.31	51.3	54.71	55.29	52.71	58.71	54.72	53.5	53.61	54.33	54.33	54.33	54.33	54.33	54.33	53.03	52.74	48.02	55.99	49.92	49.92	49.92	49.92	49.92	49.92	49.92	49.92	49.92	49.92	50.01	50.01	50.01	50.01	50.01	50.01	50.01	54.82	54.82	54.82	54.82	54.82	54.82	54.82	54.82	51.75	54.18	50.47	54.77	51.59	51.56	50.54	44.44	53.52	54.11	54.61	51.38	51.98	54.84	57.54	55.87	51.62	52.75	53.03	47.64	47.64	50.4	47.19	51.21	45.38	46.58	49.01	49.01	48.67	50.24	50.24	55.59	46.91	50.08	55.31	55.31	55.31	50.05	50.05	50.05	50.05	48.49	48.49	48.49	48.49	45.8	45.8	45.8	45.8	45.8	59.17	59.21	58.18	61.48	58.97	59.35	56.11	56.25	60.7	61.39	57.27	60.83	57.05	60.01	61.63	61.5	58.81	61.85	58.99	57.66	54.5	59.95	53.01	57.97	56.67	50.98	60.91	54.41	57.39	60.4	60.88	52.93	58.97	52.57	52.57	61.9	60.5	60.65	58.76	58.83	59.04	58.63	59.03	58.49	58.27	58.64	58.64	58.55	59.55	60.86
zone6_00077	6	2026/04/28 18:49	5	0.1	51.48	50.82	46.94	53.4	52.54	51.68	50.48	50.3	53.49	53.26	51.97	49.88	50.39	50.61	50.78	50.78	50.78	50.78	49.11	45.09	47.98	49.38	49.38	49.04	49.04	49.04	49.04	46.95	46.89	46.89	46.89	46.89	49.96	52.96	52.96	52.96	52.96	52.96	50.69	50.69	50.69	50.69	50.69	50.69	50.69	50.69	50.69	48.15	48.15	46.43	54.2	53.31	51.3	54.71	55.29	52.71	58.71	54.72	53.5	53.61	54.33	54.33	54.33	54.33	54.33	54.33	53.03	52.74	48.02	55.99	49.92	49.92	49.92	49.92	49.92	49.92	49.92	49.92	49.92	49.92	50.01	50.01	50.01	50.01	50.01	50.01	50.01	54.82	54.82	54.82	54.82	54.82	54.82	54.82	54.82	54.82	56.23	56.23	51.7	51.7	51.56	50.54	44.44	53.52	54.11	54.61	51.38	51.98	54.84	57.54	55.87	51.62	52.75	53.03	47.64	47.64	50.4	47.19	51.21	45.38	46.58	49.01	49.01	48.67	50.24	50.24	55.59	46.91	50.08	55.31	55.31	55.31	50.05	50.05	50.05	50.05	48.49	48.49	48.49	48.49	45.8	45.8	45.8	45.8	45.8	45.8	45.8	45.8	45.8	45.8	59.35	56.11	56.25	60.7	61.39	57.27	60.83	57.05	60.01	61.63	61.5	58.81	61.85	58.99	57.66	54.5	59.95	53.01	57.97	56.67	50.98	60.91	54.41	57.39	60.4	60.88	52.93	58.97	52.57	52.57	61.9	60.5	60.65	58.76	58.83	59.04	58.63	59.03	58.49	58.27	58.64	58.64	58.55	59.55	60.86	61.77	61.2	61.7	56.87	57.28
zone6_00078	6	2026/04/28 18:49	5	0.1	51.68	50.48	50.3	53.49	53.26	51.97	49.88	50.39	50.61	50.78	50.78	50.78	50.78	49.11	45.09	47.98	49.38	49.38	49.04	49.04	49.04	49.04	46.95	46.89	46.89	46.89	46.89	49.96	52.96	52.96	52.96	52.96	52.96	50.69	50.69	50.69	50.69	50.69	50.69	50.69	50.69	50.69	48.15	48.15	46.43	46.43	46.43	46.43	46.43	46.43	52.71	58.71	54.72	53.5	53.61	54.33	54.33	54.33	54.33	54.33	54.33	53.03	52.74	48.02	55.99	49.92	49.92	49.92	49.92	49.92	49.92	49.92	49.92	49.92	49.92	50.01	50.01	50.01	50.01	50.01	50.01	50.01	54.82	54.82	54.82	54.82	54.82	54.82	54.82	54.82	54.82	56.23	56.23	51.7	51.7	49.74	49.74	49.74	49.18	45.38	54.61	51.38	51.98	54.84	57.54	55.87	51.62	52.75	53.03	47.64	47.64	50.4	47.19	51.21	45.38	46.58	49.01	49.01	48.67	50.24	50.24	55.59	46.91	50.08	55.31	55.31	55.31	50.05	50.05	50.05	50.05	48.49	48.49	48.49	48.49	45.8	45.8	45.8	45.8	45.8	45.8	45.8	45.8	45.8	45.8	45.8	45.8	45.8	45.8	47.05	57.27	60.83	57.05	60.01	61.63	61.5	58.81	61.85	58.99	57.66	54.5	59.95	53.01	57.97	56.67	50.98	60.91	54.41	57.39	60.4	60.88	52.93	58.97	52.57	52.57	61.9	60.5	60.65	58.76	58.83	59.04	58.63	59.03	58.49	58.27	58.64	58.64	58.55	59.55	60.86	61.77	61.2	61.7	56.87	57.28	57.28	54.41	54.74	54.74	53.09
zone6_00079	6	2026/04/28 18:49	5	0.1	51.97	49.88	50.39	50.61	50.78	50.78	50.78	50.78	49.11	45.09	47.98	49.38	49.38	49.04	49.04	49.04	49.04	46.95	46.89	46.89	46.89	46.89	49.96	52.96	52.96	52.96	52.96	52.96	50.69	50.69	50.69	50.69	50.69	50.69	50.69	50.69	50.69	48.15	48.15	46.43	46.43	46.43	46.43	46.43	46.43	46.43	46.43	46.43	46.43	46.43	54.33	54.33	54.33	54.33	54.33	54.33	53.03	52.74	48.02	55.99	49.92	49.92	49.92	49.92	49.92	49.92	49.92	49.92	49.92	49.92	50.01	50.01	50.01	50.01	50.01	50.01	50.01	54.82	54.82	54.82	54.82	54.82	54.82	54.82	54.82	54.82	56.23	56.23	51.7	51.7	49.74	49.74	49.74	49.18	45.38	45.38	45.38	45.38	45.38	45.38	55.87	51.62	52.75	53.03	47.64	47.64	50.4	47.19	51.21	45.38	46.58	49.01	49.01	48.67	50.24	50.24	55.59	46.91	50.08	55.31	55.31	55.31	50.05	50.05	50.05	50.05	48.49	48.49	48.49	48.49	45.8	45.8	45.8	45.8	45.8	45.8	45.8	45.8	45.8	45.8	45.8	45.8	45.8	45.8	47.05	52.87	50.42	51.6	51.85	48.07	61.5	58.81	61.85	58.99	57.66	54.5	59.95	53.01	57.97	56.67	50.98	60.91	54.41	57.39	60.4	60.88	52.93	58.97	52.57	52.57	61.9	60.5	60.65	58.76	58.83	59.04	58.63	59.03	58.49	58.27	58.64	58.64	58.55	59.55	60.86	61.77	61.2	61.7	56.87	57.28	57.28	54.41	54.74	54.74	53.09	63.03	59.45	63.21	59.19	56.79
zone6_00080	6	2026/04/28 18:49	5	0.1	50.78	50.78	50.78	49.11	45.09	47.98	49.38	49.38	49.04	49.04	49.04	49.04	46.95	46.89	46.89	46.89	46.89	49.96	52.96	52.96	52.96	52.96	52.96	50.69	50.69	50.69	50.69	50.69	50.69	50.69	50.69	50.69	48.15	48.15	46.43	46.43	46.43	46.43	46.43	46.43	46.43	46.43	46.43	46.43	46.43	46.43	46.43	46.43	46.43	46.43	54.33	53.03	52.74	48.02	55.99	49.92	49.92	49.92	49.92	49.92	49.92	49.92	49.92	49.92	49.92	50.01	50.01	50.01	50.01	50.01	50.01	50.01	54.82	54.82	54.82	54.82	54.82	54.82	54.82	54.82	54.82	56.23	56.23	51.7	51.7	49.74	49.74	49.74	49.18	45.38	45.38	45.38	45.38	45.38	45.38	45.38	45.95	52.1	52.08	52.08	47.64	50.4	47.19	51.21	45.38	46.58	49.01	49.01	48.67	50.24	50.24	55.59	46.91	50.08	55.31	55.31	55.31	50.05	50.05	50.05	50.05	48.49	48.49	48.49	48.49	45.8	45.8	45.8	45.8	45.8	45.8	45.8	45.8	45.8	45.8	45.8	45.8	45.8	45.8	47.05	52.87	50.42	51.6	51.85	48.07	48.07	48.07	49.79	50.41	50.41	54.5	59.95	53.01	57.97	56.67	50.98	60.91	54.41	57.39	60.4	60.88	52.93	58.97	52.57	52.57	61.9	60.5	60.65	58.76	58.83	59.04	58.63	59.03	58.49	58.27	58.64	58.64	58.55	59.55	60.86	61.77	61.2	61.7	56.87	57.28	57.28	54.41	54.74	54.74	53.09	63.03	59.45	63.21	59.19	56.79	64.41	62.25	61.08	59.07	57.45
zone6_00081	6	2026/04/28 18:49	5	0.1	47.98	49.38	49.38	49.04	49.04	49.04	49.04	46.95	46.89	46.89	46.89	46.89	49.96	52.96	52.96	52.96	52.96	52.96	50.69	50.69	50.69	50.69	50.69	50.69	50.69	50.69	50.69	48.15	48.15	46.43	46.43	46.43	46.43	46.43	46.43	46.43	46.43	46.43	46.43	46.43	46.43	46.43	46.43	46.43	46.43	46.43	46.43	46.43	46.43	46.43	49.92	49.92	49.92	49.92	49.92	49.92	49.92	49.92	49.92	49.92	50.01	50.01	50.01	50.01	50.01	50.01	50.01	54.82	54.82	54.82	54.82	54.82	54.82	54.82	54.82	54.82	56.23	56.23	51.7	51.7	49.74	49.74	49.74	49.18	45.38	45.38	45.38	45.38	45.38	45.38	45.38	45.95	52.1	52.08	52.08	52.08	52.08	50.92	48.56	48.56	46.58	49.01	49.01	48.67	50.24	50.24	55.59	46.91	50.08	55.31	55.31	55.31	50.05	50.05	50.05	50.05	48.49	48.49	48.49	48.49	45.8	45.8	45.8	45.8	45.8	45.8	45.8	45.8	45.8	45.8	45.8	45.8	45.8	45.8	47.05	52.87	50.42	51.6	51.85	48.07	48.07	48.07	49.79	50.41	50.41	50.41	50.41	49.99	53.65	57.2	50.98	60.91	54.41	57.39	60.4	60.88	52.93	58.97	52.57	52.57	61.9	60.5	60.65	58.76	58.83	59.04	58.63	59.03	58.49	58.27	58.64	58.64	58.55	59.55	60.86	61.77	61.2	61.7	56.87	57.28	57.28	54.41	54.74	54.74	53.09	63.03	59.45	63.21	59.19	56.79	64.41	62.25	61.08	59.07	57.45	55.25	55.25	64.64	61.1	59.17
zone6_00082	6	2026/04/28 18:49	5	0.1	49.04	49.04	46.95	46.89	46.89	46.89	46.89	49.96	52.96	52.96	52.96	52.96	52.96	50.69	50.69	50.69	50.69	50.69	50.69	50.69	50.69	50.69	48.15	48.15	46.43	46.43	46.43	46.43	46.43	46.43	46.43	46.43	46.43	46.43	46.43	46.43	46.43	46.43	46.43	46.43	46.43	46.43	46.43	46.43	46.43	46.43	44.13	44.13	44.29	44.29	49.92	49.92	49.92	49.92	49.92	50.01	50.01	50.01	50.01	50.01	50.01	50.01	54.82	54.82	54.82	54.82	54.82	54.82	54.82	54.82	54.82	56.23	56.23	51.7	51.7	49.74	49.74	49.74	49.18	45.38	45.38	45.38	45.38	45.38	45.38	45.38	45.95	52.1	52.08	52.08	52.08	52.08	50.92	48.56	48.56	48.56	48.56	48.56	48.56	48.56	50.24	55.59	46.91	50.08	55.31	55.31	55.31	50.05	50.05	50.05	50.05	48.49	48.49	48.49	48.49	45.8	45.8	45.8	45.8	45.8	45.8	45.8	45.8	45.8	45.8	45.8	45.8	45.8	45.8	47.05	52.87	50.42	51.6	51.85	48.07	48.07	48.07	49.79	50.41	50.41	50.41	50.41	49.99	53.65	57.2	51.74	49.11	49.11	49.11	53.89	60.88	52.93	58.97	52.57	52.57	61.9	60.5	60.65	58.76	58.83	59.04	58.63	59.03	58.49	58.27	58.64	58.64	58.55	59.55	60.86	61.77	61.2	61.7	56.87	57.28	57.28	54.41	54.74	54.74	53.09	63.03	59.45	63.21	59.19	56.79	64.41	62.25	61.08	59.07	57.45	55.25	55.25	64.64	61.1	59.17	59.17	59.17	58.44	58.58	49.91
zone6_00083	6	2026/04/28 18:49	5	0.1	46.89	46.89	49.96	52.96	52.96	52.96	52.96	52.96	50.69	50.69	50.69	50.69	50.69	50.69	50.69	50.69	50.69	48.15	48.15	46.43	46.43	46.43	46.43	46.43	46.43	46.43	46.43	46.43	46.43	46.43	46.43	46.43	46.43	46.43	46.43	46.43	46.43	46.43	46.43	46.43	46.43	44.13	44.13	44.29	44.29	51.84	51.84	51.84	51.84	51.84	50.01	50.01	50.01	50.01	50.01	50.01	50.01	54.82	54.82	54.82	54.82	54.82	54.82	54.82	54.82	54.82	56.23	56.23	51.7	51.7	49.74	49.74	49.74	49.18	45.38	45.38	45.38	45.38	45.38	45.38	45.38	45.95	52.1	52.08	52.08	52.08	52.08	50.92	48.56	48.56	48.56	48.56	48.56	48.56	48.56	48.56	51.94	51.94	55.05	55.05	55.31	55.31	50.05	50.05	50.05	50.05	48.49	48.49	48.49	48.49	45.8	45.8	45.8	45.8	45.8	45.8	45.8	45.8	45.8	45.8	45.8	45.8	45.8	45.8	47.05	52.87	50.42	51.6	51.85	48.07	48.07	48.07	49.79	50.41	50.41	50.41	50.41	49.99	53.65	57.2	51.74	49.11	49.11	49.11	53.89	54.68	54.68	54.52	54.52	52.05	61.9	60.5	60.65	58.76	58.83	59.04	58.63	59.03	58.49	58.27	58.64	58.64	58.55	59.55	60.86	61.77	61.2	61.7	56.87	57.28	57.28	54.41	54.74	54.74	53.09	63.03	59.45	63.21	59.19	56.79	64.41	62.25	61.08	59.07	57.45	55.25	55.25	64.64	61.1	59.17	59.17	59.17	58.44	58.58	49.91	52.5	52.5	52.5	62.69	63.97
zone6_00084	6	2026/04/28 18:49	5	0.1	52.96	52.96	52.96	50.69	50.69	50.69	50.69	50.69	50.69	50.69	50.69	50.69	48.15	48.15	46.43	46.43	46.43	46.43	46.43	46.43	46.43	46.43	46.43	46.43	46.43	46.43	46.43	46.43	46.43	46.43	46.43	46.43	46.43	46.43	46.43	46.43	44.13	44.13	44.29	44.29	51.84	51.84	51.84	51.84	51.84	46.06	45.34	45.34	45.34	54.15	50.01	50.01	54.82	54.82	54.82	54.82	54.82	54.82	54.82	54.82	54.82	56.23	56.23	51.7	51.7	49.74	49.74	49.74	49.18	45.38	45.38	45.38	45.38	45.38	45.38	45.38	45.95	52.1	52.08	52.08	52.08	52.08	50.92	48.56	48.56	48.56	48.56	48.56	48.56	48.56	48.56	51.94	51.94	55.05	55.05	55.05	55.05	55.05	55.05	55.05	50.05	48.49	48.49	48.49	48.49	45.8	45.8	45.8	45.8	45.8	45.8	45.8	45.8	45.8	45.8	45.8	45.8	45.8	45.8	47.05	52.87	50.42	51.6	51.85	48.07	48.07	48.07	49.79	50.41	50.41	50.41	50.41	49.99	53.65	57.2	51.74	49.11	49.11	49.11	53.89	54.68	54.68	54.52	54.52	52.05	52.05	50.29	52.57	52.57	51.98	59.04	58.63	59.03	58.49	58.27	58.64	58.64	58.55	59.55	60.86	61.77	61.2	61.7	56.87	57.28	57.28	54.41	54.74	54.74	53.09	63.03	59.45	63.21	59.19	56.79	64.41	62.25	61.08	59.07	57.45	55.25	55.25	64.64	61.1	59.17	59.17	59.17	58.44	58.58	49.91	52.5	52.5	52.5	62.69	63.97	60.28	62.28	58.29	59.22	61.33
zone6_00085	6	2026/04/28 18:49	5	0.1	50.69	50.69	50.69	50.69	50.69	50.69	50.69	48.15	48.15	46.43	46.43	46.43	46.43	46.43	46.43	46.43	46.43	46.43	46.43	46.43	46.43	46.43	46.43	46.43	46.43	46.43	46.43	46.43	46.43	46.43	46.43	44.13	44.13	44.29	44.29	51.84	51.84	51.84	51.84	51.84	46.06	45.34	45.34	45.34	54.15	46.36	46.36	45.11	45.11	45.11	54.82	54.82	54.82	54.82	54.82	54.82	56.23	56.23	51.7	51.7	49.74	49.74	49.74	49.18	45.38	45.38	45.38	45.38	45.38	45.38	45.38	45.95	52.1	52.08	52.08	52.08	52.08	50.92	48.56	48.56	48.56	48.56	48.56	48.56	48.56	48.56	51.94	51.94	55.05	55.05	55.05	55.05	55.05	55.05	55.05	55.05	55.05	55.05	55.05	55.53	45.8	45.8	45.8	45.8	45.8	45.8	45.8	45.8	45.8	45.8	45.8	45.8	45.8	45.8	47.05	52.87	50.42	51.6	51.85	48.07	48.07	48.07	49.79	50.41	50.41	50.41	50.41	49.99	53.65	57.2	51.74	49.11	49.11	49.11	53.89	54.68	54.68	54.52	54.52	52.05	52.05	50.29	52.57	52.57	51.98	51.98	51.98	50.22	50.22	50.22	58.64	58.64	58.55	59.55	60.86	61.77	61.2	61.7	56.87	57.28	57.28	54.41	54.74	54.74	53.09	63.03	59.45	63.21	59.19	56.79	64.41	62.25	61.08	59.07	57.45	55.25	55.25	64.64	61.1	59.17	59.17	59.17	58.44	58.58	49.91	52.5	52.5	52.5	62.69	63.97	60.28	62.28	58.29	59.22	61.33	60.36	60.36	58.79	56.79	60.02
zone6_00086	6	2026/04/28 18:49	5	0.1	50.69	50.69	48.15	48.15	46.43	46.43	46.43	46.43	46.43	46.43	46.43	46.43	46.43	46.43	46.43	46.43	46.43	46.43	46.43	46.43	46.43	46.43	46.43	46.43	46.43	46.43	44.13	44.13	44.29	44.29	51.84	51.84	51.84	51.84	51.84	46.06	45.34	45.34	45.34	54.15	46.36	46.36	45.11	45.11	45.11	45.11	45.11	43.19	43.19	50.09	54.82	56.23	56.23	51.7	51.7	49.74	49.74	49.74	49.18	45.38	45.38	45.38	45.38	45.38	45.38	45.38	45.95	52.1	52.08	52.08	52.08	52.08	50.92	48.56	48.56	48.56	48.56	48.56	48.56	48.56	48.56	51.94	51.94	55.05	55.05	55.05	55.05	55.05	55.05	55.05	55.05	55.05	55.05	55.05	55.53	55.53	55.53	55.28	54	52.99	45.8	45.8	45.8	45.8	45.8	45.8	45.8	45.8	45.8	47.05	52.87	50.42	51.6	51.85	48.07	48.07	48.07	49.79	50.41	50.41	50.41	50.41	49.99	53.65	57.2	51.74	49.11	49.11	49.11	53.89	54.68	54.68	54.52	54.52	52.05	52.05	50.29	52.57	52.57	51.98	51.98	51.98	50.22	50.22	50.22	50.22	50.22	50.22	50.22	49.87	61.77	61.2	61.7	56.87	57.28	57.28	54.41	54.74	54.74	53.09	63.03	59.45	63.21	59.19	56.79	64.41	62.25	61.08	59.07	57.45	55.25	55.25	64.64	61.1	59.17	59.17	59.17	58.44	58.58	49.91	52.5	52.5	52.5	62.69	63.97	60.28	62.28	58.29	59.22	61.33	60.36	60.36	58.79	56.79	60.02	60.02	62.8	58.43	56.17	60.9
zone6_00087	6	2026/04/28 18:49	5	0.1	46.43	46.43	46.43	46.43	46.43	46.43	46.43	46.43	46.43	46.43	46.43	46.43	46.43	46.43	46.43	46.43	46.43	46.43	46.43	46.43	46.43	44.13	44.13	44.29	44.29	51.84	51.84	51.84	51.84	51.84	46.06	45.34	45.34	45.34	54.15	46.36	46.36	45.11	45.11	45.11	45.11	45.11	43.19	43.19	50.09	50.09	52.91	52.91	51.18	44.57	49.74	49.74	49.74	49.18	45.38	45.38	45.38	45.38	45.38	45.38	45.38	45.95	52.1	52.08	52.08	52.08	52.08	50.92	48.56	48.56	48.56	48.56	48.56	48.56	48.56	48.56	51.94	51.94	55.05	55.05	55.05	55.05	55.05	55.05	55.05	55.05	55.05	55.05	55.05	55.53	55.53	55.53	55.28	54	52.99	51.05	52.87	60.37	45.79	54.29	45.8	45.8	45.8	45.8	47.05	52.87	50.42	51.6	51.85	48.07	48.07	48.07	49.79	50.41	50.41	50.41	50.41	49.99	53.65	57.2	51.74	49.11	49.11	49.11	53.89	54.68	54.68	54.52	54.52	52.05	52.05	50.29	52.57	52.57	51.98	51.98	51.98	50.22	50.22	50.22	50.22	50.22	50.22	50.22	49.87	49.87	49.87	52.05	48.65	53.37	57.28	54.41	54.74	54.74	53.09	63.03	59.45	63.21	59.19	56.79	64.41	62.25	61.08	59.07	57.45	55.25	55.25	64.64	61.1	59.17	59.17	59.17	58.44	58.58	49.91	52.5	52.5	52.5	62.69	63.97	60.28	62.28	58.29	59.22	61.33	60.36	60.36	58.79	56.79	60.02	60.02	62.8	58.43	56.17	60.9	58.55	62.55	57.26	60.49	63.4
zone6_00088	6	2026/04/28 18:49	5	0.1	46.43	46.43	46.43	46.43	46.43	46.43	46.43	46.43	46.43	46.43	46.43	46.43	46.43	46.43	46.43	46.43	44.13	44.13	44.29	44.29	51.84	51.84	51.84	51.84	51.84	46.06	45.34	45.34	45.34	54.15	46.36	46.36	45.11	45.11	45.11	45.11	45.11	43.19	43.19	50.09	50.09	52.91	52.91	51.18	44.57	51.48	53.63	53.63	47.88	47.88	45.38	45.38	45.38	45.38	45.38	45.38	45.95	52.1	52.08	52.08	52.08	52.08	50.92	48.56	48.56	48.56	48.56	48.56	48.56	48.56	48.56	51.94	51.94	55.05	55.05	55.05	55.05	55.05	55.05	55.05	55.05	55.05	55.05	55.05	55.53	55.53	55.53	55.28	54	52.99	51.05	52.87	60.37	45.79	54.29	58.8	59.3	59.3	54.35	54.35	52.87	50.42	51.6	51.85	48.07	48.07	48.07	49.79	50.41	50.41	50.41	50.41	49.99	53.65	57.2	51.74	49.11	49.11	49.11	53.89	54.68	54.68	54.52	54.52	52.05	52.05	50.29	52.57	52.57	51.98	51.98	51.98	50.22	50.22	50.22	50.22	50.22	50.22	50.22	49.87	49.87	49.87	52.05	48.65	53.37	55.01	57	57	48.94	48.94	63.03	59.45	63.21	59.19	56.79	64.41	62.25	61.08	59.07	57.45	55.25	55.25	64.64	61.1	59.17	59.17	59.17	58.44	58.58	49.91	52.5	52.5	52.5	62.69	63.97	60.28	62.28	58.29	59.22	61.33	60.36	60.36	58.79	56.79	60.02	60.02	62.8	58.43	56.17	60.9	58.55	62.55	57.26	60.49	63.4	62.99	64.32	63.57	58.6	56.49
zone6_00089	6	2026/04/28 18:49	5	0.1	46.43	46.43	46.43	46.43	46.43	46.43	46.43	46.43	46.43	46.43	46.43	44.13	44.13	44.29	44.29	51.84	51.84	51.84	51.84	51.84	46.06	45.34	45.34	45.34	54.15	46.36	46.36	45.11	45.11	45.11	45.11	45.11	43.19	43.19	50.09	50.09	52.91	52.91	51.18	44.57	51.48	53.63	53.63	47.88	47.88	47.88	47.88	56.17	54.63	54.41	45.38	45.95	52.1	52.08	52.08	52.08	52.08	50.92	48.56	48.56	48.56	48.56	48.56	48.56	48.56	48.56	51.94	51.94	55.05	55.05	55.05	55.05	55.05	55.05	55.05	55.05	55.05	55.05	55.05	55.53	55.53	55.53	55.28	54	52.99	51.05	52.87	60.37	45.79	54.29	58.8	59.3	59.3	54.35	54.35	54.35	54.35	54.35	54.35	54.35	48.07	48.07	49.79	50.41	50.41	50.41	50.41	49.99	53.65	57.2	51.74	49.11	49.11	49.11	53.89	54.68	54.68	54.52	54.52	52.05	52.05	50.29	52.57	52.57	51.98	51.98	51.98	50.22	50.22	50.22	50.22	50.22	50.22	50.22	49.87	49.87	49.87	52.05	48.65	53.37	55.01	57	57	48.94	48.94	53.27	53.27	52.8	48.36	48.99	64.41	62.25	61.08	59.07	57.45	55.25	55.25	64.64	61.1	59.17	59.17	59.17	58.44	58.58	49.91	52.5	52.5	52.5	62.69	63.97	60.28	62.28	58.29	59.22	61.33	60.36	60.36	58.79	56.79	60.02	60.02	62.8	58.43	56.17	60.9	58.55	62.55	57.26	60.49	63.4	62.99	64.32	63.57	58.6	56.49	59.87	59.21	58.26	57.82	58.48
zone6_00090	6	2026/04/28 18:49	5	0.1	46.43	46.43	46.43	46.43	46.43	46.43	44.13	44.13	44.29	44.29	51.84	51.84	51.84	51.84	51.84	46.06	45.34	45.34	45.34	54.15	46.36	46.36	45.11	45.11	45.11	45.11	45.11	43.19	43.19	50.09	50.09	52.91	52.91	51.18	44.57	51.48	53.63	53.63	47.88	47.88	47.88	47.88	56.17	54.63	54.41	57.27	53.56	55.12	53.49	51.31	52.08	52.08	50.92	48.56	48.56	48.56	48.56	48.56	48.56	48.56	48.56	51.94	51.94	55.05	55.05	55.05	55.05	55.05	55.05	55.05	55.05	55.05	55.05	55.05	55.53	55.53	55.53	55.28	54	52.99	51.05	52.87	60.37	45.79	54.29	58.8	59.3	59.3	54.35	54.35	54.35	54.35	54.35	54.35	54.35	54.35	52.05	55.81	53.75	53.75	50.41	50.41	49.99	53.65	57.2	51.74	49.11	49.11	49.11	53.89	54.68	54.68	54.52	54.52	52.05	52.05	50.29	52.57	52.57	51.98	51.98	51.98	50.22	50.22	50.22	50.22	50.22	50.22	50.22	49.87	49.87	49.87	52.05	48.65	53.37	55.01	57	57	48.94	48.94	53.27	53.27	52.8	48.36	48.99	48.09	48.49	53.55	50.89	48.69	55.25	55.25	64.64	61.1	59.17	59.17	59.17	58.44	58.58	49.91	52.5	52.5	52.5	62.69	63.97	60.28	62.28	58.29	59.22	61.33	60.36	60.36	58.79	56.79	60.02	60.02	62.8	58.43	56.17	60.9	58.55	62.55	57.26	60.49	63.4	62.99	64.32	63.57	58.6	56.49	59.87	59.21	58.26	57.82	58.48	57.12	56.26	61.54	59.4	60.41
zone6_00091	6	2026/04/28 18:49	5	0.1	46.43	44.13	44.13	44.29	44.29	51.84	51.84	51.84	51.84	51.84	46.06	45.34	45.34	45.34	54.15	46.36	46.36	45.11	45.11	45.11	45.11	45.11	43.19	43.19	50.09	50.09	52.91	52.91	51.18	44.57	51.48	53.63	53.63	47.88	47.88	47.88	47.88	56.17	54.63	54.41	57.27	53.56	55.12	53.49	51.31	49.06	49.06	48.87	51.87	47.81	48.56	48.56	48.56	48.56	48.56	48.56	51.94	51.94	55.05	55.05	55.05	55.05	55.05	55.05	55.05	55.05	55.05	55.05	55.05	55.53	55.53	55.53	55.28	54	52.99	51.05	52.87	60.37	45.79	54.29	58.8	59.3	59.3	54.35	54.35	54.35	54.35	54.35	54.35	54.35	54.35	52.05	55.81	53.75	53.75	53.75	53.75	53.75	52.42	59.43	51.74	49.11	49.11	49.11	53.89	54.68	54.68	54.52	54.52	52.05	52.05	50.29	52.57	52.57	51.98	51.98	51.98	50.22	50.22	50.22	50.22	50.22	50.22	50.22	49.87	49.87	49.87	52.05	48.65	53.37	55.01	57	57	48.94	48.94	53.27	53.27	52.8	48.36	48.99	48.09	48.49	53.55	50.89	48.69	48.69	48.69	53.54	51.16	51.61	59.17	59.17	58.44	58.58	49.91	52.5	52.5	52.5	62.69	63.97	60.28	62.28	58.29	59.22	61.33	60.36	60.36	58.79	56.79	60.02	60.02	62.8	58.43	56.17	60.9	58.55	62.55	57.26	60.49	63.4	62.99	64.32	63.57	58.6	56.49	59.87	59.21	58.26	57.82	58.48	57.12	56.26	61.54	59.4	60.41	63.19	62.57	65.44	63.57	62.19
zone6_00092	6	2026/04/28 18:49	5	0.1	51.84	51.84	51.84	51.84	51.84	46.06	45.34	45.34	45.34	54.15	46.36	46.36	45.11	45.11	45.11	45.11	45.11	43.19	43.19	50.09	50.09	52.91	52.91	51.18	44.57	51.48	53.63	53.63	47.88	47.88	47.88	47.88	56.17	54.63	54.41	57.27	53.56	55.12	53.49	51.31	49.06	49.06	48.87	51.87	47.81	53.55	52.11	55.11	54.1	54.1	48.56	51.94	51.94	55.05	55.05	55.05	55.05	55.05	55.05	55.05	55.05	55.05	55.05	55.05	55.53	55.53	55.53	55.28	54	52.99	51.05	52.87	60.37	45.79	54.29	58.8	59.3	59.3	54.35	54.35	54.35	54.35	54.35	54.35	54.35	54.35	52.05	55.81	53.75	53.75	53.75	53.75	53.75	52.42	59.43	58.86	57.81	57.11	57.11	57.11	54.68	54.68	54.52	54.52	52.05	52.05	50.29	52.57	52.57	51.98	51.98	51.98	50.22	50.22	50.22	50.22	50.22	50.22	50.22	49.87	49.87	49.87	52.05	48.65	53.37	55.01	57	57	48.94	48.94	53.27	53.27	52.8	48.36	48.99	48.09	48.49	53.55	50.89	48.69	48.69	48.69	53.54	51.16	51.61	52.61	50.5	53.57	54.32	54.32	52.5	52.5	52.5	62.69	63.97	60.28	62.28	58.29	59.22	61.33	60.36	60.36	58.79	56.79	60.02	60.02	62.8	58.43	56.17	60.9	58.55	62.55	57.26	60.49	63.4	62.99	64.32	63.57	58.6	56.49	59.87	59.21	58.26	57.82	58.48	57.12	56.26	61.54	59.4	60.41	63.19	62.57	65.44	63.57	62.19	63.44	62.5	65.22	65.93	65.26
zone6_00093	6	2026/04/28 18:49	5	0.1	46.06	45.34	45.34	45.34	54.15	46.36	46.36	45.11	45.11	45.11	45.11	45.11	43.19	43.19	50.09	50.09	52.91	52.91	51.18	44.57	51.48	53.63	53.63	47.88	47.88	47.88	47.88	56.17	54.63	54.41	57.27	53.56	55.12	53.49	51.31	49.06	49.06	48.87	51.87	47.81	53.55	52.11	55.11	54.1	54.1	53.14	55.12	54.65	51.84	54.14	55.05	55.05	55.05	55.05	55.05	55.05	55.05	55.05	55.05	55.53	55.53	55.53	55.28	54	52.99	51.05	52.87	60.37	45.79	54.29	58.8	59.3	59.3	54.35	54.35	54.35	54.35	54.35	54.35	54.35	54.35	52.05	55.81	53.75	53.75	53.75	53.75	53.75	52.42	59.43	58.86	57.81	57.11	57.11	57.11	57.11	57.11	59.81	59.81	59.81	52.05	50.29	52.57	52.57	51.98	51.98	51.98	50.22	50.22	50.22	50.22	50.22	50.22	50.22	49.87	49.87	49.87	52.05	48.65	53.37	55.01	57	57	48.94	48.94	53.27	53.27	52.8	48.36	48.99	48.09	48.49	53.55	50.89	48.69	48.69	48.69	53.54	51.16	51.61	52.61	50.5	53.57	54.32	54.32	54.06	54.28	53.9	50.68	48.65	60.28	62.28	58.29	59.22	61.33	60.36	60.36	58.79	56.79	60.02	60.02	62.8	58.43	56.17	60.9	58.55	62.55	57.26	60.49	63.4	62.99	64.32	63.57	58.6	56.49	59.87	59.21	58.26	57.82	58.48	57.12	56.26	61.54	59.4	60.41	63.19	62.57	65.44	63.57	62.19	63.44	62.5	65.22	65.93	65.26	65.83	66.23	64	61.95	58.35
zone6_00094	6	2026/04/28 18:49	5	0.1	46.36	46.36	45.11	45.11	45.11	45.11	45.11	43.19	43.19	50.09	50.09	52.91	52.91	51.18	44.57	51.48	53.63	53.63	47.88	47.88	47.88	47.88	56.17	54.63	54.41	57.27	53.56	55.12	53.49	51.31	49.06	49.06	48.87	51.87	47.81	53.55	52.11	55.11	54.1	54.1	53.14	55.12	54.65	51.84	54.14	55.59	55.51	55.64	50.23	50.23	55.05	55.05	55.05	55.05	55.53	55.53	55.53	55.28	54	52.99	51.05	52.87	60.37	45.79	54.29	58.8	59.3	59.3	54.35	54.35	54.35	54.35	54.35	54.35	54.35	54.35	52.05	55.81	53.75	53.75	53.75	53.75	53.75	52.42	59.43	58.86	57.81	57.11	57.11	57.11	57.11	57.11	59.81	59.81	59.81	59.32	59.32	59.32	58.89	58.89	51.98	51.98	50.22	50.22	50.22	50.22	50.22	50.22	50.22	49.87	49.87	49.87	52.05	48.65	53.37	55.01	57	57	48.94	48.94	53.27	53.27	52.8	48.36	48.99	48.09	48.49	53.55	50.89	48.69	48.69	48.69	53.54	51.16	51.61	52.61	50.5	53.57	54.32	54.32	54.06	54.28	53.9	50.68	48.65	49.24	49.6	52.71	49.54	47.4	60.36	60.36	58.79	56.79	60.02	60.02	62.8	58.43	56.17	60.9	58.55	62.55	57.26	60.49	63.4	62.99	64.32	63.57	58.6	56.49	59.87	59.21	58.26	57.82	58.48	57.12	56.26	61.54	59.4	60.41	63.19	62.57	65.44	63.57	62.19	63.44	62.5	65.22	65.93	65.26	65.83	66.23	64	61.95	58.35	58.73	56.56	59.97	56.43	55.91
zone6_00095	6	2026/04/28 18:49	5	0.1	45.11	45.11	43.19	43.19	50.09	50.09	52.91	52.91	51.18	44.57	51.48	53.63	53.63	47.88	47.88	47.88	47.88	56.17	54.63	54.41	57.27	53.56	55.12	53.49	51.31	49.06	49.06	48.87	51.87	47.81	53.55	52.11	55.11	54.1	54.1	53.14	55.12	54.65	51.84	54.14	55.59	55.51	55.64	50.23	50.23	50.16	49.86	49.02	51.73	48.63	55.53	55.53	55.28	54	52.99	51.05	52.87	60.37	45.79	54.29	58.8	59.3	59.3	54.35	54.35	54.35	54.35	54.35	54.35	54.35	54.35	52.05	55.81	53.75	53.75	53.75	53.75	53.75	52.42	59.43	58.86	57.81	57.11	57.11	57.11	57.11	57.11	59.81	59.81	59.81	59.32	59.32	59.32	58.89	58.89	58.89	58.89	58.89	54.06	54.06	50.22	50.22	50.22	50.22	49.87	49.87	49.87	52.05	48.65	53.37	55.01	57	57	48.94	48.94	53.27	53.27	52.8	48.36	48.99	48.09	48.49	53.55	50.89	48.69	48.69	48.69	53.54	51.16	51.61	52.61	50.5	53.57	54.32	54.32	54.06	54.28	53.9	50.68	48.65	49.24	49.6	52.71	49.54	47.4	53.87	54.41	53.46	55.19	55.61	60.02	62.8	58.43	56.17	60.9	58.55	62.55	57.26	60.49	63.4	62.99	64.32	63.57	58.6	56.49	59.87	59.21	58.26	57.82	58.48	57.12	56.26	61.54	59.4	60.41	63.19	62.57	65.44	63.57	62.19	63.44	62.5	65.22	65.93	65.26	65.83	66.23	64	61.95	58.35	58.73	56.56	59.97	56.43	55.91	63.56	63.83	61.9	63.17	62.98
zone6_00096	6	2026/04/28 18:49	5	0.1	50.09	52.91	52.91	51.18	44.57	51.48	53.63	53.63	47.88	47.88	47.88	47.88	56.17	54.63	54.41	57.27	53.56	55.12	53.49	51.31	49.06	49.06	48.87	51.87	47.81	53.55	52.11	55.11	54.1	54.1	53.14	55.12	54.65	51.84	54.14	55.59	55.51	55.64	50.23	50.23	50.16	49.86	49.02	51.73	48.63	49.89	55.66	55.81	54.92	55.12	51.05	52.87	60.37	45.79	54.29	58.8	59.3	59.3	54.35	54.35	54.35	54.35	54.35	54.35	54.35	54.35	52.05	55.81	53.75	53.75	53.75	53.75	53.75	52.42	59.43	58.86	57.81	57.11	57.11	57.11	57.11	57.11	59.81	59.81	59.81	59.32	59.32	59.32	58.89	58.89	58.89	58.89	58.89	54.06	54.06	54.06	54.26	54.26	54.26	54.28	49.87	49.87	52.05	48.65	53.37	55.01	57	57	48.94	48.94	53.27	53.27	52.8	48.36	48.99	48.09	48.49	53.55	50.89	48.69	48.69	48.69	53.54	51.16	51.61	52.61	50.5	53.57	54.32	54.32	54.06	54.28	53.9	50.68	48.65	49.24	49.6	52.71	49.54	47.4	53.87	54.41	53.46	55.19	55.61	55.36	57.01	51.64	56.87	54.94	58.55	62.55	57.26	60.49	63.4	62.99	64.32	63.57	58.6	56.49	59.87	59.21	58.26	57.82	58.48	57.12	56.26	61.54	59.4	60.41	63.19	62.57	65.44	63.57	62.19	63.44	62.5	65.22	65.93	65.26	65.83	66.23	64	61.95	58.35	58.73	56.56	59.97	56.43	55.91	63.56	63.83	61.9	63.17	62.98	64.24	61.43	57.52	62.06	62.21
zone6_00097	6	2026/04/28 18:49	5	0.1	51.48	53.63	53.63	47.88	47.88	47.88	47.88	56.17	54.63	54.41	57.27	53.56	55.12	53.49	51.31	49.06	49.06	48.87	51.87	47.81	53.55	52.11	55.11	54.1	54.1	53.14	55.12	54.65	51.84	54.14	55.59	55.51	55.64	50.23	50.23	50.16	49.86	49.02	51.73	48.63	49.89	55.66	55.81	54.92	55.12	55.12	55.96	54.8	56.06	56.95	58.8	59.3	59.3	54.35	54.35	54.35	54.35	54.35	54.35	54.35	54.35	52.05	55.81	53.75	53.75	53.75	53.75	53.75	52.42	59.43	58.86	57.81	57.11	57.11	57.11	57.11	57.11	59.81	59.81	59.81	59.32	59.32	59.32	58.89	58.89	58.89	58.89	58.89	54.06	54.06	54.06	54.26	54.26	54.26	54.28	54.28	54.28	54.28	54.28	54.28	55.01	57	57	48.94	48.94	53.27	53.27	52.8	48.36	48.99	48.09	48.49	53.55	50.89	48.69	48.69	48.69	53.54	51.16	51.61	52.61	50.5	53.57	54.32	54.32	54.06	54.28	53.9	50.68	48.65	49.24	49.6	52.71	49.54	47.4	53.87	54.41	53.46	55.19	55.61	55.36	57.01	51.64	56.87	54.94	55.99	54.73	56.02	56.1	52.2	62.99	64.32	63.57	58.6	56.49	59.87	59.21	58.26	57.82	58.48	57.12	56.26	61.54	59.4	60.41	63.19	62.57	65.44	63.57	62.19	63.44	62.5	65.22	65.93	65.26	65.83	66.23	64	61.95	58.35	58.73	56.56	59.97	56.43	55.91	63.56	63.83	61.9	63.17	62.98	64.24	61.43	57.52	62.06	62.21	61.64	62.2	62.61	62.48	58.82
zone6_00098	6	2026/04/28 18:49	5	0.1	47.88	47.88	56.17	54.63	54.41	57.27	53.56	55.12	53.49	51.31	49.06	49.06	48.87	51.87	47.81	53.55	52.11	55.11	54.1	54.1	53.14	55.12	54.65	51.84	54.14	55.59	55.51	55.64	50.23	50.23	50.16	49.86	49.02	51.73	48.63	49.89	55.66	55.81	54.92	55.12	55.12	55.96	54.8	56.06	56.95	55.51	54.42	53.49	54.26	49.7	54.35	54.35	54.35	54.35	54.35	54.35	52.05	55.81	53.75	53.75	53.75	53.75	53.75	52.42	59.43	58.86	57.81	57.11	57.11	57.11	57.11	57.11	59.81	59.81	59.81	59.32	59.32	59.32	58.89	58.89	58.89	58.89	58.89	54.06	54.06	54.06	54.26	54.26	54.26	54.28	54.28	54.28	54.28	54.28	54.28	54.28	54.28	54.28	54.28	54.28	53.27	53.27	52.8	48.36	48.99	48.09	48.49	53.55	50.89	48.69	48.69	48.69	53.54	51.16	51.61	52.61	50.5	53.57	54.32	54.32	54.06	54.28	53.9	50.68	48.65	49.24	49.6	52.71	49.54	47.4	53.87	54.41	53.46	55.19	55.61	55.36	57.01	51.64	56.87	54.94	55.99	54.73	56.02	56.1	52.2	50.37	50.07	52.24	56.28	53.02	59.87	59.21	58.26	57.82	58.48	57.12	56.26	61.54	59.4	60.41	63.19	62.57	65.44	63.57	62.19	63.44	62.5	65.22	65.93	65.26	65.83	66.23	64	61.95	58.35	58.73	56.56	59.97	56.43	55.91	63.56	63.83	61.9	63.17	62.98	64.24	61.43	57.52	62.06	62.21	61.64	62.2	62.61	62.48	58.82	56.78	57.51	56.6	61.27	61.55
zone6_00099	6	2026/04/28 18:49	5	0.1	57.27	53.56	55.12	53.49	51.31	49.06	49.06	48.87	51.87	47.81	53.55	52.11	55.11	54.1	54.1	53.14	55.12	54.65	51.84	54.14	55.59	55.51	55.64	50.23	50.23	50.16	49.86	49.02	51.73	48.63	49.89	55.66	55.81	54.92	55.12	55.12	55.96	54.8	56.06	56.95	55.51	54.42	53.49	54.26	49.7	52.14	50.71	50.7	50.7	50.7	54.35	52.05	55.81	53.75	53.75	53.75	53.75	53.75	52.42	59.43	58.86	57.81	57.11	57.11	57.11	57.11	57.11	59.81	59.81	59.81	59.32	59.32	59.32	58.89	58.89	58.89	58.89	58.89	54.06	54.06	54.06	54.26	54.26	54.26	54.28	54.28	54.28	54.28	54.28	54.28	54.28	54.28	54.28	54.28	54.28	54.28	54.28	57.91	57.91	57.91	48.09	48.49	53.55	50.89	48.69	48.69	48.69	53.54	51.16	51.61	52.61	50.5	53.57	54.32	54.32	54.06	54.28	53.9	50.68	48.65	49.24	49.6	52.71	49.54	47.4	53.87	54.41	53.46	55.19	55.61	55.36	57.01	51.64	56.87	54.94	55.99	54.73	56.02	56.1	52.2	50.37	50.07	52.24	56.28	53.02	50.01	49.71	47.77	47.77	47.77	57.12	56.26	61.54	59.4	60.41	63.19	62.57	65.44	63.57	62.19	63.44	62.5	65.22	65.93	65.26	65.83	66.23	64	61.95	58.35	58.73	56.56	59.97	56.43	55.91	63.56	63.83	61.9	63.17	62.98	64.24	61.43	57.52	62.06	62.21	61.64	62.2	62.61	62.48	58.82	56.78	57.51	56.6	61.27	61.55	58.23	53.04	57.4	61.05	61.01
zone6_00100	6	2026/04/28 18:49	5	0.1	49.06	49.06	48.87	51.87	47.81	53.55	52.11	55.11	54.1	54.1	53.14	55.12	54.65	51.84	54.14	55.59	55.51	55.64	50.23	50.23	50.16	49.86	49.02	51.73	48.63	49.89	55.66	55.81	54.92	55.12	55.12	55.96	54.8	56.06	56.95	55.51	54.42	53.49	54.26	49.7	52.14	50.71	50.7	50.7	50.7	50.7	50.7	50.7	50.7	50.86	53.75	53.75	53.75	52.42	59.43	58.86	57.81	57.11	57.11	57.11	57.11	57.11	59.81	59.81	59.81	59.32	59.32	59.32	58.89	58.89	58.89	58.89	58.89	54.06	54.06	54.06	54.26	54.26	54.26	54.28	54.28	54.28	54.28	54.28	54.28	54.28	54.28	54.28	54.28	54.28	54.28	54.28	57.91	57.91	57.91	57.91	57.91	57.91	57.91	59.73	48.69	48.69	53.54	51.16	51.61	52.61	50.5	53.57	54.32	54.32	54.06	54.28	53.9	50.68	48.65	49.24	49.6	52.71	49.54	47.4	53.87	54.41	53.46	55.19	55.61	55.36	57.01	51.64	56.87	54.94	55.99	54.73	56.02	56.1	52.2	50.37	50.07	52.24	56.28	53.02	50.01	49.71	47.77	47.77	47.77	47.77	47.77	48.7	49.19	49.19	63.19	62.57	65.44	63.57	62.19	63.44	62.5	65.22	65.93	65.26	65.83	66.23	64	61.95	58.35	58.73	56.56	59.97	56.43	55.91	63.56	63.83	61.9	63.17	62.98	64.24	61.43	57.52	62.06	62.21	61.64	62.2	62.61	62.48	58.82	56.78	57.51	56.6	61.27	61.55	58.23	53.04	57.4	61.05	61.01	62.59	59.83	60.1	60.52	61.11
